post_id,subreddit,title,body_excerpt,score,num_comments,created_utc,url,intent_category,urgency_tier,notes,original_first_contact_text,cleaned_text,predicted_label,confidence_score,above_threshold,label_source
ewuymf,FirstTimeHomeBuyer,Put offer on house and now its listed as open house,So I'd like some opinions here bc I'm nervous. My husband and I put an offer to match asking price of a house. Not even a few hours later the house is listed for open house for 2 hours tomorrow. I wrote a letter to the homeowners too. It's the first nice house I've seen in a very long time. 2 bedroom 1 bathroom and a toilet in the basement. Can someone tell me I have a good chance or have any other suggestions? I was hoping they'd call off the open house since our offer matched their asking pric,6,8,2020-01-31,https://reddit.com/r/FirstTimeHomeBuyer/comments/ewuymf/put_offer_on_house_and_now_its_listed_as_open/,,,,Put offer on house and now its listed as open house So I'd like some opinions here bc I'm nervous. My husband and I put an offer to match asking price of a house. Not even a few hours later the house is listed for open house for 2 hours tomorrow.,put offer on house and now its listed as open house so id like some opinions here bc im nervous. my husband and i put an offer to match asking price of a house. not even a few hours later the house is listed for open house for 2 hours tomorrow.,Buying Process,0.7639991,True,distilbert_stage1
ew8699,FirstTimeHomeBuyer,Cash Reserves,"Do all lenders require cash reserves to be approved? First time buyers here...our lender says they don’t require any. However, we checked with a credit union and they require us to have at least 6 months of mortgage in our savings after down payment and closing costs. Any feedback is much appreciated",13,13,2020-01-30,https://reddit.com/r/FirstTimeHomeBuyer/comments/ew8699/cash_reserves/,,,,"Cash Reserves Do all lenders require cash reserves to be approved? First time buyers here...our lender says they don’t require any. However, we checked with a credit union and they require us to have at least 6 months of mortgage in our savings after down payment and closing costs.",cash reserves do all lenders require cash reserves to be approved? first time buyers here...our lender says they dont require any. however we checked with a credit union and they require us to have at least 6 months of mortgage in our savings after down payment and closing costs.,Down payment options,0.83457685,True,distilbert_stage1
ew7gfm,FirstTimeHomeBuyer,Can I still Back out? (time sensitive),"So I started my home search here in New Jersey in November knowing my lease was going to be up at my current apartment in February, everything was going smooth had an offer accepted in December 285K for a 3 Bedroom Single Family House. Got Inspections done Home Inspection/Radon/Septic results come back good on everything the septic though says Passed with concerns the concern being that it's rated for two bedroom not three, I know it's just going to be me and my GF in the house so I was not con",6,32,2020-01-30,https://reddit.com/r/FirstTimeHomeBuyer/comments/ew7gfm/can_i_still_back_out_time_sensitive/,,,,"Can I still Back out? (time sensitive) So I started my home search here in New Jersey in November knowing my lease was going to be up at my current apartment in February, everything was going smooth had an offer accepted in December 285K for a 3 Bedroom Single Family House. Got Inspections done Home Inspection/Radon/Septic results come back good on everything the septic though says Passed with concerns the concern being that it's rated for two bedroom not three, I know it's just going to be me and my GF in the house so I was not concerned by this, neither was my realtor nor my mortgage company at the time. moving forward I got a got a call from a competitor to my current mortgage company that offered a much better rate 3.5% instead of 4.125% and 4k less at closing and a little deliberation I decided it didn't make financial sense not to go with them since the other company couldn't match.",can i still back out? time sensitive so i started my home search here in new jersey in november knowing my lease was going to be up at my current apartment in february everything was going smooth had an offer accepted in december 285k for a 3 bedroom single family house. got inspections done home inspectionradonseptic results come back good on everything the septic though says passed with concerns the concern being that its rated for two bedroom not three i know its just going to be me and my gf in the house so i was not concerned by this neither was my realtor nor my mortgage company at the time. moving forward i got a got a call from a competitor to my current mortgage company that offered a much better rate 3.5 instead of 4.125 and 4k less at closing and a little deliberation i decided it didnt make financial sense not to go with them since the other company couldnt match.,Home Inspections,0.8531848,True,distilbert_stage1
ev8t8n,FirstTimeHomeBuyer,"Things moving quickly, officially under contract!","Just a couple weeks ago I received my first preapproval for a home loan, went out touring some homes with our realtor last Friday, fell in love with a home, and got word our offer was accepted yesterday! We agreed on 8k less than asking with the seller providing 5k in concessions for closing. This was the result of going back and forth with counter offers for a couple days. Seems like everything is moving so fast but so far things are just falling into place. Next step if for the inspection",26,4,2020-01-28,https://reddit.com/r/FirstTimeHomeBuyer/comments/ev8t8n/things_moving_quickly_officially_under_contract/,,,,"Things moving quickly, officially under contract! Just a couple weeks ago I received my first preapproval for a home loan, went out touring some homes with our realtor last Friday, fell in love with a home, and got word our offer was accepted yesterday! We agreed on 8k less than asking with the seller providing 5k in concessions for closing. This was the result of going back and forth with counter offers for a couple days.",things moving quickly officially under contract! just a couple weeks ago i received my first preapproval for a home loan went out touring some homes with our realtor last friday fell in love with a home and got word our offer was accepted yesterday! we agreed on 8k less than asking with the seller providing 5k in concessions for closing. this was the result of going back and forth with counter offers for a couple days.,Loan pre-approval,0.94827783,True,distilbert_stage1
ev845e,FirstTimeHomeBuyer,Can I change my offer if the inspection shows additional problems? + need advice.,"I live in a cheap market and came across a home listed for 85k that’s been listed for 8months. Older home with a few noticeable problems that will need addressed soon i.e 20yr old roof, inadequate insulation, normal updating, and the detached garage needs attention. Home being sold as is with no repairs by the seller. I was considering putting in a low ball offer since it’s been listed for so long. However, what if the inspection shows a ton of other problems? Can I reassess my initial offer and",1,2,2020-01-28,https://reddit.com/r/FirstTimeHomeBuyer/comments/ev845e/can_i_change_my_offer_if_the_inspection_shows/,,,,"Can I change my offer if the inspection shows additional problems? + need advice. I live in a cheap market and came across a home listed for 85k that’s been listed for 8months. Older home with a few noticeable problems that will need addressed soon i.e 20yr old roof, inadequate insulation, normal updating, and the detached garage needs attention. Home being sold as is with no repairs by the seller.",can i change my offer if the inspection shows additional problems? need advice. i live in a cheap market and came across a home listed for 85k thats been listed for 8months. older home with a few noticeable problems that will need addressed soon i.e 20yr old roof inadequate insulation normal updating and the detached garage needs attention. home being sold as is with no repairs by the seller.,Home Inspections,0.8389566,True,distilbert_stage1
eutoja,FirstTimeHomeBuyer,Anyone else get sticker shock from home insurance quote?,"Our offer was accepted on a 1978 home for 235K in a suburb of St. Louis, MO!! We reached out to State Farm to receive a quote and they came back at us with a yearly 2,162 - 180/month when our mortgage lender estimated it’s be 100/ month. I about spat out my lunch. This is higher than my parents (home value way above ours) and even my friend who recently purchased at the same price. We are shopping around for quotes now, but I feel this is just a ridiculous quote. It is about 1K over our states",4,11,2020-01-27,https://reddit.com/r/FirstTimeHomeBuyer/comments/eutoja/anyone_else_get_sticker_shock_from_home_insurance/,,,,"Anyone else get sticker shock from home insurance quote? Our offer was accepted on a 1978 home for 235K in a suburb of St. Louis, MO!! We reached out to State Farm to receive a quote and they came back at us with a yearly 2,162 - 180/month when our mortgage lender estimated it’s be 100/ month.",anyone else get sticker shock from home insurance quote? our offer was accepted on a 1978 home for 235k in a suburb of st. louis mo!! we reached out to state farm to receive a quote and they came back at us with a yearly 2162 180month when our mortgage lender estimated its be 100 month.,Home insurance,0.83989805,True,distilbert_stage1
etflta,FirstTimeHomeBuyer,Got my credit report. The broker suggested we hold on the actual pre-approval.,"My credit report looks good. The lender said it’ll be easy to bump up my score the 2 points I need to hit 700. The issue is (as I suspected) my income. He estimated a $120k budget, which is not enough. I was expecting a raise, but I’m not sure when/if that’s happening. I know I shouldn’t be in a rush, but I’m so discouraged. Things are busy at work, and I don’t want to bring it up to my boss just because I want to buy a house. I can’t get another job because my career now requires me to be fle",12,12,2020-01-24,https://reddit.com/r/FirstTimeHomeBuyer/comments/etflta/got_my_credit_report_the_broker_suggested_we_hold/,,,,Got my credit report. The broker suggested we hold on the actual pre-approval. My credit report looks good. The lender said it’ll be easy to bump up my score the 2 points I need to hit 700. The issue is (as I suspected) my income.,got my credit report. the broker suggested we hold on the actual preapproval. my credit report looks good. the lender said itll be easy to bump up my score the 2 points i need to hit 700. the issue is as i suspected my income.,Loan pre-approval,0.78616667,True,distilbert_stage1
esy7mp,FirstTimeHomeBuyer,Home Inspection Tomorrow,I’m a first time homebuyer and our home inspection is tomorrow morning. I’m wondering what we should expect? How long is it normally? Any tips? Also any other tips for someone who is purchasing their first home. TYIA,9,6,2020-01-23,https://reddit.com/r/FirstTimeHomeBuyer/comments/esy7mp/home_inspection_tomorrow/,,,,Home Inspection Tomorrow I’m a first time homebuyer and our home inspection is tomorrow morning. I’m wondering what we should expect? How long is it normally?,home inspection tomorrow im a first time homebuyer and our home inspection is tomorrow morning. im wondering what we should expect? how long is it normally?,Home Inspections,0.9432593,True,distilbert_stage1
es848d,FirstTimeHomeBuyer,Just finished my inspection!,"Everything thing seemed to go well. No major problems with HVAC, roofing, electrical, structural, termites etc. They did have quite a bit of other small things though. Should I be worried about any of this? Y’all have helped me make it this far! Just one last push of advice and I’m home free! Thank y’all!",6,7,2020-01-22,https://reddit.com/r/FirstTimeHomeBuyer/comments/es848d/just_finished_my_inspection/,,,,"Just finished my inspection! Everything thing seemed to go well. No major problems with HVAC, roofing, electrical, structural, termites etc. They did have quite a bit of other small things though.",just finished my inspection! everything thing seemed to go well. no major problems with hvac roofing electrical structural termites etc. they did have quite a bit of other small things though.,Home Inspections,0.75359607,True,distilbert_stage1
es1kyy,FirstTimeHomeBuyer,Spent the last year fixing our credit in order to buy a new house. We are finally at the point where we are looking for a pre-approval.,,9,2,2020-01-21,https://reddit.com/r/FirstTimeHomeBuyer/comments/es1kyy/spent_the_last_year_fixing_our_credit_in_order_to/,,,,Spent the last year fixing our credit in order to buy a new house. We are finally at the point where we are looking for a pre-approval.,spent the last year fixing our credit in order to buy a new house. we are finally at the point where we are looking for a preapproval.,Loan pre-approval,0.9299648,True,distilbert_stage1
fb2mpa,FirstTimeHomeBuyer,Getting help with down payment from parents,"We are in the middle of purchasing our first home for $325,000. My parents just sold their old house and very generously have offered to give us $150,000 to use as a down payment on our home. Are there any tax consequences with getting such a large amount as a gift? And if so, are there any workarounds to avoid getting screwed with taxes?",1,3,2020-02-28,https://reddit.com/r/FirstTimeHomeBuyer/comments/fb2mpa/getting_help_with_down_payment_from_parents/,,,,"Getting help with down payment from parents We are in the middle of purchasing our first home for $325,000. My parents just sold their old house and very generously have offered to give us $150,000 to use as a down payment on our home. Are there any tax consequences with getting such a large amount as a gift?",getting help with down payment from parents we are in the middle of purchasing our first home for 325000. my parents just sold their old house and very generously have offered to give us 150000 to use as a down payment on our home. are there any tax consequences with getting such a large amount as a gift?,Down payment options,0.8302439,True,distilbert_stage1
fb25dx,FirstTimeHomeBuyer,After a year of fixing our credit and getting our student loans in order and consolidated we were just sent a pre-approval letter.,,3,0,2020-02-28,https://reddit.com/r/FirstTimeHomeBuyer/comments/fb25dx/after_a_year_of_fixing_our_credit_and_getting_our/,,,,After a year of fixing our credit and getting our student loans in order and consolidated we were just sent a pre-approval letter.,after a year of fixing our credit and getting our student loans in order and consolidated we were just sent a preapproval letter.,Loan pre-approval,0.967888,True,distilbert_stage1
faufvb,FirstTimeHomeBuyer,Experience with different first time home buyers loan,"My husband and I recently went in for our pre-approval but we were denied for the rural development one the loan officer chose for us. Do people have suggestions for other mortgage types for first time home buyers that are perhaps looser then the rural development? We thought we were going to be pre-approved and so it was a slight shock, but if wasn't clear if that denial was for everything or for just that specific one. Any suggestions?",6,2,2020-02-28,https://reddit.com/r/FirstTimeHomeBuyer/comments/faufvb/experience_with_different_first_time_home_buyers/,,,,"Experience with different first time home buyers loan My husband and I recently went in for our pre-approval but we were denied for the rural development one the loan officer chose for us. Do people have suggestions for other mortgage types for first time home buyers that are perhaps looser then the rural development? We thought we were going to be pre-approved and so it was a slight shock, but if wasn't clear if that denial was for everything or for just that specific one.",experience with different first time home buyers loan my husband and i recently went in for our preapproval but we were denied for the rural development one the loan officer chose for us. do people have suggestions for other mortgage types for first time home buyers that are perhaps looser then the rural development? we thought we were going to be preapproved and so it was a slight shock but if wasnt clear if that denial was for everything or for just that specific one.,Loan pre-approval,0.9717534,True,distilbert_stage1
fa63ra,FirstTimeHomeBuyer,Had my offer accepted today....,"The third offer I sent in, the first to be accepted in this crazy seller's market. Some back and forth, and no other bids on this house, and I'm settling 5 k under asking. It's not a perfect house. It doesn't have much curb appeal, the kitchen is huge but doesn't really have cupboards and needs a new floor/cupboards, the bathroom also needs to be updated. There's no dishwasher, no dryer (though there is a plug) and the washer is likely broken. The washer, fridge and stove are ""As is"". There's",50,17,2020-02-27,https://reddit.com/r/FirstTimeHomeBuyer/comments/fa63ra/had_my_offer_accepted_today/,,,,"Had my offer accepted today.... The third offer I sent in, the first to be accepted in this crazy seller's market. Some back and forth, and no other bids on this house, and I'm settling 5 k under asking. It's not a perfect house.",had my offer accepted today.... the third offer i sent in the first to be accepted in this crazy sellers market. some back and forth and no other bids on this house and im settling 5 k under asking. its not a perfect house.,Buying Process,0.7677524,True,distilbert_stage1
f8ufft,FirstTimeHomeBuyer,Repaying First Time Home Buyer 2008 Credit - Gets deducted TWICE from Tax Refund?,"This is the 2nd year in a row where I paid $250 toward my First Time Home Buyer credit I got back in 2008. Unfortunately I am one of the unlucky shmucks that has to pay this back and then in 2009 it changed to not have to be paid back. I've been paying $250 every year toward this when filing taxes. Last year I got a notice that my refund was corrected and will be $250 less due to a mistake with the FTHB credit payment. Then I noticed this year, the same exact thing happened. I reviewed my forms",3,0,2020-02-24,https://reddit.com/r/FirstTimeHomeBuyer/comments/f8ufft/repaying_first_time_home_buyer_2008_credit_gets/,,,,Repaying First Time Home Buyer 2008 Credit - Gets deducted TWICE from Tax Refund? This is the 2nd year in a row where I paid $250 toward my First Time Home Buyer credit I got back in 2008. Unfortunately I am one of the unlucky shmucks that has to pay this back and then in 2009 it changed to not have to be paid back. I've been paying $250 every year toward this when filing taxes.,repaying first time home buyer 2008 credit gets deducted twice from tax refund? this is the 2nd year in a row where i paid 250 toward my first time home buyer credit i got back in 2008. unfortunately i am one of the unlucky shmucks that has to pay this back and then in 2009 it changed to not have to be paid back. ive been paying 250 every year toward this when filing taxes.,Real estate tax deductions,0.8385871,True,distilbert_stage1
f8folo,FirstTimeHomeBuyer,Closing costs,"I've been quoted two very different closing cost estimates. The house is 150,000 I'd be putting down 3.5 with an FHA loan property taxes $2670 per year, homeowners around me is generally $875 a year Quicken (rocket) quotes $14,000 out of pocket A local lender quotes $9900 Anyone have more knowledge on this?",4,5,2020-02-23,https://reddit.com/r/FirstTimeHomeBuyer/comments/f8folo/closing_costs/,,,,"Closing costs I've been quoted two very different closing cost estimates. The house is 150,000 I'd be putting down 3.5 with an FHA loan property taxes $2670 per year, homeowners around me is generally $875 a year Quicken (rocket) quotes $14,000 out of pocket A local lender quotes $9900 Anyone have more knowledge on this?",closing costs ive been quoted two very different closing cost estimates. the house is 150000 id be putting down 3.5 with an fha loan property taxes 2670 per year homeowners around me is generally 875 a year quicken rocket quotes 14000 out of pocket a local lender quotes 9900 anyone have more knowledge on this?,Closing costs,0.9423469,True,distilbert_stage1
f7w441,FirstTimeHomeBuyer,What’s the second best strategy under being able to pay 20% of a down payment?,Essentially title. My wife and I both have great credit. Just not enough cash money to afford a 20% down payment. What are some other strategies that are almost as good that can work out in regards to paying a lower than 20% down?,2,13,2020-02-22,https://reddit.com/r/FirstTimeHomeBuyer/comments/f7w441/whats_the_second_best_strategy_under_being_able/,,,,What’s the second best strategy under being able to pay 20% of a down payment? Essentially title. My wife and I both have great credit. Just not enough cash money to afford a 20% down payment.,whats the second best strategy under being able to pay 20 of a down payment? essentially title. my wife and i both have great credit. just not enough cash money to afford a 20 down payment.,Down payment options,0.7341473,True,distilbert_stage1
f6rt23,FirstTimeHomeBuyer,Property tax over assessed on a new construction just bought (TX),I just bought a new construction house about two months ago and noticed that the preliminary assessed value for property taxes (via my county's online property tax record for my address) is alot higher than the purchase price and appraised price. My house was appraised and bought for 229k but it's being assessed at $273k for property tax. No way my house appreciated that much in two months. It looks like the whole community was assessed on 1/30/20 and every house here is over assessed by 40-60k,6,5,2020-02-20,https://reddit.com/r/FirstTimeHomeBuyer/comments/f6rt23/property_tax_over_assessed_on_a_new_construction/,,,,Property tax over assessed on a new construction just bought (TX) I just bought a new construction house about two months ago and noticed that the preliminary assessed value for property taxes (via my county's online property tax record for my address) is alot higher than the purchase price and appraised price. My house was appraised and bought for 229k but it's being assessed at $273k for property tax. No way my house appreciated that much in two months.,property tax over assessed on a new construction just bought tx i just bought a new construction house about two months ago and noticed that the preliminary assessed value for property taxes via my countys online property tax record for my address is alot higher than the purchase price and appraised price. my house was appraised and bought for 229k but its being assessed at 273k for property tax. no way my house appreciated that much in two months.,Property taxes,0.9438753,True,distilbert_stage1
f6nfip,FirstTimeHomeBuyer,How often do home appraisals go under offering price?,"We’re at the final stage, the appraisal. This would be our first home, the seller was asking for $180 but we offered 185 and we pay closing. (Sellers market, house had multiple offers within two hours) the comps seem to be around $178k-$183 so I’m super nervous. Is it rare for appraisals to go under offered price?",8,16,2020-02-20,https://reddit.com/r/FirstTimeHomeBuyer/comments/f6nfip/how_often_do_home_appraisals_go_under_offering/,,,,"How often do home appraisals go under offering price? We’re at the final stage, the appraisal. This would be our first home, the seller was asking for $180 but we offered 185 and we pay closing. (Sellers market, house had multiple offers within two hours) the comps seem to be around $178k-$183 so I’m super nervous.",how often do home appraisals go under offering price? were at the final stage the appraisal. this would be our first home the seller was asking for 180 but we offered 185 and we pay closing. sellers market house had multiple offers within two hours the comps seem to be around 178k183 so im super nervous.,Home appraisals,0.89067954,True,distilbert_stage1
f6jn6i,FirstTimeHomeBuyer,What does closing costs include?,I am under contract for a home that is $130k. My estimated closing costs quoted from the bank are about $5k (I think this includes the appraisal fee and title fee and origination fee and document fee and stuff like that). My brokerage agreement says my agent gets 3% commission which is $3900. Is that included in the closing costs from the bank or is that another fee I am going to have to pay? All I know is that seller is not willing/able to pay “any closing costs.” I should probably just ask t,5,1,2020-02-19,https://reddit.com/r/FirstTimeHomeBuyer/comments/f6jn6i/what_does_closing_costs_include/,,,,What does closing costs include? I am under contract for a home that is $130k. My estimated closing costs quoted from the bank are about $5k (I think this includes the appraisal fee and title fee and origination fee and document fee and stuff like that). My brokerage agreement says my agent gets 3% commission which is $3900.,what does closing costs include? i am under contract for a home that is 130k. my estimated closing costs quoted from the bank are about 5k i think this includes the appraisal fee and title fee and origination fee and document fee and stuff like that. my brokerage agreement says my agent gets 3 commission which is 3900.,Closing costs,0.91942525,True,distilbert_stage1
fsjmun,FirstTimeHomeBuyer,Will my move go ahead? (UK),"A couple of months ago, we put in an offer to buy a house and it was accepted. Rugby and Hinckley Building Society accepted us for a mortgage with a 5% deposit. They are yet to do a valuation due to Coronavirus so not sure when this will be. I’ve heard on the news that many banks are now wanting a 40% deposit to buy a home because the virus is affecting the market. I’m really worried because our mortgage offer was accepted but not fully agreed because they haven’t done their valuation yet. I wil",2,2,2020-03-31,https://reddit.com/r/FirstTimeHomeBuyer/comments/fsjmun/will_my_move_go_ahead_uk/,,,,"Will my move go ahead? (UK) A couple of months ago, we put in an offer to buy a house and it was accepted. Rugby and Hinckley Building Society accepted us for a mortgage with a 5% deposit. They are yet to do a valuation due to Coronavirus so not sure when this will be.",will my move go ahead? uk a couple of months ago we put in an offer to buy a house and it was accepted. rugby and hinckley building society accepted us for a mortgage with a 5 deposit. they are yet to do a valuation due to coronavirus so not sure when this will be.,Relocation Services,0.81098795,True,distilbert_stage1
fs1zk2,FirstTimeHomeBuyer,Is now a good time for my wife and I to start looking for a home?,If so what do we do about getting approved for a mortgage,4,8,2020-03-30,https://reddit.com/r/FirstTimeHomeBuyer/comments/fs1zk2/is_now_a_good_time_for_my_wife_and_i_to_start/,,,,Is now a good time for my wife and I to start looking for a home? If so what do we do about getting approved for a mortgage,is now a good time for my wife and i to start looking for a home? if so what do we do about getting approved for a mortgage,Home Financing,0.72594124,True,distilbert_stage1
fr7a9j,FirstTimeHomeBuyer,When to turn on Utilities?,"I am closing on my first home on friday!! I am planning on being fully moved in my sunday so I'll be moving all day friday and saturday. When should I call to get my utilities on? Is calling monday too early or do I have to wait to be fully in? I'm asking about electric,water, wifi, pest control, possibly cable, and ADT security as well. Is there anything else you can think of I should have turned on ASAP? And help would be appreciated! Also does any one recommend getting professional cleaner",2,7,2020-03-29,https://reddit.com/r/FirstTimeHomeBuyer/comments/fr7a9j/when_to_turn_on_utilities/,,,,When to turn on Utilities? I am closing on my first home on friday!! I am planning on being fully moved in my sunday so I'll be moving all day friday and saturday. When should I call to get my utilities on?,when to turn on utilities? i am closing on my first home on friday!! i am planning on being fully moved in my sunday so ill be moving all day friday and saturday. when should i call to get my utilities on?,Relocation Services,0.80953056,True,distilbert_stage1
fr5czk,FirstTimeHomeBuyer,No access to attic,"Hi everybody, I'm in the process of buying my first house. The inspection went generally well, except that the inspector did not find any access the attic (no visible hatch, whether in the rooms, corridor, or closets). We asked the sellers that we would like to see the attic as part of our updated offer. They refused. While we didn't tell them that we would even be happy to pay for it, their tone was such that they seemed to rule it out entirely. Besides the red flags that this raises, I was",10,17,2020-03-29,https://reddit.com/r/FirstTimeHomeBuyer/comments/fr5czk/no_access_to_attic/,,,,"No access to attic Hi everybody, I'm in the process of buying my first house. The inspection went generally well, except that the inspector did not find any access the attic (no visible hatch, whether in the rooms, corridor, or closets). We asked the sellers that we would like to see the attic as part of our updated offer.",no access to attic hi everybody im in the process of buying my first house. the inspection went generally well except that the inspector did not find any access the attic no visible hatch whether in the rooms corridor or closets. we asked the sellers that we would like to see the attic as part of our updated offer.,Home Inspections,0.83463454,True,distilbert_stage1
fqrs8i,FirstTimeHomeBuyer,Not sure if buying a house now is the right move,,2,8,2020-03-28,https://reddit.com/r/FirstTimeHomeBuyer/comments/fqrs8i/not_sure_if_buying_a_house_now_is_the_right_move/,,,,Not sure if buying a house now is the right move,not sure if buying a house now is the right move,Moving costs and logistics,0.940227,True,distilbert_stage1
fpohrg,FirstTimeHomeBuyer,We were about to submit for preapproval and I got a new job - help!,"My fiancé and I are getting married this October and had planned to start the house hunt this spring. It’s a VERY long story, but I was in a toxic work situation and applied to a position that is a huge step up in all regards with a different company and got it! We were just about to do our preapproval but put that on hold since I was starting a new job. I start Monday. I was at my previous job for 5 years and I have no gaps in employment history for the last 10 years. My fiancé works in",3,5,2020-03-27,https://reddit.com/r/FirstTimeHomeBuyer/comments/fpohrg/we_were_about_to_submit_for_preapproval_and_i_got/,,,,"We were about to submit for preapproval and I got a new job - help! My fiancé and I are getting married this October and had planned to start the house hunt this spring. It’s a VERY long story, but I was in a toxic work situation and applied to a position that is a huge step up in all regards with a different company and got it! We were just about to do our preapproval but put that on hold since I was starting a new job.",we were about to submit for preapproval and i got a new job help! my fianc and i are getting married this october and had planned to start the house hunt this spring. its a very long story but i was in a toxic work situation and applied to a position that is a huge step up in all regards with a different company and got it! we were just about to do our preapproval but put that on hold since i was starting a new job.,Loan pre-approval,0.81159455,True,distilbert_stage1
fpf6mn,FirstTimeHomeBuyer,Locking in low interest rate!?,"Has anyone taken advantage on buying a new house with the low interest rates? I’m in the loan process now but how would I lock in a low rate? Last I saw on the mortgage application about 2 weeks ago, it was at 3.825%.",2,20,2020-03-26,https://reddit.com/r/FirstTimeHomeBuyer/comments/fpf6mn/locking_in_low_interest_rate/,,,,"Locking in low interest rate!? Has anyone taken advantage on buying a new house with the low interest rates? I’m in the loan process now but how would I lock in a low rate? Last I saw on the mortgage application about 2 weeks ago, it was at 3.825%.",locking in low interest rate!? has anyone taken advantage on buying a new house with the low interest rates? im in the loan process now but how would i lock in a low rate? last i saw on the mortgage application about 2 weeks ago it was at 3.825.,Home Financing,0.7208818,True,distilbert_stage1
fp47lu,FirstTimeHomeBuyer,Looking for guidance about VA loans!,"Hi all, this is obviously my first time taking buying a home serious. I am former military and was hoping to use my VA loan but I really do not know much about buying a home or anything of that nature. I am basically looking for some guidance from you all!",3,2,2020-03-26,https://reddit.com/r/FirstTimeHomeBuyer/comments/fp47lu/looking_for_guidance_about_va_loans/,,,,"Looking for guidance about VA loans! Hi all, this is obviously my first time taking buying a home serious. I am former military and was hoping to use my VA loan but I really do not know much about buying a home or anything of that nature. I am basically looking for some guidance from you all!",looking for guidance about va loans! hi all this is obviously my first time taking buying a home serious. i am former military and was hoping to use my va loan but i really do not know much about buying a home or anything of that nature. i am basically looking for some guidance from you all!,Home Financing,0.7945353,True,distilbert_stage1
fou1im,FirstTimeHomeBuyer,Wanting to backout during these uncertain times,"Hello All! I first want to say, this sub has been such a huge help for me as my husband and I have been going through the home buying process for the first time. But unfortunately, with everything going on right now I feel as though our process is going to be cut short. Let me explain our situation a bit, we put in an offer on a house and got accepted during the first week of March when everything still seemed stable. But by the end of the first week, all the shutdowns started happening and",3,16,2020-03-25,https://reddit.com/r/FirstTimeHomeBuyer/comments/fou1im/wanting_to_backout_during_these_uncertain_times/,,,,"Wanting to backout during these uncertain times Hello All! I first want to say, this sub has been such a huge help for me as my husband and I have been going through the home buying process for the first time. But unfortunately, with everything going on right now I feel as though our process is going to be cut short.",wanting to backout during these uncertain times hello all! i first want to say this sub has been such a huge help for me as my husband and i have been going through the home buying process for the first time. but unfortunately with everything going on right now i feel as though our process is going to be cut short.,Buying Process,0.74316835,True,distilbert_stage1
fnc6el,FirstTimeHomeBuyer,"On track to buy my first house, and scared as anything. What would you do?","My thoughts are with those of you who have already faced what I am fearing. I am seeking any thoughts as you kindly consider my situation: I am a buyer under contract for my first home (it's just me), closing date right now is Apr 24. I had the home inspection a week ago, submitted a home inspection addendum to the seller yesterday, and I'm expecting to hear back from the seller tomorrow. I'm a data analyst for a local healthcare organization (4000+). I know some might think, you work in healt",3,15,2020-03-23,https://reddit.com/r/FirstTimeHomeBuyer/comments/fnc6el/on_track_to_buy_my_first_house_and_scared_as/,,,,"On track to buy my first house, and scared as anything. What would you do? My thoughts are with those of you who have already faced what I am fearing. I am seeking any thoughts as you kindly consider my situation: I am a buyer under contract for my first home (it's just me), closing date right now is Apr 24. I had the home inspection a week ago, submitted a home inspection addendum to the seller yesterday, and I'm expecting to hear back from the seller tomorrow.",on track to buy my first house and scared as anything. what would you do? my thoughts are with those of you who have already faced what i am fearing. i am seeking any thoughts as you kindly consider my situation i am a buyer under contract for my first home its just me closing date right now is apr 24. i had the home inspection a week ago submitted a home inspection addendum to the seller yesterday and im expecting to hear back from the seller tomorrow.,Home Inspections,0.893234,True,distilbert_stage1
gawe21,FirstTimeHomeBuyer,Reasons not to choose our bank for mortgage?,"So we're finally ready to buy a house. Right now we're in the process of narrowing down a lender and have been calling around getting rough quotes (without going through the pre-approval process) from our bank (US Bank), a mortgage lender with local office and a local mortgage broker. After calling we were a little surprised that we got almost the exact same rate, points and overall quote from everyone... including the big bank. In fact, because we bank with US Bank we got an additional .25% of",1,0,2020-04-30,https://reddit.com/r/FirstTimeHomeBuyer/comments/gawe21/reasons_not_to_choose_our_bank_for_mortgage/,,,,"Reasons not to choose our bank for mortgage? So we're finally ready to buy a house. Right now we're in the process of narrowing down a lender and have been calling around getting rough quotes (without going through the pre-approval process) from our bank (US Bank), a mortgage lender with local office and a local mortgage broker. After calling we were a little surprised that we got almost the exact same rate, points and overall quote from everyone...",reasons not to choose our bank for mortgage? so were finally ready to buy a house. right now were in the process of narrowing down a lender and have been calling around getting rough quotes without going through the preapproval process from our bank us bank a mortgage lender with local office and a local mortgage broker. after calling we were a little surprised that we got almost the exact same rate points and overall quote from everyone...,Loan pre-approval,0.90789014,True,distilbert_stage1
gaphoo,FirstTimeHomeBuyer,Need Advice On First Home Mortgage,"Hello Reddit, we are a few weeks away from closing. Currently need to decide in how the loan will be structured. I have the option of going with a rate of 3.5% or 3.375%. The difference, other than the rate, being higher monthly payments and lower upfront costs vs lower payment but higher upfront costs. If I choose the lower rate, even though the monthly payment is lower, because of the high upfront costs I will have to pay for roughly 9 years before the plan becomes advantageous. After talking",1,0,2020-04-30,https://reddit.com/r/FirstTimeHomeBuyer/comments/gaphoo/need_advice_on_first_home_mortgage/,,,,"Need Advice On First Home Mortgage Hello Reddit, we are a few weeks away from closing. Currently need to decide in how the loan will be structured. I have the option of going with a rate of 3.5% or 3.375%.",need advice on first home mortgage hello reddit we are a few weeks away from closing. currently need to decide in how the loan will be structured. i have the option of going with a rate of 3.5 or 3.375.,Home Financing,0.8709384,True,distilbert_stage1
ga68fs,FirstTimeHomeBuyer,Are closing costs rolled into the total of the loan or do you pay them out of pocket?,"Currently bidding on a house for $320,000 I told the broker my down payment would be $20,000. At signing when closing costs are totaled am I expected to pay that out of pocket as well or does it get added into the loan amount. Are there any additional fee’s I would be expected to pay out pocket as well?",1,0,2020-04-29,https://reddit.com/r/FirstTimeHomeBuyer/comments/ga68fs/are_closing_costs_rolled_into_the_total_of_the/,,,,"Are closing costs rolled into the total of the loan or do you pay them out of pocket? Currently bidding on a house for $320,000 I told the broker my down payment would be $20,000. At signing when closing costs are totaled am I expected to pay that out of pocket as well or does it get added into the loan amount. Are there any additional fee’s I would be expected to pay out pocket as well?",are closing costs rolled into the total of the loan or do you pay them out of pocket? currently bidding on a house for 320000 i told the broker my down payment would be 20000. at signing when closing costs are totaled am i expected to pay that out of pocket as well or does it get added into the loan amount. are there any additional fees i would be expected to pay out pocket as well?,Down payment options,0.86625516,True,distilbert_stage1
ga3fpu,FirstTimeHomeBuyer,Real Estate Agent recommends I get Loan Estimate from Mortgage Broker but unable to get one.,"Got preapproved and looking at homes in my price range. My real estate agent is recommending that I get a Loan Estimate Form from my mortgage broker so that I am able to compare closing costs, other terms, and be able to compare apples to apples, if I want to try and get a more competitive rate. When I asked my mortgage broker he said that he isn't able to provide one until I actually close on a house because there are too many variables in Escrow that makes it hard for him to give me an exa",1,0,2020-04-29,https://reddit.com/r/FirstTimeHomeBuyer/comments/ga3fpu/real_estate_agent_recommends_i_get_loan_estimate/,,,,"Real Estate Agent recommends I get Loan Estimate from Mortgage Broker but unable to get one. Got preapproved and looking at homes in my price range. My real estate agent is recommending that I get a Loan Estimate Form from my mortgage broker so that I am able to compare closing costs, other terms, and be able to compare apples to apples, if I want to try and get a more competitive rate. When I asked my mortgage broker he said that he isn't able to provide one until I actually close on a house because there are too many variables in Escrow that makes it hard for him to give me an exact amount.",real estate agent recommends i get loan estimate from mortgage broker but unable to get one. got preapproved and looking at homes in my price range. my real estate agent is recommending that i get a loan estimate form from my mortgage broker so that i am able to compare closing costs other terms and be able to compare apples to apples if i want to try and get a more competitive rate. when i asked my mortgage broker he said that he isnt able to provide one until i actually close on a house because there are too many variables in escrow that makes it hard for him to give me an exact amount.,Loan pre-approval,0.8582836,True,distilbert_stage1
g9ams9,FirstTimeHomeBuyer,Home inspection tomorrow,"My wife and I just had our offer accepted last night so we have the home and pest inspection tomorrow. Are there any questions that you'd recommend we ask the inspector? We've only been able to see the house virtually due to COVID-19, so tomorrow will be our first on-site experience. The home was built in 2003 and has a tile roof, but the underlayment in Phoenix supposedly lasts only 15-20 years, which puts us in that potential replacement window. The foundation is post tension as opposed to reb",1,1,2020-04-27,https://reddit.com/r/FirstTimeHomeBuyer/comments/g9ams9/home_inspection_tomorrow/,,,,"Home inspection tomorrow My wife and I just had our offer accepted last night so we have the home and pest inspection tomorrow. Are there any questions that you'd recommend we ask the inspector? We've only been able to see the house virtually due to COVID-19, so tomorrow will be our first on-site experience.",home inspection tomorrow my wife and i just had our offer accepted last night so we have the home and pest inspection tomorrow. are there any questions that youd recommend we ask the inspector? weve only been able to see the house virtually due to covid19 so tomorrow will be our first onsite experience.,Home Inspections,0.92227393,True,distilbert_stage1
g95miy,FirstTimeHomeBuyer,Inspection is messy - thoughts?,"I have a previous inspection (former buyer fell out in escrow) for a home I put an offer on (and was accepted for, after 3 bidding wars on different ones mind you) and there’s quite a few things needing work. The A/C didn’t cool properly, the plumbing needs replacing, it’s just an old property. Would you walk away on things like this or just put in the work and money to make it better? The square footage is good, it’s a townhome with low HOA, lots of space, two car garage two balconies and a l",2,4,2020-04-27,https://reddit.com/r/FirstTimeHomeBuyer/comments/g95miy/inspection_is_messy_thoughts/,,,,"Inspection is messy - thoughts? I have a previous inspection (former buyer fell out in escrow) for a home I put an offer on (and was accepted for, after 3 bidding wars on different ones mind you) and there’s quite a few things needing work. The A/C didn’t cool properly, the plumbing needs replacing, it’s just an old property. Would you walk away on things like this or just put in the work and money to make it better?",inspection is messy thoughts? i have a previous inspection former buyer fell out in escrow for a home i put an offer on and was accepted for after 3 bidding wars on different ones mind you and theres quite a few things needing work. the ac didnt cool properly the plumbing needs replacing its just an old property. would you walk away on things like this or just put in the work and money to make it better?,Home Inspections,0.8656998,True,distilbert_stage1
g8t7bj,FirstTimeHomeBuyer,Closing Costs,I have my total closing costs all listed out (some of which are estimated) but I was wondering if it was normal to pay an entire year’s worth of property taxes and home insurance in prepaid items?,2,6,2020-04-27,https://reddit.com/r/FirstTimeHomeBuyer/comments/g8t7bj/closing_costs/,,,,Closing Costs I have my total closing costs all listed out (some of which are estimated) but I was wondering if it was normal to pay an entire year’s worth of property taxes and home insurance in prepaid items?,closing costs i have my total closing costs all listed out some of which are estimated but i was wondering if it was normal to pay an entire years worth of property taxes and home insurance in prepaid items?,Closing costs,0.8280333,True,distilbert_stage1
gu5c36,FirstTimeHomeBuyer,Road blocks,I'm supposed to close the week but a few individuals got covid at our office and its been shut down. Now were waiting to get back to work but there is no timeline to when that might happen. The mortgage company won't let me close until I'm back working what are my options,2,4,2020-05-31,https://reddit.com/r/FirstTimeHomeBuyer/comments/gu5c36/road_blocks/,,,,Road blocks I'm supposed to close the week but a few individuals got covid at our office and its been shut down. Now were waiting to get back to work but there is no timeline to when that might happen. The mortgage company won't let me close until I'm back working what are my options,road blocks im supposed to close the week but a few individuals got covid at our office and its been shut down. now were waiting to get back to work but there is no timeline to when that might happen. the mortgage company wont let me close until im back working what are my options,Home Financing,0.75013924,True,distilbert_stage1
gu16pu,FirstTimeHomeBuyer,More than 1 home inspection,Hi Everyone! My apologies if this topic has already been posted/discussed here. I’m starting to learn about the home buying process and was wondering if it’s common practice and/or acceptable to do more than one home inspection after putting an offer down on a house. Thanks in advance for any feedback! Have a great weekend!,1,6,2020-05-31,https://reddit.com/r/FirstTimeHomeBuyer/comments/gu16pu/more_than_1_home_inspection/,,,,More than 1 home inspection Hi Everyone! My apologies if this topic has already been posted/discussed here. I’m starting to learn about the home buying process and was wondering if it’s common practice and/or acceptable to do more than one home inspection after putting an offer down on a house.,more than 1 home inspection hi everyone! my apologies if this topic has already been posteddiscussed here. im starting to learn about the home buying process and was wondering if its common practice andor acceptable to do more than one home inspection after putting an offer down on a house.,Home Inspections,0.931552,True,distilbert_stage1
gtsyb9,FirstTimeHomeBuyer,Estimated Closing Costs - How does it look?,,2,32,2020-05-31,https://reddit.com/r/FirstTimeHomeBuyer/comments/gtsyb9/estimated_closing_costs_how_does_it_look/,,,,Estimated Closing Costs - How does it look?,estimated closing costs how does it look?,Closing costs,0.95634085,True,distilbert_stage1
gtqzhn,FirstTimeHomeBuyer,Negotiating an Interest Rate?,"I started the home search *just* before COVID started. At the time I applied I got quotes from 4 different lenders and went with the best one. I got the pre-approval, but I'm looking in a very-much sellers market and got rejected quite a few times. I got under contract a couple weeks ago on a house I think I'll be very happy with, but I just got my initial loan disclosure and the rate is at 3.625%, just under what I was quoted in March, when the rates had jumped back up for a week or so. I was e",3,2,2020-05-31,https://reddit.com/r/FirstTimeHomeBuyer/comments/gtqzhn/negotiating_an_interest_rate/,,,,"Negotiating an Interest Rate? I started the home search *just* before COVID started. At the time I applied I got quotes from 4 different lenders and went with the best one. I got the pre-approval, but I'm looking in a very-much sellers market and got rejected quite a few times.",negotiating an interest rate? i started the home search just before covid started. at the time i applied i got quotes from 4 different lenders and went with the best one. i got the preapproval but im looking in a verymuch sellers market and got rejected quite a few times.,Loan pre-approval,0.75786537,True,distilbert_stage1
gtji4i,FirstTimeHomeBuyer,Nervous,hi all! FTHB here. Our offer was accepted and we're waiting on inspections. Closing the very end of July. Is It normal to feel completely terrified of the new expenses? It's not like we'll have $2k left over at the end of every month after all expenses are paid for. scared. !!! others in the same boat?,15,10,2020-05-30,https://reddit.com/r/FirstTimeHomeBuyer/comments/gtji4i/nervous/,,,,Nervous hi all! FTHB here. Our offer was accepted and we're waiting on inspections.,nervous hi all! fthb here. our offer was accepted and were waiting on inspections.,Home Inspections,0.8026169,True,distilbert_stage1
gthxh4,FirstTimeHomeBuyer,"Looking to be a FTHM. Don’t have 20% down, won’t be able to afford 20% down where I currently rent but am sick of renting. I feel like I’m going in circles. What is the right move?",,1,24,2020-05-30,https://reddit.com/r/FirstTimeHomeBuyer/comments/gthxh4/looking_to_be_a_fthm_dont_have_20_down_wont_be/,,,,"Looking to be a FTHM. Don’t have 20% down, won’t be able to afford 20% down where I currently rent but am sick of renting. I feel like I’m going in circles. What is the right move?",looking to be a fthm. dont have 20 down wont be able to afford 20 down where i currently rent but am sick of renting. i feel like im going in circles. what is the right move?,Affordability,0.7485338,True,distilbert_stage1
gtg8ad,FirstTimeHomeBuyer,"Put in an offer letter with my wife and I signing, but may get a mortgage in just my name?",,8,3,2020-05-30,https://reddit.com/r/FirstTimeHomeBuyer/comments/gtg8ad/put_in_an_offer_letter_with_my_wife_and_i_signing/,,,,"Put in an offer letter with my wife and I signing, but may get a mortgage in just my name?",put in an offer letter with my wife and i signing but may get a mortgage in just my name?,Home Financing,0.7140223,True,distilbert_stage1
gt8ana,FirstTimeHomeBuyer,How much did you put down for your first down payment?,,3,9,2020-05-30,https://reddit.com/r/FirstTimeHomeBuyer/comments/gt8ana/how_much_did_you_put_down_for_your_first_down/,,,,How much did you put down for your first down payment?,how much did you put down for your first down payment?,Down payment options,0.87366027,True,distilbert_stage1
gsk9w3,FirstTimeHomeBuyer,"Is closing cost reasonable? FHA loans, low credit score, 242k home in Space Coast, FL",,4,9,2020-05-29,https://reddit.com/r/FirstTimeHomeBuyer/comments/gsk9w3/is_closing_cost_reasonable_fha_loans_low_credit/,,,,"Is closing cost reasonable? FHA loans, low credit score, 242k home in Space Coast, FL",is closing cost reasonable? fha loans low credit score 242k home in space coast fl,Closing costs,0.8448091,True,distilbert_stage1
gsih4c,FirstTimeHomeBuyer,Low down payment & closing costs,,5,4,2020-05-29,https://reddit.com/r/FirstTimeHomeBuyer/comments/gsih4c/low_down_payment_closing_costs/,,,,Low down payment & closing costs,low down payment closing costs,Down payment options,0.94947547,True,distilbert_stage1
grriw9,FirstTimeHomeBuyer,Need info.,"I'm from Cincinnati Ohio and I'm looking to buy my first home in the near future. I'm working on my credit as we speak. I was wondering if anyone could tell me how long does the process take from looking to move in, what does my credit score have to be to get a decent deal, what should I look for during inspection, and would it be better to hire an inspector?",2,2,2020-05-27,https://reddit.com/r/FirstTimeHomeBuyer/comments/grriw9/need_info/,,,,"Need info. I'm from Cincinnati Ohio and I'm looking to buy my first home in the near future. I'm working on my credit as we speak. I was wondering if anyone could tell me how long does the process take from looking to move in, what does my credit score have to be to get a decent deal, what should I look for during inspection, and would it be better to hire an inspector?",need info. im from cincinnati ohio and im looking to buy my first home in the near future. im working on my credit as we speak. i was wondering if anyone could tell me how long does the process take from looking to move in what does my credit score have to be to get a decent deal what should i look for during inspection and would it be better to hire an inspector?,Home Inspections,0.75097686,True,distilbert_stage1
hiw9a3,FirstTimeHomeBuyer,Inspection report shows major issues :(,The seller accepted our offer. We had the house inspected two days ago and the report said the retaining wall needs rebuild which could cost up to 20k. The reason is a previous owner added an atrium to the house and the atrium sits above the retaining wall which used wood and has rotten away. It is a structure issue now. So now our agent is trying to get the seller to reduce the agreed sale price to cover the cost. But i am not sure if the seller will agree. Reallly like the house tho.,5,4,2020-06-30,https://reddit.com/r/FirstTimeHomeBuyer/comments/hiw9a3/inspection_report_shows_major_issues/,,,,Inspection report shows major issues :( The seller accepted our offer. We had the house inspected two days ago and the report said the retaining wall needs rebuild which could cost up to 20k. The reason is a previous owner added an atrium to the house and the atrium sits above the retaining wall which used wood and has rotten away.,inspection report shows major issues the seller accepted our offer. we had the house inspected two days ago and the report said the retaining wall needs rebuild which could cost up to 20k. the reason is a previous owner added an atrium to the house and the atrium sits above the retaining wall which used wood and has rotten away.,Property inspections,0.7626601,True,distilbert_stage1
hiqm3n,FirstTimeHomeBuyer,New website showing flood risk based on current research,,7,7,2020-06-30,https://reddit.com/r/FirstTimeHomeBuyer/comments/hiqm3n/new_website_showing_flood_risk_based_on_current/,,,,New website showing flood risk based on current research,new website showing flood risk based on current research,Environmental considerations in real estate,0.8414217,True,distilbert_stage1
hio81i,FirstTimeHomeBuyer,"Update/the home we’re buying is in foreclosure, closing date pushed back.","We found out Friday evening that the home we were supposed to close on today is actually in foreclosure. That’s one of many issues at this point. Closing is now July 10. 1. There was an unpermitted structure (enclosed Florida room in lieu of the covered patio). The seller was told June 9 to pull a demolition permit and undo the work. The permit was opened June 18. The work is done, but he did it as the owner and now the county is saying a licensed contractor needs to pull the permit. If this i",8,14,2020-06-30,https://reddit.com/r/FirstTimeHomeBuyer/comments/hio81i/updatethe_home_were_buying_is_in_foreclosure/,,,,"Update/the home we’re buying is in foreclosure, closing date pushed back. We found out Friday evening that the home we were supposed to close on today is actually in foreclosure. That’s one of many issues at this point. Closing is now July 10.",updatethe home were buying is in foreclosure closing date pushed back. we found out friday evening that the home we were supposed to close on today is actually in foreclosure. thats one of many issues at this point. closing is now july 10.,Foreclosures,0.8496371,True,distilbert_stage1
hhtwz7,FirstTimeHomeBuyer,Looking to buy our first house,Any tips for first steps? What should we pay attention to when trying to get preapproved? Red flags when searching homes? I basically have 0 idea where or how to start but we've gotten to the point where renting isnt ideal for us.,2,5,2020-06-29,https://reddit.com/r/FirstTimeHomeBuyer/comments/hhtwz7/looking_to_buy_our_first_house/,,,,Looking to buy our first house Any tips for first steps? What should we pay attention to when trying to get preapproved? Red flags when searching homes?,looking to buy our first house any tips for first steps? what should we pay attention to when trying to get preapproved? red flags when searching homes?,Loan pre-approval,0.71509373,True,distilbert_stage1
hhtmud,FirstTimeHomeBuyer,Inspector missed massive obvious issue,"Hey, We’re in escrow on a house built in 1890. We went with a inspector who was recommended by our realtor and the report came back suspiciously clean given the age of the house. I was just over poking around and looked on the roof for the first time. I immediately noticed a huge depression in a low angled roof over an addition. The depression was sloping back towards the structure. Where it attached to the siding of the house there was a massive six inch by foot or so gap between the roof an",2,12,2020-06-29,https://reddit.com/r/FirstTimeHomeBuyer/comments/hhtmud/inspector_missed_massive_obvious_issue/,,,,"Inspector missed massive obvious issue Hey, We’re in escrow on a house built in 1890. We went with a inspector who was recommended by our realtor and the report came back suspiciously clean given the age of the house. I was just over poking around and looked on the roof for the first time.",inspector missed massive obvious issue hey were in escrow on a house built in 1890. we went with a inspector who was recommended by our realtor and the report came back suspiciously clean given the age of the house. i was just over poking around and looked on the roof for the first time.,Home Inspections,0.7398929,True,distilbert_stage1
hhs47t,FirstTimeHomeBuyer,Closing costs - how does it look?,,1,15,2020-06-29,https://reddit.com/r/FirstTimeHomeBuyer/comments/hhs47t/closing_costs_how_does_it_look/,,,,Closing costs - how does it look?,closing costs how does it look?,Closing costs,0.94654816,True,distilbert_stage1
hhpsc2,FirstTimeHomeBuyer,Will Buying a Car Affect Credit Score for Mortgage?,Hello! I'm pre-approved and under contract. We close end of August. I need to buy a car. Should I wait till after we close? Worried about it affecting my mortgage application or credit score/interest payments. Thank you!!,2,16,2020-06-29,https://reddit.com/r/FirstTimeHomeBuyer/comments/hhpsc2/will_buying_a_car_affect_credit_score_for_mortgage/,,,,Will Buying a Car Affect Credit Score for Mortgage? Hello! I'm pre-approved and under contract. We close end of August.,will buying a car affect credit score for mortgage? hello! im preapproved and under contract. we close end of august.,Home Financing,0.79406023,True,distilbert_stage1
hh6vxt,FirstTimeHomeBuyer,Asking for a lower interest rate after offer accept?,"Since applying for pre-approval with my lender (NFCU), my credit score has gone up by 35 points. We already offered on a home, passed inspection, and are currently on the appraisal step. Can I ask them if I am eligible for a lower rate? Or is it too late in the process? In the documentation I signed with them, I read that they will not automatically lower my rate if lower rates are available. It said it was up to me to review available rates and then just linked to their website. We all know le",2,8,2020-06-28,https://reddit.com/r/FirstTimeHomeBuyer/comments/hh6vxt/asking_for_a_lower_interest_rate_after_offer/,,,,"Asking for a lower interest rate after offer accept? Since applying for pre-approval with my lender (NFCU), my credit score has gone up by 35 points. We already offered on a home, passed inspection, and are currently on the appraisal step. Can I ask them if I am eligible for a lower rate?",asking for a lower interest rate after offer accept? since applying for preapproval with my lender nfcu my credit score has gone up by 35 points. we already offered on a home passed inspection and are currently on the appraisal step. can i ask them if i am eligible for a lower rate?,Loan pre-approval,0.90973103,True,distilbert_stage1
hh5ubx,FirstTimeHomeBuyer,Can we share some home inspection horror stories? I’m currently living in one and I feel alone in it,"We closed on our home at the end of May. We fee this is our dream home. Within 48 hours it went from dream to nightmare To make a long story short our home inspector missed that the house has 3 crawlspaces adjacent to the block basement. The access points were “blocked” and he “didn’t see them” All 3 spaces have dirt floors and moisture problems resulting in mold mold and more mold. The living room (directly above wettest of the 3 spaces) was absolutely full of it 65,000+ spores (not sure of t",13,7,2020-06-28,https://reddit.com/r/FirstTimeHomeBuyer/comments/hh5ubx/can_we_share_some_home_inspection_horror_stories/,,,,Can we share some home inspection horror stories? I’m currently living in one and I feel alone in it We closed on our home at the end of May. We fee this is our dream home. Within 48 hours it went from dream to nightmare To make a long story short our home inspector missed that the house has 3 crawlspaces adjacent to the block basement.,can we share some home inspection horror stories? im currently living in one and i feel alone in it we closed on our home at the end of may. we fee this is our dream home. within 48 hours it went from dream to nightmare to make a long story short our home inspector missed that the house has 3 crawlspaces adjacent to the block basement.,Home Inspections,0.92675775,True,distilbert_stage1
hh52ql,FirstTimeHomeBuyer,Loan approval commitment months before closing,"We recently signed a purchase agreement for a new construction that is due to be finished around end of September/beginning of October. Today we were asked to send over a loan approval commitment from a lender. While we do have a pre-approval from a lender, given that we are still months out, we have not yet signed with any lender and we were not planning to. The rate can only be locked 30-45 days before closing date and we're very far from it still. Is a loan approval commitment letter commo",1,0,2020-06-28,https://reddit.com/r/FirstTimeHomeBuyer/comments/hh52ql/loan_approval_commitment_months_before_closing/,,,,"Loan approval commitment months before closing We recently signed a purchase agreement for a new construction that is due to be finished around end of September/beginning of October. Today we were asked to send over a loan approval commitment from a lender. While we do have a pre-approval from a lender, given that we are still months out, we have not yet signed with any lender and we were not planning to.",loan approval commitment months before closing we recently signed a purchase agreement for a new construction that is due to be finished around end of septemberbeginning of october. today we were asked to send over a loan approval commitment from a lender. while we do have a preapproval from a lender given that we are still months out we have not yet signed with any lender and we were not planning to.,Loan pre-approval,0.9646633,True,distilbert_stage1
i1a5mb,FirstTimeHomeBuyer,5% vs. 6% Down Payment - What to do with the car loan?,,2,8,2020-07-31,https://reddit.com/r/FirstTimeHomeBuyer/comments/i1a5mb/5_vs_6_down_payment_what_to_do_with_the_car_loan/,,,,5% vs. 6% Down Payment - What to do with the car loan?,5 vs. 6 down payment what to do with the car loan?,Down payment options,0.9551137,True,distilbert_stage1
i10d3e,FirstTimeHomeBuyer,Can I (28f) afford a home (SoCal) right now in this market?,,2,7,2020-07-31,https://reddit.com/r/FirstTimeHomeBuyer/comments/i10d3e/can_i_28f_afford_a_home_socal_right_now_in_this/,,,,Can I (28f) afford a home (SoCal) right now in this market?,can i 28f afford a home socal right now in this market?,Affordability,0.7658512,True,distilbert_stage1
i0uxc5,FirstTimeHomeBuyer,When should I replace a 19 year old hot heater?,"So my inspection came back with no major problems, really happy about that! But he mentioned the hot water heater is original, 19 years old, but works properly. He recommended I budget for replacing it soon. It’s electric, no gas line in the condo, and not a good place for a heat pump unit. No rebates for electric units from my utility. Should I just replace it before I move in? Will there be efficiency improvements that might make it worth it?",2,4,2020-07-30,https://reddit.com/r/FirstTimeHomeBuyer/comments/i0uxc5/when_should_i_replace_a_19_year_old_hot_heater/,,,,"When should I replace a 19 year old hot heater? So my inspection came back with no major problems, really happy about that! But he mentioned the hot water heater is original, 19 years old, but works properly. He recommended I budget for replacing it soon.",when should i replace a 19 year old hot heater? so my inspection came back with no major problems really happy about that! but he mentioned the hot water heater is original 19 years old but works properly. he recommended i budget for replacing it soon.,Home Inspections,0.8090004,True,distilbert_stage1
i0rc35,FirstTimeHomeBuyer,Soon-to-be First Time Home Buyer Question,"I'm not sure if this is the right place to post this, if it isn't please direct me to the best place to take this question. My husband and I are in a lease with an apartment complex until July 7, 2021 (1 year lease). We will be looking to purchase our first home, but aren't sure what the timeline should look like. How soon should we go to a mortgage broker to get precertified? How early should she we start looking for a home? How has COVID-19 affected the typical timeline for going under co",2,10,2020-07-30,https://reddit.com/r/FirstTimeHomeBuyer/comments/i0rc35/soontobe_first_time_home_buyer_question/,,,,"Soon-to-be First Time Home Buyer Question I'm not sure if this is the right place to post this, if it isn't please direct me to the best place to take this question. My husband and I are in a lease with an apartment complex until July 7, 2021 (1 year lease). We will be looking to purchase our first home, but aren't sure what the timeline should look like.",soontobe first time home buyer question im not sure if this is the right place to post this if it isnt please direct me to the best place to take this question. my husband and i are in a lease with an apartment complex until july 7 2021 1 year lease. we will be looking to purchase our first home but arent sure what the timeline should look like.,Buying Process,0.73600715,True,distilbert_stage1
i0q9v8,FirstTimeHomeBuyer,Should We Get Multiple Mortgage Pre-Approvals?,"Hi all, Really glad I stumbled across this subreddit - buying a home is certainly not simple. I'm trying to figure out whether I should be looking to get more than one pre-approval before going out and seriously looking, or if one is enough. My understanding at this point is that a pre-approval is, essentially, proof that you'll be able to get a mortgage. It seems the upside of getting multiple pre-approvals is that when it comes down to actually signing you can go back to each of the lende",5,20,2020-07-30,https://reddit.com/r/FirstTimeHomeBuyer/comments/i0q9v8/should_we_get_multiple_mortgage_preapprovals/,,,,"Should We Get Multiple Mortgage Pre-Approvals? Hi all, Really glad I stumbled across this subreddit - buying a home is certainly not simple. I'm trying to figure out whether I should be looking to get more than one pre-approval before going out and seriously looking, or if one is enough. My understanding at this point is that a pre-approval is, essentially, proof that you'll be able to get a mortgage.",should we get multiple mortgage preapprovals? hi all really glad i stumbled across this subreddit buying a home is certainly not simple. im trying to figure out whether i should be looking to get more than one preapproval before going out and seriously looking or if one is enough. my understanding at this point is that a preapproval is essentially proof that youll be able to get a mortgage.,Home Financing,0.7718186,True,distilbert_stage1
i0p0qr,FirstTimeHomeBuyer,I wish Redfin/Zillow/Realtor had a comments section on each listing,"Some of these listings I would love to roast, as a community of buyers “yeah for sure, go ahead and raise the price of your boarded up, mold infested house that’s been listed for 3 months. That’ll show everyone you mean business!” “The feature I love most in this flipped home is the water damage hole the owners lovingly left in the bathroom floor. It’s great to see flippers who respect the original character of the home” I know it can never happen, but after months of being glued to these app",141,53,2020-07-30,https://reddit.com/r/FirstTimeHomeBuyer/comments/i0p0qr/i_wish_redfinzillowrealtor_had_a_comments_section/,,,,"I wish Redfin/Zillow/Realtor had a comments section on each listing Some of these listings I would love to roast, as a community of buyers “yeah for sure, go ahead and raise the price of your boarded up, mold infested house that’s been listed for 3 months. That’ll show everyone you mean business!” “The feature I love most in this flipped home is the water damage hole the owners lovingly left in the bathroom floor. It’s great to see flippers who respect the original character of the home” I know it can never happen, but after months of being glued to these apps, it’s just my dream.",i wish redfinzillowrealtor had a comments section on each listing some of these listings i would love to roast as a community of buyers yeah for sure go ahead and raise the price of your boarded up mold infested house thats been listed for 3 months. thatll show everyone you mean business! the feature i love most in this flipped home is the water damage hole the owners lovingly left in the bathroom floor. its great to see flippers who respect the original character of the home i know it can never happen but after months of being glued to these apps its just my dream.,Real estate flipping,0.861302,True,distilbert_stage1
i0gdlg,FirstTimeHomeBuyer,Unknowingly placed an offer on a bank owned foreclosure,"So we first visited this nicely renovated home that was priced way under market. Listing on Zillow and others flagged it as a foreclosure, but when we mentioned it to our realtor we were told it's not a foreclosure and likely owned by an investor. So we went ahead with an offer slightly below asking just to find out today that it is a REO property and the bank/agent is not even responding to our offer. BTW offer deadline for best and final was set for Monday morning. At this point not sure i",1,1,2020-07-30,https://reddit.com/r/FirstTimeHomeBuyer/comments/i0gdlg/unknowingly_placed_an_offer_on_a_bank_owned/,,,,"Unknowingly placed an offer on a bank owned foreclosure So we first visited this nicely renovated home that was priced way under market. Listing on Zillow and others flagged it as a foreclosure, but when we mentioned it to our realtor we were told it's not a foreclosure and likely owned by an investor. So we went ahead with an offer slightly below asking just to find out today that it is a REO property and the bank/agent is not even responding to our offer.",unknowingly placed an offer on a bank owned foreclosure so we first visited this nicely renovated home that was priced way under market. listing on zillow and others flagged it as a foreclosure but when we mentioned it to our realtor we were told its not a foreclosure and likely owned by an investor. so we went ahead with an offer slightly below asking just to find out today that it is a reo property and the bankagent is not even responding to our offer.,Foreclosure processes,0.82172936,True,distilbert_stage1
i0ewlw,FirstTimeHomeBuyer,Unknownly made an offer on a foreclosure,,1,0,2020-07-30,https://reddit.com/r/FirstTimeHomeBuyer/comments/i0ewlw/unknownly_made_an_offer_on_a_foreclosure/,,,,Unknownly made an offer on a foreclosure,unknownly made an offer on a foreclosure,Foreclosure processes,0.9455138,True,distilbert_stage1
i07u7a,FirstTimeHomeBuyer,How does the closing cost sheet look. 250k loan n 8k down payment,,1,0,2020-07-29,https://reddit.com/r/FirstTimeHomeBuyer/comments/i07u7a/how_does_the_closing_cost_sheet_look_250k_loan_n/,,,,How does the closing cost sheet look. 250k loan n 8k down payment,how does the closing cost sheet look. 250k loan n 8k down payment,Down payment options,0.86006415,True,distilbert_stage1
ik93te,FirstTimeHomeBuyer,When you're shopping around for lenders do you just do the preapproval application with multiple places?,So it's been recommended to shop around when finding a lender. Do I just fill out the preapproval forms for a few places and choose the best from there? Is there more to it? Will there be fees for doing this? I'm clueless.,11,12,2020-08-31,https://reddit.com/r/FirstTimeHomeBuyer/comments/ik93te/when_youre_shopping_around_for_lenders_do_you/,,,,When you're shopping around for lenders do you just do the preapproval application with multiple places? So it's been recommended to shop around when finding a lender. Do I just fill out the preapproval forms for a few places and choose the best from there? Is there more to it?,when youre shopping around for lenders do you just do the preapproval application with multiple places? so its been recommended to shop around when finding a lender. do i just fill out the preapproval forms for a few places and choose the best from there? is there more to it?,Loan pre-approval,0.8552728,True,distilbert_stage1
ijyksi,FirstTimeHomeBuyer,Can I afford a $1.5 million home?,"Hi all - my spouse and I make around $350k/year (I know, we're very lucky) and are trying to figure out if we can comfortably buy a $1.5 million house. It's really tough to budget when we have no idea what the future utilities, housing expenses, maintenance, and other random costs might look like, so we're hoping to get a few people's opinions. Our net income after taxes, healthcare, and maxing out 401ks is around $17,000/month. The mortgage/tax/insurance will come out to about $8,000/month.",0,15,2020-08-31,https://reddit.com/r/FirstTimeHomeBuyer/comments/ijyksi/can_i_afford_a_15_million_home/,,,,"Can I afford a $1.5 million home? Hi all - my spouse and I make around $350k/year (I know, we're very lucky) and are trying to figure out if we can comfortably buy a $1.5 million house. It's really tough to budget when we have no idea what the future utilities, housing expenses, maintenance, and other random costs might look like, so we're hoping to get a few people's opinions. Our net income after taxes, healthcare, and maxing out 401ks is around $17,000/month.",can i afford a 1.5 million home? hi all my spouse and i make around 350kyear i know were very lucky and are trying to figure out if we can comfortably buy a 1.5 million house. its really tough to budget when we have no idea what the future utilities housing expenses maintenance and other random costs might look like so were hoping to get a few peoples opinions. our net income after taxes healthcare and maxing out 401ks is around 17000month.,Affordability,0.8635248,True,distilbert_stage1
ijpfg3,FirstTimeHomeBuyer,Seller is not replacing defective AC unit after home inspection.,We had our home inspection and the sellers HVAC/AC unit was not cooling up to standards. The unit is 18 years old. What is the best way to go about this?,3,11,2020-08-31,https://reddit.com/r/FirstTimeHomeBuyer/comments/ijpfg3/seller_is_not_replacing_defective_ac_unit_after/,,,,Seller is not replacing defective AC unit after home inspection. We had our home inspection and the sellers HVAC/AC unit was not cooling up to standards. The unit is 18 years old. What is the best way to go about this?,seller is not replacing defective ac unit after home inspection. we had our home inspection and the sellers hvacac unit was not cooling up to standards. the unit is 18 years old. what is the best way to go about this?,Home Inspections,0.766211,True,distilbert_stage1
ijf3ry,FirstTimeHomeBuyer,How to get closing costs paid by lender without buying points? Also how can you make sure you get best quality appraisal?,,5,14,2020-08-30,https://reddit.com/r/FirstTimeHomeBuyer/comments/ijf3ry/how_to_get_closing_costs_paid_by_lender_without/,,,,How to get closing costs paid by lender without buying points? Also how can you make sure you get best quality appraisal?,how to get closing costs paid by lender without buying points? also how can you make sure you get best quality appraisal?,Closing costs,0.9517911,True,distilbert_stage1
ij1ybm,FirstTimeHomeBuyer,Questions About Home buying Process,First time home buyer here. I finally found a home and my offer was accepted yesterday. What are the next steps in the home buying process?,2,2,2020-08-29,https://reddit.com/r/FirstTimeHomeBuyer/comments/ij1ybm/questions_about_home_buying_process/,,,,Questions About Home buying Process First time home buyer here. I finally found a home and my offer was accepted yesterday. What are the next steps in the home buying process?,questions about home buying process first time home buyer here. i finally found a home and my offer was accepted yesterday. what are the next steps in the home buying process?,Buying Process,0.7243359,True,distilbert_stage1
iixr2x,FirstTimeHomeBuyer,Will withdrawing (not borrowing) money from my 401k before closing affect my mortgage?,"We are closing on our first house in mid September, and have decided to liquidate (withdraw, not borrow) $10,000 from our 401k. This will NOT create a change in our DTI. We know that many would advise against dipping into one's 401k to cover closing costs and initial expenses. However, due to the forgiving nature of the CARES Act in regards to tax implications for withdrawals because of Covid-19, it made financial sense for us to do so. Will the sizeable deposit into our checking account rais",4,8,2020-08-29,https://reddit.com/r/FirstTimeHomeBuyer/comments/iixr2x/will_withdrawing_not_borrowing_money_from_my_401k/,,,,"Will withdrawing (not borrowing) money from my 401k before closing affect my mortgage? We are closing on our first house in mid September, and have decided to liquidate (withdraw, not borrow) $10,000 from our 401k. This will NOT create a change in our DTI. We know that many would advise against dipping into one's 401k to cover closing costs and initial expenses.",will withdrawing not borrowing money from my 401k before closing affect my mortgage? we are closing on our first house in mid september and have decided to liquidate withdraw not borrow 10000 from our 401k. this will not create a change in our dti. we know that many would advise against dipping into ones 401k to cover closing costs and initial expenses.,Debt-to-income ratio,0.7165036,True,distilbert_stage1
iil8as,FirstTimeHomeBuyer,Final approval and Clear to Close! Here's our first time home buyer timeline as a 23 year old.,"Early June: company went fully remote permanently due to Covid and so we moved back down to Florida as cost of living and homes are cheap. Mid June: decided to buy our first home, FICO 2 was at 600. Contacted a broker and was instructed to pay off credit cards for under 10% utilization(was at 76% horrible I know) July: cards all paid off and score reflected MOST of the account changes and bumped my score up to 660 and we received pre-approval for up to $230,000.(wife is not part of our mortgag",15,8,2020-08-29,https://reddit.com/r/FirstTimeHomeBuyer/comments/iil8as/final_approval_and_clear_to_close_heres_our_first/,,,,"Final approval and Clear to Close! Here's our first time home buyer timeline as a 23 year old. Early June: company went fully remote permanently due to Covid and so we moved back down to Florida as cost of living and homes are cheap. Mid June: decided to buy our first home, FICO 2 was at 600. Contacted a broker and was instructed to pay off credit cards for under 10% utilization(was at 76% horrible I know) July: cards all paid off and score reflected MOST of the account changes and bumped my score up to 660 and we received pre-approval for up to $230,000.(wife is not part of our mortgage, currently I am the only one with verifiable income) Second to last week of July: Finally found a fully remodeled home in an area with ONLY county tax listed for $165K.",final approval and clear to close! heres our first time home buyer timeline as a 23 year old. early june company went fully remote permanently due to covid and so we moved back down to florida as cost of living and homes are cheap. mid june decided to buy our first home fico 2 was at 600. contacted a broker and was instructed to pay off credit cards for under 10 utilizationwas at 76 horrible i know july cards all paid off and score reflected most of the account changes and bumped my score up to 660 and we received preapproval for up to 230000.wife is not part of our mortgage currently i am the only one with verifiable income second to last week of july finally found a fully remodeled home in an area with only county tax listed for 165k.,Loan pre-approval,0.8540459,True,distilbert_stage1
j2faza,FirstTimeHomeBuyer,Meeting the neighbors for the socially awkward?,"Hellooo. I am not trying to jinx myself but should be closing in a little over a month. I am moving to a new city with pretty close neighbors and I am not very gregarious/friendly. I'm thinking about making an effort, sending my next-door and across the street neighbors a card in the mail explaining a little about myself, and giving them my phone number and email. Is that acceptable? I'm not comfortable going to knock on doors. Should I send the cards to more people on the street as well?",14,3,2020-09-30,https://reddit.com/r/FirstTimeHomeBuyer/comments/j2faza/meeting_the_neighbors_for_the_socially_awkward/,,,,Meeting the neighbors for the socially awkward? Hellooo. I am not trying to jinx myself but should be closing in a little over a month. I am moving to a new city with pretty close neighbors and I am not very gregarious/friendly.,meeting the neighbors for the socially awkward? hellooo. i am not trying to jinx myself but should be closing in a little over a month. i am moving to a new city with pretty close neighbors and i am not very gregariousfriendly.,Relocation Services,0.8123787,True,distilbert_stage1
j2ck94,FirstTimeHomeBuyer,Impact on credit of multiple pre-approval letters?,,0,4,2020-09-30,https://reddit.com/r/FirstTimeHomeBuyer/comments/j2ck94/impact_on_credit_of_multiple_preapproval_letters/,,,,Impact on credit of multiple pre-approval letters?,impact on credit of multiple preapproval letters?,Loan pre-approval,0.96238583,True,distilbert_stage1
j28noa,FirstTimeHomeBuyer,BF & I buying house. He’s been pre-approved for a mortgage. I don’t want to be on it but can I be on the house?,,2,1,2020-09-29,https://reddit.com/r/FirstTimeHomeBuyer/comments/j28noa/bf_i_buying_house_hes_been_preapproved_for_a/,,,,BF & I buying house. He’s been pre-approved for a mortgage. I don’t want to be on it but can I be on the house?,bf i buying house. hes been preapproved for a mortgage. i dont want to be on it but can i be on the house?,Home Financing,0.7357314,True,distilbert_stage1
j26lqt,FirstTimeHomeBuyer,High credit card utilization?,Anyone have any trouble securing a mortgage or mortgage amount due to a high credit card utilization ? What percentage is too high when it comes to securing a mortgage? 30%?,1,3,2020-09-29,https://reddit.com/r/FirstTimeHomeBuyer/comments/j26lqt/high_credit_card_utilization/,,,,High credit card utilization? Anyone have any trouble securing a mortgage or mortgage amount due to a high credit card utilization ? What percentage is too high when it comes to securing a mortgage? 30%?,high credit card utilization? anyone have any trouble securing a mortgage or mortgage amount due to a high credit card utilization ? what percentage is too high when it comes to securing a mortgage? 30?,Credit scores,0.877552,True,distilbert_stage1
j2424o,FirstTimeHomeBuyer,Question about pre-approval for non-married couples,"My partner of 9 years and I are looking to buy a house in the next year. We are in different brackets for our credit score and I want to know what the best option would be. My credit score is excellent, 794 currently, while my partner's is lower, but also pretty good around 700. We also make fairly different yearly salaries with mine around 70K and here’s around 40K. Does it make sense to apply jointly? If it is only my name is on the pre-approval, and ultimately on the mortgage itself, is the",2,4,2020-09-29,https://reddit.com/r/FirstTimeHomeBuyer/comments/j2424o/question_about_preapproval_for_nonmarried_couples/,,,,"Question about pre-approval for non-married couples My partner of 9 years and I are looking to buy a house in the next year. We are in different brackets for our credit score and I want to know what the best option would be. My credit score is excellent, 794 currently, while my partner's is lower, but also pretty good around 700.",question about preapproval for nonmarried couples my partner of 9 years and i are looking to buy a house in the next year. we are in different brackets for our credit score and i want to know what the best option would be. my credit score is excellent 794 currently while my partners is lower but also pretty good around 700.,Loan pre-approval,0.8957108,True,distilbert_stage1
j1pb30,FirstTimeHomeBuyer,First time,"So FTHB here, we put an offer in on Saturday. Today it was accepted! I have my inspection tomorrow. Can anyone tell me next steps? Ahhh, I can’t sleep or focus. I am so nervous guysss. What if something goes wrong? I have had nightmares that something appeared on my credit and my loan fell through. Someone offer some kind words? Plz.",4,7,2020-09-29,https://reddit.com/r/FirstTimeHomeBuyer/comments/j1pb30/first_time/,,,,"First time So FTHB here, we put an offer in on Saturday. Today it was accepted! I have my inspection tomorrow.",first time so fthb here we put an offer in on saturday. today it was accepted! i have my inspection tomorrow.,Home Inspections,0.82353127,True,distilbert_stage1
j1n06v,FirstTimeHomeBuyer,Who drafts the contract when neither the seller or buyer has a realtor?,,1,13,2020-09-28,https://reddit.com/r/FirstTimeHomeBuyer/comments/j1n06v/who_drafts_the_contract_when_neither_the_seller/,,,,Who drafts the contract when neither the seller or buyer has a realtor?,who drafts the contract when neither the seller or buyer has a realtor?,Real estate contracts,0.94771975,True,distilbert_stage1
j1k3oa,FirstTimeHomeBuyer,Lender quoted us 50k more than she quoted our agent,"My husband and I are working really hard to get into a home, and a coworker of mine recommended her real estate agent to us. The real estate agent has been incredible so far, so when she recommended a lender for our preapproval who she’s talked up as amazing, we totally trusted this lender. After emailing and calling several times to get in touch with this lender, we finally just went to her office and waited for an availability. When she met with us, she ran our credit and we came to find out",11,20,2020-09-28,https://reddit.com/r/FirstTimeHomeBuyer/comments/j1k3oa/lender_quoted_us_50k_more_than_she_quoted_our/,,,,"Lender quoted us 50k more than she quoted our agent My husband and I are working really hard to get into a home, and a coworker of mine recommended her real estate agent to us. The real estate agent has been incredible so far, so when she recommended a lender for our preapproval who she’s talked up as amazing, we totally trusted this lender. After emailing and calling several times to get in touch with this lender, we finally just went to her office and waited for an availability.",lender quoted us 50k more than she quoted our agent my husband and i are working really hard to get into a home and a coworker of mine recommended her real estate agent to us. the real estate agent has been incredible so far so when she recommended a lender for our preapproval who shes talked up as amazing we totally trusted this lender. after emailing and calling several times to get in touch with this lender we finally just went to her office and waited for an availability.,Loan pre-approval,0.91793585,True,distilbert_stage1
j1j3u5,FirstTimeHomeBuyer,Why is my property tax way higher than the rest of my city?,"Any comments or advice greatly appreciated. I just put an offer on a house for 320k. It’s a small townhome area and the houses are 4 years old. I live in CA and my city’s tax rate is currently 0.84. With the value of the home, it should come out to the low/mid 2000s (per year). However, after looking at my monthly breakdown, my yearly property tax amount is 4900k, which is absurd! All the other houses I’ve looked at have the 0.84 property tax rate. Same city, same zip code. I have heard about",2,6,2020-09-28,https://reddit.com/r/FirstTimeHomeBuyer/comments/j1j3u5/why_is_my_property_tax_way_higher_than_the_rest/,,,,Why is my property tax way higher than the rest of my city? Any comments or advice greatly appreciated. I just put an offer on a house for 320k. It’s a small townhome area and the houses are 4 years old.,why is my property tax way higher than the rest of my city? any comments or advice greatly appreciated. i just put an offer on a house for 320k. its a small townhome area and the houses are 4 years old.,Property Taxes,0.80732995,True,distilbert_stage1
jke5ve,FirstTimeHomeBuyer,How to Approach Fixes in Potential Home,"Hi all! Yesterday we got an inspection on a property that accepted our offer. After forwarding the inspection report to our attorney and realtor, we really only want three changes: two are related to being fire hazards (doubled up circuit, boiler needing a fire retardant ceiling plate above it in the basement) and then just a replacement of temporary columns to permanent fixtures. When I approached my attorney about it, he mentioned getting the sellers to agree on what fix(es) before putting",1,4,2020-10-29,https://reddit.com/r/FirstTimeHomeBuyer/comments/jke5ve/how_to_approach_fixes_in_potential_home/,,,,"How to Approach Fixes in Potential Home Hi all! Yesterday we got an inspection on a property that accepted our offer. After forwarding the inspection report to our attorney and realtor, we really only want three changes: two are related to being fire hazards (doubled up circuit, boiler needing a fire retardant ceiling plate above it in the basement) and then just a replacement of temporary columns to permanent fixtures.",how to approach fixes in potential home hi all! yesterday we got an inspection on a property that accepted our offer. after forwarding the inspection report to our attorney and realtor we really only want three changes two are related to being fire hazards doubled up circuit boiler needing a fire retardant ceiling plate above it in the basement and then just a replacement of temporary columns to permanent fixtures.,Home Inspections,0.8586832,True,distilbert_stage1
jk9251,FirstTimeHomeBuyer,Very New,"Me and my wife have been married a year and a half. We have been renting from my grandfather... He had originally told us to set aside all of the rent, to save for a house. And now he is asking for it all. I plan to pay him but it has made me want to move elsewhere. Rent is not that expensive but it is a very old house and the electricity bill breaks $300 almost constantly. I need to know what to do to acquire a house. How much money I need to save, especially since what we have saved is going t",1,11,2020-10-29,https://reddit.com/r/FirstTimeHomeBuyer/comments/jk9251/very_new/,,,,"Very New Me and my wife have been married a year and a half. We have been renting from my grandfather... He had originally told us to set aside all of the rent, to save for a house.",very new me and my wife have been married a year and a half. we have been renting from my grandfather... he had originally told us to set aside all of the rent to save for a house.,Renting Process,0.83354247,True,distilbert_stage1
jjv2fc,FirstTimeHomeBuyer,"How to figure out who my internet provider is? New condo purchase, HOA not responding. Do I start delicately knocking on neighbors’ doors?",,1,5,2020-10-28,https://reddit.com/r/FirstTimeHomeBuyer/comments/jjv2fc/how_to_figure_out_who_my_internet_provider_is_new/,,,,"How to figure out who my internet provider is? New condo purchase, HOA not responding. Do I start delicately knocking on neighbors’ doors?",how to figure out who my internet provider is? new condo purchase hoa not responding. do i start delicately knocking on neighbors doors?,HOAs,0.8499822,True,distilbert_stage1
jjuzu1,FirstTimeHomeBuyer,Would it be wise to just send out applications for mortgages?,"Would it be wise to just send out applications for mortgages? I'm figuring that just because I get approved for a loan doesn't mean i have to accept it, but I don't know if that's right or not. Any advice?",2,6,2020-10-28,https://reddit.com/r/FirstTimeHomeBuyer/comments/jjuzu1/would_it_be_wise_to_just_send_out_applications/,,,,"Would it be wise to just send out applications for mortgages? Would it be wise to just send out applications for mortgages? I'm figuring that just because I get approved for a loan doesn't mean i have to accept it, but I don't know if that's right or not. Any advice?",would it be wise to just send out applications for mortgages? would it be wise to just send out applications for mortgages? im figuring that just because i get approved for a loan doesnt mean i have to accept it but i dont know if thats right or not. any advice?,Home Financing,0.7397821,True,distilbert_stage1
k3xajy,FirstTimeHomeBuyer,"Condo Advice: Should an HOA ""No Rentals"" rule be a turn-off?","I'm looking at my first condo this afternoon. Great location, plenty of amenities, etc. The HOA allows CURRENT residents to rent/lease their condos on a 1-year basis. However, all condos being sold currently are no longer able to be rented/leased and must be owner-occupied. Is this a typical rule of most HOAs? I understand a lot of groups do it to protect the values of condos. I'm just torn about whether not being able to rent is truly a turn-off. Not having the option sucks, but is it really",4,10,2020-11-30,https://reddit.com/r/FirstTimeHomeBuyer/comments/k3xajy/condo_advice_should_an_hoa_no_rentals_rule_be_a/,,,,"Condo Advice: Should an HOA ""No Rentals"" rule be a turn-off? I'm looking at my first condo this afternoon. Great location, plenty of amenities, etc. The HOA allows CURRENT residents to rent/lease their condos on a 1-year basis.",condo advice should an hoa no rentals rule be a turnoff? im looking at my first condo this afternoon. great location plenty of amenities etc. the hoa allows current residents to rentlease their condos on a 1year basis.,HOAs,0.893357,True,distilbert_stage1
k3owt4,FirstTimeHomeBuyer,"Realistically, could I buy a house by next summer?","Numbers rundown: Combined income with wife: ~60,000 Wife’s credit score: 660 My credit score: 560 Monthly debts- 200 student loans, 300 car payment (looking to refinance soon, hopefully ~250) Down payment- Hopefully 8,000 by then I am looking into SC down payment assistance program, they can offer up to 10,000. We have about 8 months until our lease is up and we can buy. How realistic is this?",0,24,2020-11-30,https://reddit.com/r/FirstTimeHomeBuyer/comments/k3owt4/realistically_could_i_buy_a_house_by_next_summer/,,,,"Realistically, could I buy a house by next summer? Numbers rundown: Combined income with wife: ~60,000 Wife’s credit score: 660 My credit score: 560 Monthly debts- 200 student loans, 300 car payment (looking to refinance soon, hopefully ~250) Down payment- Hopefully 8,000 by then I am looking into SC down payment assistance program, they can offer up to 10,000. We have about 8 months until our lease is up and we can buy. How realistic is this?",realistically could i buy a house by next summer? numbers rundown combined income with wife 60000 wifes credit score 660 my credit score 560 monthly debts 200 student loans 300 car payment looking to refinance soon hopefully 250 down payment hopefully 8000 by then i am looking into sc down payment assistance program they can offer up to 10000. we have about 8 months until our lease is up and we can buy. how realistic is this?,Down payment options,0.7329963,True,distilbert_stage1
k3gla4,FirstTimeHomeBuyer,HOA reserve funds,"I received HOA documents for a 8 unit complex, they are going from 320 to 350 monthly taking 10% for reserve funds annually, around $3600 however they only have $400 currently and when I asked the association they claim a unit hasn’t paid their part, that unit is now in foreclosure. Should I walk out!? Thanks for your help",1,1,2020-11-29,https://reddit.com/r/FirstTimeHomeBuyer/comments/k3gla4/hoa_reserve_funds/,,,,"HOA reserve funds I received HOA documents for a 8 unit complex, they are going from 320 to 350 monthly taking 10% for reserve funds annually, around $3600 however they only have $400 currently and when I asked the association they claim a unit hasn’t paid their part, that unit is now in foreclosure. Should I walk out!? Thanks for your help",hoa reserve funds i received hoa documents for a 8 unit complex they are going from 320 to 350 monthly taking 10 for reserve funds annually around 3600 however they only have 400 currently and when i asked the association they claim a unit hasnt paid their part that unit is now in foreclosure. should i walk out!? thanks for your help,Homeowners associations (HOAs),0.8908433,True,distilbert_stage1
k2sv31,FirstTimeHomeBuyer,"Thanks to this thread, I'm putting less than 20% & keeping my interest rate!",After getting annoyed with other folks saying they're putting <10% or <20% down... and throwing myself a pity party because we have 0 debt and 800s credit scores...My husband and I talked to our mortgage guy and are exploring the options of putting 15 or 10% down. We locked in our rate 2.625% (no points) and we were planning on 20% down because we wanted to avoid a PMI. Turns out the rate on our PMI is incredibly low! We can put down less and have more cash in hand for emergencies. This way we,34,29,2020-11-28,https://reddit.com/r/FirstTimeHomeBuyer/comments/k2sv31/thanks_to_this_thread_im_putting_less_than_20/,,,,"Thanks to this thread, I'm putting less than 20% & keeping my interest rate! After getting annoyed with other folks saying they're putting <10% or <20% down... and throwing myself a pity party because we have 0 debt and 800s credit scores...My husband and I talked to our mortgage guy and are exploring the options of putting 15 or 10% down. We locked in our rate 2.625% (no points) and we were planning on 20% down because we wanted to avoid a PMI.",thanks to this thread im putting less than 20 keeping my interest rate! after getting annoyed with other folks saying theyre putting 10 or 20 down... and throwing myself a pity party because we have 0 debt and 800s credit scores...my husband and i talked to our mortgage guy and are exploring the options of putting 15 or 10 down. we locked in our rate 2.625 no points and we were planning on 20 down because we wanted to avoid a pmi.,Home Financing,0.72616464,True,distilbert_stage1
k2j912,FirstTimeHomeBuyer,Is Experian Boost a good idea?,Does Experian Boost really help raise a credit score? Or is it pointless since it's only 1 of 3 credit bureaus?,2,9,2020-11-28,https://reddit.com/r/FirstTimeHomeBuyer/comments/k2j912/is_experian_boost_a_good_idea/,,,,Is Experian Boost a good idea? Does Experian Boost really help raise a credit score? Or is it pointless since it's only 1 of 3 credit bureaus?,is experian boost a good idea? does experian boost really help raise a credit score? or is it pointless since its only 1 of 3 credit bureaus?,Credit scores,0.83787435,True,distilbert_stage1
k2e7gx,FirstTimeHomeBuyer,Starting the home buying process,Hey everyone! I'm about to start the home buying process but not quite sure what my next step should be. I have been following the market and have a good idea of what the situation in the market is. I have checked my credit scores and the reports to make sure everything is correct and have access to all the documents I might need for a pre-approval. Here are my questions: &#x200B; 1. Do I find a realtor or a lender first? 2. Is this the time to shop for a lender or should that be done once I,10,4,2020-11-28,https://reddit.com/r/FirstTimeHomeBuyer/comments/k2e7gx/starting_the_home_buying_process/,,,,Starting the home buying process Hey everyone! I'm about to start the home buying process but not quite sure what my next step should be. I have been following the market and have a good idea of what the situation in the market is.,starting the home buying process hey everyone! im about to start the home buying process but not quite sure what my next step should be. i have been following the market and have a good idea of what the situation in the market is.,Buying Process,0.75587386,True,distilbert_stage1
k29wyq,FirstTimeHomeBuyer,Really struggling with one of the biggest mistakes of a first time homebuyer.,,0,1,2020-11-27,https://reddit.com/r/FirstTimeHomeBuyer/comments/k29wyq/really_struggling_with_one_of_the_biggest/,,,,Really struggling with one of the biggest mistakes of a first time homebuyer.,really struggling with one of the biggest mistakes of a first time homebuyer.,First-time homebuyer programs,0.7309457,True,distilbert_stage1
k27faz,FirstTimeHomeBuyer,"Does this seem reasonable? $395k purchase, 5% down , 810 credit score, 2.75% rate, 2.97 APR",,81,85,2020-11-27,https://reddit.com/r/FirstTimeHomeBuyer/comments/k27faz/does_this_seem_reasonable_395k_purchase_5_down/,,,,"Does this seem reasonable? $395k purchase, 5% down , 810 credit score, 2.75% rate, 2.97 APR",does this seem reasonable? 395k purchase 5 down 810 credit score 2.75 rate 2.97 apr,Credit scores,0.9380005,True,distilbert_stage1
k25uq3,FirstTimeHomeBuyer,Heard nothing yet from appraisal 9 days ago,"We had our appraisal done on 11/18/2020 (last Wednesday) and still haven't heard anything. Due to covid, and more closings here in Minnesota, we are wondering what is an appropriate time before hearing anything and how long has it taken you other homebuyers during covid?",5,12,2020-11-27,https://reddit.com/r/FirstTimeHomeBuyer/comments/k25uq3/heard_nothing_yet_from_appraisal_9_days_ago/,,,,"Heard nothing yet from appraisal 9 days ago We had our appraisal done on 11/18/2020 (last Wednesday) and still haven't heard anything. Due to covid, and more closings here in Minnesota, we are wondering what is an appropriate time before hearing anything and how long has it taken you other homebuyers during covid?",heard nothing yet from appraisal 9 days ago we had our appraisal done on 11182020 last wednesday and still havent heard anything. due to covid and more closings here in minnesota we are wondering what is an appropriate time before hearing anything and how long has it taken you other homebuyers during covid?,Home appraisals,0.7431438,True,distilbert_stage1
k1vwl3,FirstTimeHomeBuyer,Buying a home with kitec pipe yes or no?,Hello. First home buyer here. We recently got married during the pandemic and starting our life by buying our first home🤵‍♂️👰‍♀️ The home we are trying to put an offer has kitec piping. These type of piping has been recall because they would burst unexpectedly. We are not sure what’s the extent of the kitec pipe because the home inspection doesn’t say. The seller is willing to give us 6.5k credit to help with replacing the pipe. Is this a good deal? Should we go through with this? How much doe,0,4,2020-11-27,https://reddit.com/r/FirstTimeHomeBuyer/comments/k1vwl3/buying_a_home_with_kitec_pipe_yes_or_no/,,,,Buying a home with kitec pipe yes or no? Hello. First home buyer here. We recently got married during the pandemic and starting our life by buying our first home🤵‍♂️👰‍♀️ The home we are trying to put an offer has kitec piping.,buying a home with kitec pipe yes or no? hello. first home buyer here. we recently got married during the pandemic and starting our life by buying our first home the home we are trying to put an offer has kitec piping.,Buying Process,0.7334864,True,distilbert_stage1
k1hepn,FirstTimeHomeBuyer,Gnarly Plumbing Issues during Inspection,"Hi everyone! I'm in the process of trying to buy a home with my husband. We are in the inspection phase and one of videos we got of the vent pipes of the home was really alarming. The pipes are cast iron and the one that runs to the kitchen is heavily corroded. We searched through the web to see how much the replacement of cast iron pipes would be for a South Florida home but it such a big range 8,000-50,000 and it seems you won't know until you get a plumbing contractor in there and start break",3,4,2020-11-26,https://reddit.com/r/FirstTimeHomeBuyer/comments/k1hepn/gnarly_plumbing_issues_during_inspection/,,,,Gnarly Plumbing Issues during Inspection Hi everyone! I'm in the process of trying to buy a home with my husband. We are in the inspection phase and one of videos we got of the vent pipes of the home was really alarming.,gnarly plumbing issues during inspection hi everyone! im in the process of trying to buy a home with my husband. we are in the inspection phase and one of videos we got of the vent pipes of the home was really alarming.,Home Inspections,0.91414464,True,distilbert_stage1
k18imo,FirstTimeHomeBuyer,Not sure if I'm in a good state to Buy a house,"I am 25 years old and make about $43k a year and currently have about $3k in savings. No debt or student loans, looking to see if it would be a good idea to get a mortgage with no down payment. I just have a car loan and pay $363 a month with 3 more years left. Total monthly expenses is about $900 and that would leave me with roughly $1300 after taxes, insurance, retirement, etc. My job automatically puts 12% of my salary into retirement and they match it. Looking to purchase no more than $200,0",0,4,2020-11-26,https://reddit.com/r/FirstTimeHomeBuyer/comments/k18imo/not_sure_if_im_in_a_good_state_to_buy_a_house/,,,,"Not sure if I'm in a good state to Buy a house I am 25 years old and make about $43k a year and currently have about $3k in savings. No debt or student loans, looking to see if it would be a good idea to get a mortgage with no down payment. I just have a car loan and pay $363 a month with 3 more years left.",not sure if im in a good state to buy a house i am 25 years old and make about 43k a year and currently have about 3k in savings. no debt or student loans looking to see if it would be a good idea to get a mortgage with no down payment. i just have a car loan and pay 363 a month with 3 more years left.,Home Financing,0.72852975,True,distilbert_stage1
k17ruo,FirstTimeHomeBuyer,Do not trust your inspector,"The title. Especially if they come recommended by the realtor. We were told the dust in our basement was a minor issue and now we’re getting quotes for repointing the entire basement. Apparently inspectors don’t need a terrible amount of training and getting them to be culpable for mistakes is torturous. Call in the relevant contractors for anything you doubt to get hard numbers (plumbers, electricians, basement people etc). And don’t trust your realtor if they push back, they’re trying to clos",22,13,2020-11-26,https://reddit.com/r/FirstTimeHomeBuyer/comments/k17ruo/do_not_trust_your_inspector/,,,,Do not trust your inspector The title. Especially if they come recommended by the realtor. We were told the dust in our basement was a minor issue and now we’re getting quotes for repointing the entire basement.,do not trust your inspector the title. especially if they come recommended by the realtor. we were told the dust in our basement was a minor issue and now were getting quotes for repointing the entire basement.,Home Inspections,0.78666496,True,distilbert_stage1
k0zava,FirstTimeHomeBuyer,Appraisal cost question,"I put an offer on a house and got accepted the same day. I had an inspector ordered and he went through the house, but wasn’t able to see everything that day, and so we planned for him to go back in 3 days. He was there on Friday, and over the weekend my wife and I decided to back out of the house. We informed our agent on Monday of this (which was day 9 in the process) and she was going to write up the release the next day. The next day I get a call that the appraisal was done on Monday (before",0,9,2020-11-25,https://reddit.com/r/FirstTimeHomeBuyer/comments/k0zava/appraisal_cost_question/,,,,"Appraisal cost question I put an offer on a house and got accepted the same day. I had an inspector ordered and he went through the house, but wasn’t able to see everything that day, and so we planned for him to go back in 3 days. He was there on Friday, and over the weekend my wife and I decided to back out of the house.",appraisal cost question i put an offer on a house and got accepted the same day. i had an inspector ordered and he went through the house but wasnt able to see everything that day and so we planned for him to go back in 3 days. he was there on friday and over the weekend my wife and i decided to back out of the house.,Home Inspections,0.7554533,True,distilbert_stage1
k0x5pw,FirstTimeHomeBuyer,Are these closing costs unusually high?,,2,20,2020-11-25,https://reddit.com/r/FirstTimeHomeBuyer/comments/k0x5pw/are_these_closing_costs_unusually_high/,,,,Are these closing costs unusually high?,are these closing costs unusually high?,Closing costs,0.9620259,True,distilbert_stage1
knygd0,FirstTimeHomeBuyer,Is it the worst time to buy a house?,Is it really the worst possible time to buy? I'm renting a lovely apartment with everything I need. It's $1300 a month plus all utilities. (Kinda pricey though) However my lease is up March 31st. I'll need to stay on month to month while I continue my search if I don't find one by then. If I stay month to month I expect my rent to be $1600 a month. (Definitely pricey) I feel like I'm just burning cash because I'm not gaining any equity and I have a down payment and am ready to be a home owner. H,8,15,2020-12-31,https://reddit.com/r/FirstTimeHomeBuyer/comments/knygd0/is_it_the_worst_time_to_buy_a_house/,,,,Is it the worst time to buy a house? Is it really the worst possible time to buy? I'm renting a lovely apartment with everything I need. It's $1300 a month plus all utilities.,is it the worst time to buy a house? is it really the worst possible time to buy? im renting a lovely apartment with everything i need. its 1300 a month plus all utilities.,Renting Process,0.893886,True,distilbert_stage1
knhwpy,FirstTimeHomeBuyer,Closing costs in addition to the lender’s costs?,Just got a prequal doc from a lender that itemizes the estimated closing costs. Are there other closing costs in addition to what the lender has quoted that I should be prepared for?,1,2,2020-12-31,https://reddit.com/r/FirstTimeHomeBuyer/comments/knhwpy/closing_costs_in_addition_to_the_lenders_costs/,,,,Closing costs in addition to the lender’s costs? Just got a prequal doc from a lender that itemizes the estimated closing costs. Are there other closing costs in addition to what the lender has quoted that I should be prepared for?,closing costs in addition to the lenders costs? just got a prequal doc from a lender that itemizes the estimated closing costs. are there other closing costs in addition to what the lender has quoted that i should be prepared for?,Closing costs,0.9637491,True,distilbert_stage1
kncmrb,FirstTimeHomeBuyer,“Mortgage protection plan” scam,,5,15,2020-12-30,https://reddit.com/r/FirstTimeHomeBuyer/comments/kncmrb/mortgage_protection_plan_scam/,,,,“Mortgage protection plan” scam,mortgage protection plan scam,Real estate scams and fraud prevention,0.93970686,True,distilbert_stage1
knaimj,FirstTimeHomeBuyer,"How to buy a ""fixer upper""","I got pre-approved earlier this December, but my wife and I decided to start looking earnestly in mid-february with my 2020 tax returns... As is (with only 1 year, self employed) the pre-approval was for a 30yr conventional, and the amount was pretty reasonable for the area we're looking and what we consider affordable for our lifestyle, if only slightly on the low side. **The problem is**, what we want is land, and any place that has land, rural, and in our range, needs a little work, o",2,8,2020-12-30,https://reddit.com/r/FirstTimeHomeBuyer/comments/knaimj/how_to_buy_a_fixer_upper/,,,,"How to buy a ""fixer upper"" I got pre-approved earlier this December, but my wife and I decided to start looking earnestly in mid-february with my 2020 tax returns... As is (with only 1 year, self employed) the pre-approval was for a 30yr conventional, and the amount was pretty reasonable for the area we're looking and what we consider affordable for our lifestyle, if only slightly on the low side. **The problem is**, what we want is land, and any place that has land, rural, and in our range, needs a little work, or might be a beautifully kept double wide that's 20 years old.",how to buy a fixer upper i got preapproved earlier this december but my wife and i decided to start looking earnestly in midfebruary with my 2020 tax returns... as is with only 1 year self employed the preapproval was for a 30yr conventional and the amount was pretty reasonable for the area were looking and what we consider affordable for our lifestyle if only slightly on the low side. the problem is what we want is land and any place that has land rural and in our range needs a little work or might be a beautifully kept double wide thats 20 years old.,Loan pre-approval,0.9703965,True,distilbert_stage1
kn5j3s,FirstTimeHomeBuyer,Transferring money for down payment,,1,3,2020-12-30,https://reddit.com/r/FirstTimeHomeBuyer/comments/kn5j3s/transferring_money_for_down_payment/,,,,Transferring money for down payment,transferring money for down payment,Down payment options,0.93989646,True,distilbert_stage1
kmt3b7,FirstTimeHomeBuyer,My Home Buying Process So Far,"Hi everyone! I promised to keep some of ya’ll updated in my home buying process but here is what is happening so far. I am 22F and my fiancé (28 M) and we got pre approved two weeks ago, and the next day went to tour three houses. I had been scouring the market on realtor prior to the process to see certain houses. I liked three different houses a lot, but fell in love with one specifically over photos. I was very excited to see it in person. When we saw it, it confirmed my love for it. Our re",1,8,2020-12-30,https://reddit.com/r/FirstTimeHomeBuyer/comments/kmt3b7/my_home_buying_process_so_far/,,,,"My Home Buying Process So Far Hi everyone! I promised to keep some of ya’ll updated in my home buying process but here is what is happening so far. I am 22F and my fiancé (28 M) and we got pre approved two weeks ago, and the next day went to tour three houses.",my home buying process so far hi everyone! i promised to keep some of yall updated in my home buying process but here is what is happening so far. i am 22f and my fianc 28 m and we got pre approved two weeks ago and the next day went to tour three houses.,Buying Process,0.7692041,True,distilbert_stage1
kmk730,FirstTimeHomeBuyer,Questions about my loan process!,"Hi there, I am currently a first time homebuyer trying to buy a new build. We decided to go with our builder lender as they were offering great incentives. We got prequalified and went under contract. In our contract it said we needed a conditional approval within 30 days. Our loan officer did not follow up with us for several days after she was sent our contract. We then submitted all the paper work she had requested. Days then go buy and she says she has more paperwork before she can send us",2,2,2020-12-29,https://reddit.com/r/FirstTimeHomeBuyer/comments/kmk730/questions_about_my_loan_process/,,,,"Questions about my loan process! Hi there, I am currently a first time homebuyer trying to buy a new build. We decided to go with our builder lender as they were offering great incentives. We got prequalified and went under contract.",questions about my loan process! hi there i am currently a first time homebuyer trying to buy a new build. we decided to go with our builder lender as they were offering great incentives. we got prequalified and went under contract.,Home Financing,0.7174913,True,distilbert_stage1
kmdrgl,FirstTimeHomeBuyer,What to ask for in inspection,"Hi! We are buying a 1998-built home in NC. We offered 7k over asking because it's an extremely hot market here, with a contingency that the seller fix a roof leak and drywall damage that was visibly worsening when we visited the house in the rain. We will still need a new HVAC and roof in the next year or so. We've now had an official inspection and nothing too major has come up (but we will prob need a new water heater too as it is also original). My realtor doesn't want me to ask them to fix",1,8,2020-12-29,https://reddit.com/r/FirstTimeHomeBuyer/comments/kmdrgl/what_to_ask_for_in_inspection/,,,,"What to ask for in inspection Hi! We are buying a 1998-built home in NC. We offered 7k over asking because it's an extremely hot market here, with a contingency that the seller fix a roof leak and drywall damage that was visibly worsening when we visited the house in the rain.",what to ask for in inspection hi! we are buying a 1998built home in nc. we offered 7k over asking because its an extremely hot market here with a contingency that the seller fix a roof leak and drywall damage that was visibly worsening when we visited the house in the rain.,Home Inspections,0.89816433,True,distilbert_stage1
km8cq8,FirstTimeHomeBuyer,Started the pre-approval process today! Any tips for a young couple looking for their first home?,,4,7,2020-12-29,https://reddit.com/r/FirstTimeHomeBuyer/comments/km8cq8/started_the_preapproval_process_today_any_tips/,,,,Started the pre-approval process today! Any tips for a young couple looking for their first home?,started the preapproval process today! any tips for a young couple looking for their first home?,Loan pre-approval,0.84945124,True,distilbert_stage1
l9o6jz,FirstTimeHomeBuyer,"Offer on a house, almost a week later","Hi all, I put in an offer on a house (280K, home listed at 279k) last Monday Jan 25th, waited until Friday to hear back that someone put in 285K and gave us a chance to counter their offer to which we did at 292500, then told they were going to continue showings throughout the weekend. Maybe I’m just impatient, but is it normal to be waiting this long? At this point I’m ready to say screw this house and keep on looking. What would you guys do?",2,4,2021-01-31,https://reddit.com/r/FirstTimeHomeBuyer/comments/l9o6jz/offer_on_a_house_almost_a_week_later/,,,,"Offer on a house, almost a week later Hi all, I put in an offer on a house (280K, home listed at 279k) last Monday Jan 25th, waited until Friday to hear back that someone put in 285K and gave us a chance to counter their offer to which we did at 292500, then told they were going to continue showings throughout the weekend. Maybe I’m just impatient, but is it normal to be waiting this long? At this point I’m ready to say screw this house and keep on looking.",offer on a house almost a week later hi all i put in an offer on a house 280k home listed at 279k last monday jan 25th waited until friday to hear back that someone put in 285k and gave us a chance to counter their offer to which we did at 292500 then told they were going to continue showings throughout the weekend. maybe im just impatient but is it normal to be waiting this long? at this point im ready to say screw this house and keep on looking.,Buying Process,0.7569131,True,distilbert_stage1
l9jn8l,FirstTimeHomeBuyer,Another pre-approval question,"Hi everyone! We are applying for pre-approval this week now that we have filed our tax returns. My partner's family has offered to provide us with a small down payment gift, but we will probably not receive it until after our pre-approval has been submitted. Will we still be able to use it toward the down payment? I guess I just don't fully understand how the whole process works in terms of what can and cannot be used to fund the down payment. We have a 5% down payment saved currently (plus eme",1,2,2021-01-31,https://reddit.com/r/FirstTimeHomeBuyer/comments/l9jn8l/another_preapproval_question/,,,,"Another pre-approval question Hi everyone! We are applying for pre-approval this week now that we have filed our tax returns. My partner's family has offered to provide us with a small down payment gift, but we will probably not receive it until after our pre-approval has been submitted.",another preapproval question hi everyone! we are applying for preapproval this week now that we have filed our tax returns. my partners family has offered to provide us with a small down payment gift but we will probably not receive it until after our preapproval has been submitted.,Loan pre-approval,0.77765965,True,distilbert_stage1
l97k6k,FirstTimeHomeBuyer,First Time Buyer,"can someone tell me the difference between a DOWN PAYMENT, an OFFER and the CLOSING COSTS",0,3,2021-01-31,https://reddit.com/r/FirstTimeHomeBuyer/comments/l97k6k/first_time_buyer/,,,,"First Time Buyer can someone tell me the difference between a DOWN PAYMENT, an OFFER and the CLOSING COSTS",first time buyer can someone tell me the difference between a down payment an offer and the closing costs,Down payment options,0.9560088,True,distilbert_stage1
l96teq,FirstTimeHomeBuyer,What closing costs does the buyer have?,,3,5,2021-01-31,https://reddit.com/r/FirstTimeHomeBuyer/comments/l96teq/what_closing_costs_does_the_buyer_have/,,,,What closing costs does the buyer have?,what closing costs does the buyer have?,Closing costs,0.96660864,True,distilbert_stage1
l95eit,FirstTimeHomeBuyer,Looking for lender suggestion in NJ,Any good lender suggestion for jersey city and near by areas in New Jersey? Want to apply for pre-approval and hoping to use them once we finalize and go under contract too!,1,1,2021-01-31,https://reddit.com/r/FirstTimeHomeBuyer/comments/l95eit/looking_for_lender_suggestion_in_nj/,,,,Looking for lender suggestion in NJ Any good lender suggestion for jersey city and near by areas in New Jersey? Want to apply for pre-approval and hoping to use them once we finalize and go under contract too!,looking for lender suggestion in nj any good lender suggestion for jersey city and near by areas in new jersey? want to apply for preapproval and hoping to use them once we finalize and go under contract too!,Loan pre-approval,0.97069293,True,distilbert_stage1
l8w8yb,FirstTimeHomeBuyer,Use of Retirement Savings for Purchase,"In planning for a first time home purchase, meeting the 20% down payment rule of thumb is not always realistic. It seems that most lenders would require mortgage insurance if you cannot meet that 20% down payment. I am wondering if it is in my best interest to use withdraw some of my Roth IRA savings to ensure that I meet the 20% down payment and don’t need to pay ~$100/month to have mortgage insurance. Obviously I don’t want to withdraw money saved for retirement unless absolutely necessary",1,8,2021-01-30,https://reddit.com/r/FirstTimeHomeBuyer/comments/l8w8yb/use_of_retirement_savings_for_purchase/,,,,"Use of Retirement Savings for Purchase In planning for a first time home purchase, meeting the 20% down payment rule of thumb is not always realistic. It seems that most lenders would require mortgage insurance if you cannot meet that 20% down payment. I am wondering if it is in my best interest to use withdraw some of my Roth IRA savings to ensure that I meet the 20% down payment and don’t need to pay ~$100/month to have mortgage insurance.",use of retirement savings for purchase in planning for a first time home purchase meeting the 20 down payment rule of thumb is not always realistic. it seems that most lenders would require mortgage insurance if you cannot meet that 20 down payment. i am wondering if it is in my best interest to use withdraw some of my roth ira savings to ensure that i meet the 20 down payment and dont need to pay 100month to have mortgage insurance.,Down payment options,0.9570157,True,distilbert_stage1
l7xiaq,FirstTimeHomeBuyer,2 family home. 875K price. 700K loan. 2.5% rate. Rate lock fee will be refunded. What do you think of the closing cost? (First time buyer) NYC,,3,12,2021-01-29,https://reddit.com/r/FirstTimeHomeBuyer/comments/l7xiaq/2_family_home_875k_price_700k_loan_25_rate_rate/,,,,2 family home. 875K price. 700K loan. 2.5% rate. Rate lock fee will be refunded. What do you think of the closing cost? (First time buyer) NYC,2 family home. 875k price. 700k loan. 2.5 rate. rate lock fee will be refunded. what do you think of the closing cost? first time buyer nyc,Closing costs,0.7284528,True,distilbert_stage1
l7t5xx,FirstTimeHomeBuyer,Debt free on paper,"Question for loan officers or loan savvy individuals: I'm in the process of applying for pre-approval with my spouse. On paper, we are debt free. No car payment, no credit card debt, no loans, no child support, etc. However, we have been making monthly payments to my parents for the last three-ish years after they helped pay off my partner's student loans. My parents are super chill about us paying them back. They are not charging us interest, and they trust me to keep track of how much we stil",3,10,2021-01-29,https://reddit.com/r/FirstTimeHomeBuyer/comments/l7t5xx/debt_free_on_paper/,,,,"Debt free on paper Question for loan officers or loan savvy individuals: I'm in the process of applying for pre-approval with my spouse. On paper, we are debt free. No car payment, no credit card debt, no loans, no child support, etc.",debt free on paper question for loan officers or loan savvy individuals im in the process of applying for preapproval with my spouse. on paper we are debt free. no car payment no credit card debt no loans no child support etc.,Loan pre-approval,0.9398389,True,distilbert_stage1
lujisa,FirstTimeHomeBuyer,Why do two homes in the same area have radically different property tax assessments?,"Researching homes in my area, I'm very confused as to the property tax assessment values. I know it's something we're going to have to add in to the home prices, but I don't know where these numbers are coming from. Case in point, one of the areas I'm looking at with my wife; &#x200B; In one home, \~420k, they paid 9.5k in 2020 - [",6,7,2021-02-28,https://reddit.com/r/FirstTimeHomeBuyer/comments/lujisa/why_do_two_homes_in_the_same_area_have_radically/,,,,"Why do two homes in the same area have radically different property tax assessments? Researching homes in my area, I'm very confused as to the property tax assessment values. I know it's something we're going to have to add in to the home prices, but I don't know where these numbers are coming from. Case in point, one of the areas I'm looking at with my wife; &#x200B; In one home, \~420k, they paid 9.5k in 2020 - [ In another, \~400k, just across the street they paid 7k despite it being valued HIGHER than the first home - [ &#x200B; Am I missing something here?",why do two homes in the same area have radically different property tax assessments? researching homes in my area im very confused as to the property tax assessment values. i know its something were going to have to add in to the home prices but i dont know where these numbers are coming from. case in point one of the areas im looking at with my wife x200b in one home 420k they paid 9.5k in 2020 in another 400k just across the street they paid 7k despite it being valued higher than the first home x200b am i missing something here?,Property taxes,0.7283552,True,distilbert_stage1
lu2auk,FirstTimeHomeBuyer,Waiting game,I have just put in my second offer on a house that turned into a multiple offer situation. They don’t decide until tomorrow night. Any suggestions for how to avoid the constant anxiety? I keep looking for furnishings for that specific house and it’s making things worse.,2,17,2021-02-28,https://reddit.com/r/FirstTimeHomeBuyer/comments/lu2auk/waiting_game/,,,,Waiting game I have just put in my second offer on a house that turned into a multiple offer situation. They don’t decide until tomorrow night. Any suggestions for how to avoid the constant anxiety?,waiting game i have just put in my second offer on a house that turned into a multiple offer situation. they dont decide until tomorrow night. any suggestions for how to avoid the constant anxiety?,Buying Process,0.70033467,True,distilbert_stage1
ltqj62,FirstTimeHomeBuyer,(Serious) How do you compare APR’s from lenders? Do you ask before or after preapproval?,First time homebuyer who looked all last fall with a online agent and her recommended mortgage broker - we didn’t know to shop around (no family to guide us through) for mortgage lenders or that was even a thing people did. We were preapproved (noticed it on the credit) and never bid on anything. Now looking in a different state and have an opportunity to shop for lenders. When do you ask a lender about APR rates? Do you ask in the intro call? Is it when they roughly pre-qualify you? Is it bef,7,6,2021-02-27,https://reddit.com/r/FirstTimeHomeBuyer/comments/ltqj62/serious_how_do_you_compare_aprs_from_lenders_do/,,,,(Serious) How do you compare APR’s from lenders? Do you ask before or after preapproval? First time homebuyer who looked all last fall with a online agent and her recommended mortgage broker - we didn’t know to shop around (no family to guide us through) for mortgage lenders or that was even a thing people did. We were preapproved (noticed it on the credit) and never bid on anything. Now looking in a different state and have an opportunity to shop for lenders.,serious how do you compare aprs from lenders? do you ask before or after preapproval? first time homebuyer who looked all last fall with a online agent and her recommended mortgage broker we didnt know to shop around no family to guide us through for mortgage lenders or that was even a thing people did. we were preapproved noticed it on the credit and never bid on anything. now looking in a different state and have an opportunity to shop for lenders.,Loan pre-approval,0.86407876,True,distilbert_stage1
ltobq7,FirstTimeHomeBuyer,Teacher Nextdoor Program/Bank of England Mortgage Lender,"I’m wondering if any of you have used the Teacher Nextdoor Program. It is a private company that assists teachers, healthcare workers, first responders, and some other professions with the first time homebuyer process. The program is available in several states. I’m looking in Massachusetts. Apparently, they use Bank of England for mortgages and use a few local real estate brokers. I’d love to here recommendations if you’re familiar. Also, if you have any recommendations for a buyers’ agent and",5,7,2021-02-27,https://reddit.com/r/FirstTimeHomeBuyer/comments/ltobq7/teacher_nextdoor_programbank_of_england_mortgage/,,,,"Teacher Nextdoor Program/Bank of England Mortgage Lender I’m wondering if any of you have used the Teacher Nextdoor Program. It is a private company that assists teachers, healthcare workers, first responders, and some other professions with the first time homebuyer process. The program is available in several states.",teacher nextdoor programbank of england mortgage lender im wondering if any of you have used the teacher nextdoor program. it is a private company that assists teachers healthcare workers first responders and some other professions with the first time homebuyer process. the program is available in several states.,First-time homebuyer programs,0.9085308,True,distilbert_stage1
lt5971,FirstTimeHomeBuyer,Oklahoma Down Payment Assistance,"Has anybody in OK ever used the OHFA Homebuyer Down Payment Assistance? They ""offer 3.5% of your loan amount to be applied to any down payment required for your loan."" We're looking to put down 10% on a VA Loan, but how do you receive the 3.5%?",3,4,2021-02-26,https://reddit.com/r/FirstTimeHomeBuyer/comments/lt5971/oklahoma_down_payment_assistance/,,,,"Oklahoma Down Payment Assistance Has anybody in OK ever used the OHFA Homebuyer Down Payment Assistance? They ""offer 3.5% of your loan amount to be applied to any down payment required for your loan."" We're looking to put down 10% on a VA Loan, but how do you receive the 3.5%?",oklahoma down payment assistance has anybody in ok ever used the ohfa homebuyer down payment assistance? they offer 3.5 of your loan amount to be applied to any down payment required for your loan. were looking to put down 10 on a va loan but how do you receive the 3.5?,Down payment options,0.91121966,True,distilbert_stage1
lt4gus,FirstTimeHomeBuyer,My lender will only prequal me without verifying my financials. No verified prequal and no preapproval. Do I need to find another lender?,,3,6,2021-02-26,https://reddit.com/r/FirstTimeHomeBuyer/comments/lt4gus/my_lender_will_only_prequal_me_without_verifying/,,,,My lender will only prequal me without verifying my financials. No verified prequal and no preapproval. Do I need to find another lender?,my lender will only prequal me without verifying my financials. no verified prequal and no preapproval. do i need to find another lender?,Loan pre-approval,0.8020858,True,distilbert_stage1
lsvmxh,FirstTimeHomeBuyer,"Just got pre-approved, but hours temporarily reduced at work","I work in construction, work picks up again in about a month, but we all went to 4 days a week to avoid layoffs. My wife and I are already pre-approved at 3 places but I'm concerned about what happens when my paystubs get to underwriting. They saw at least 2 weeks of 32 hours for pre-approval, but I know underwriting is much more stringent. Should I let the lenders know about this immediately or hope work picks up before we close? For the record we *just* started looking, we see our first hou",5,8,2021-02-26,https://reddit.com/r/FirstTimeHomeBuyer/comments/lsvmxh/just_got_preapproved_but_hours_temporarily/,,,,"Just got pre-approved, but hours temporarily reduced at work I work in construction, work picks up again in about a month, but we all went to 4 days a week to avoid layoffs. My wife and I are already pre-approved at 3 places but I'm concerned about what happens when my paystubs get to underwriting. They saw at least 2 weeks of 32 hours for pre-approval, but I know underwriting is much more stringent.",just got preapproved but hours temporarily reduced at work i work in construction work picks up again in about a month but we all went to 4 days a week to avoid layoffs. my wife and i are already preapproved at 3 places but im concerned about what happens when my paystubs get to underwriting. they saw at least 2 weeks of 32 hours for preapproval but i know underwriting is much more stringent.,Loan pre-approval,0.874681,True,distilbert_stage1
lsrbjt,FirstTimeHomeBuyer,How should I optimize pre-approvals to reduce impact on credit score?,"I wanted to shop around to get the best pre-approval rate, but don't want to hit my credit score too much. What is the best way to go about this? P.S. I am now starting to go to open houses but want to ideally make an offer within the next few weeks",2,3,2021-02-26,https://reddit.com/r/FirstTimeHomeBuyer/comments/lsrbjt/how_should_i_optimize_preapprovals_to_reduce/,,,,"How should I optimize pre-approvals to reduce impact on credit score? I wanted to shop around to get the best pre-approval rate, but don't want to hit my credit score too much. What is the best way to go about this? P.S.",how should i optimize preapprovals to reduce impact on credit score? i wanted to shop around to get the best preapproval rate but dont want to hit my credit score too much. what is the best way to go about this? p.s.,Loan pre-approval,0.7912483,True,distilbert_stage1
mhenyy,FirstTimeHomeBuyer,Inspection Advice - what would do .,"Had inspection done on 1956 home, offered 275 on a 269.9 list with 10k down escrow nothing waived after they countered with best and final. As current offer we’re looking at 55k down and 12k in closing. Property was sitting on market for 200 days. Appraisal has not been scheduled yet comps show this could be on high side of bank appraisal. House will need a lot of updating . Overall we are happy with the result and not feeling pressure to negotiate on anything besides two big concerns . Ro",1,7,2021-03-31,https://reddit.com/r/FirstTimeHomeBuyer/comments/mhenyy/inspection_advice_what_would_do/,,,,"Inspection Advice - what would do . Had inspection done on 1956 home, offered 275 on a 269.9 list with 10k down escrow nothing waived after they countered with best and final. As current offer we’re looking at 55k down and 12k in closing. Property was sitting on market for 200 days.",inspection advice what would do . had inspection done on 1956 home offered 275 on a 269.9 list with 10k down escrow nothing waived after they countered with best and final. as current offer were looking at 55k down and 12k in closing. property was sitting on market for 200 days.,Property inspections,0.7044827,True,distilbert_stage1
mhatw0,FirstTimeHomeBuyer,Post Inspection negotiations,My inspection turned up a variety of little items in need of repair and a few big ticket items. The owners have agreed to replace the electrical panel but refused to replace the 37 yr old furnace and AC. I countered with 2k purchase price reduction and 5k at closing. They came back with no reduction in price and 4K at closing. At this point should I just accept or make another counter offer. My realtor is acting as a broker for both of us so would be happy if I just accept. UPDATE: I accepted,4,4,2021-03-31,https://reddit.com/r/FirstTimeHomeBuyer/comments/mhatw0/post_inspection_negotiations/,,,,Post Inspection negotiations My inspection turned up a variety of little items in need of repair and a few big ticket items. The owners have agreed to replace the electrical panel but refused to replace the 37 yr old furnace and AC. I countered with 2k purchase price reduction and 5k at closing.,post inspection negotiations my inspection turned up a variety of little items in need of repair and a few big ticket items. the owners have agreed to replace the electrical panel but refused to replace the 37 yr old furnace and ac. i countered with 2k purchase price reduction and 5k at closing.,Property inspections,0.8589994,True,distilbert_stage1
mh1d0x,FirstTimeHomeBuyer,FTHB in CA needing advice on addressing inspection items,"Hi everyone, I am a First-time homebuyer in CA, and I wanted fellow redditors' thoughts on asking for repairs or credit from the buyer, and if so how much, on the inspection items listed below ? I tried to just include the most serious stuff from the inspection... **- Venting System**: Condensate (Drain) Line was missing \- **Gas Piping**: Corrugated stainless steel tubing (CSST) needs grounding, bonding **- Re-seal cracked caulk/grout in bathroom to prevent moisture intrusion:** mostly",1,4,2021-03-31,https://reddit.com/r/FirstTimeHomeBuyer/comments/mh1d0x/fthb_in_ca_needing_advice_on_addressing/,,,,"FTHB in CA needing advice on addressing inspection items Hi everyone, I am a First-time homebuyer in CA, and I wanted fellow redditors' thoughts on asking for repairs or credit from the buyer, and if so how much, on the inspection items listed below ? I tried to just include the most serious stuff from the inspection... **- Venting System**: Condensate (Drain) Line was missing \- **Gas Piping**: Corrugated stainless steel tubing (CSST) needs grounding, bonding **- Re-seal cracked caulk/grout in bathroom to prevent moisture intrusion:** mostly in master bathroom (e.g.",fthb in ca needing advice on addressing inspection items hi everyone i am a firsttime homebuyer in ca and i wanted fellow redditors thoughts on asking for repairs or credit from the buyer and if so how much on the inspection items listed below ? i tried to just include the most serious stuff from the inspection... venting system condensate drain line was missing gas piping corrugated stainless steel tubing csst needs grounding bonding reseal cracked caulkgrout in bathroom to prevent moisture intrusion mostly in master bathroom e.g.,Home Inspections,0.7056484,True,distilbert_stage1
mgy45a,FirstTimeHomeBuyer,Are any closing costs negotiable?,,2,3,2021-03-31,https://reddit.com/r/FirstTimeHomeBuyer/comments/mgy45a/are_any_closing_costs_negotiable/,,,,Are any closing costs negotiable?,are any closing costs negotiable?,Closing costs,0.95103145,True,distilbert_stage1
mgxxrr,FirstTimeHomeBuyer,Seller trying to back out due to need for second appraisal,"We we're supposed to close on the 31st (also the settlement date for the contract), however, on the 24th we found out after our lender starting dealing with the title company that the house we're buying was flipped within the 180 day limit and would require a second appraisal. Unfortunately this wasn't anticipated by the sellers (who flip houses for a living) or our realtor leading up to this. Now the sellers are trying to back out of the deal because the closing date needs to be pushed back a",4,7,2021-03-31,https://reddit.com/r/FirstTimeHomeBuyer/comments/mgxxrr/seller_trying_to_back_out_due_to_need_for_second/,,,,"Seller trying to back out due to need for second appraisal We we're supposed to close on the 31st (also the settlement date for the contract), however, on the 24th we found out after our lender starting dealing with the title company that the house we're buying was flipped within the 180 day limit and would require a second appraisal. Unfortunately this wasn't anticipated by the sellers (who flip houses for a living) or our realtor leading up to this. Now the sellers are trying to back out of the deal because the closing date needs to be pushed back a week for this second appraisal.",seller trying to back out due to need for second appraisal we were supposed to close on the 31st also the settlement date for the contract however on the 24th we found out after our lender starting dealing with the title company that the house were buying was flipped within the 180 day limit and would require a second appraisal. unfortunately this wasnt anticipated by the sellers who flip houses for a living or our realtor leading up to this. now the sellers are trying to back out of the deal because the closing date needs to be pushed back a week for this second appraisal.,Real estate flipping,0.9194183,True,distilbert_stage1
mgwkkn,FirstTimeHomeBuyer,Going over budget- do you regret? Do you wish you had gone over budget? Or Bally?,Pretty much as title says. Our max budget was 350k and it’s already looking like we will stretch it to 370-400 but I’m worried about the payment. I know we can afford it but it’s a pretty big difference to what we pay now that it has me spooked. We just want to love our new house and school district. Even at 400k puts us at 32% dti which idk if that’s good or bad.,7,11,2021-03-31,https://reddit.com/r/FirstTimeHomeBuyer/comments/mgwkkn/going_over_budget_do_you_regret_do_you_wish_you/,,,,Going over budget- do you regret? Do you wish you had gone over budget? Or Bally? Pretty much as title says. Our max budget was 350k and it’s already looking like we will stretch it to 370-400 but I’m worried about the payment. I know we can afford it but it’s a pretty big difference to what we pay now that it has me spooked.,going over budget do you regret? do you wish you had gone over budget? or bally? pretty much as title says. our max budget was 350k and its already looking like we will stretch it to 370400 but im worried about the payment. i know we can afford it but its a pretty big difference to what we pay now that it has me spooked.,Affordability,0.84195864,True,distilbert_stage1
mgp1gz,FirstTimeHomeBuyer,Considering buying a new construction home. Need help since I'm a total noob.,Okay basically I'm new to this. I have a few small questions. 1) Do I negotiate on price? 2) Hidden Fee's I should watch out for? 3) Anyway not to be part of a HOA? 4) Do I need an agent? 5) Do I kind of just show up and say my bank has pre approved me for a loan? 6) Any tricks they might try to pull.,1,4,2021-03-30,https://reddit.com/r/FirstTimeHomeBuyer/comments/mgp1gz/considering_buying_a_new_construction_home_need/,,,,Considering buying a new construction home. Need help since I'm a total noob. Okay basically I'm new to this. I have a few small questions. 1) Do I negotiate on price?,considering buying a new construction home. need help since im a total noob. okay basically im new to this. i have a few small questions. 1 do i negotiate on price?,Buying Process,0.7285673,True,distilbert_stage1
n26dvn,FirstTimeHomeBuyer,PENDING and maybe a bit nervous...,"**Back Story:** My amazing wife has put with us moving 6 times in 6 years so that I could chase promotions and we could be financially able to afford a home in the PNW. Her entire extended family is here and we wanted to be near a support system before having children. Our most recent move was in January of 2020 to Tacoma, WA... destination at last! We rented with intent of immediately searching for a home. Then... COVID. Fast forward to now, we finally have funds and are in the correct locati",1,4,2021-04-30,https://reddit.com/r/FirstTimeHomeBuyer/comments/n26dvn/pending_and_maybe_a_bit_nervous/,,,,"PENDING and maybe a bit nervous... **Back Story:** My amazing wife has put with us moving 6 times in 6 years so that I could chase promotions and we could be financially able to afford a home in the PNW. Her entire extended family is here and we wanted to be near a support system before having children. Our most recent move was in January of 2020 to Tacoma, WA...",pending and maybe a bit nervous... back story my amazing wife has put with us moving 6 times in 6 years so that i could chase promotions and we could be financially able to afford a home in the pnw. her entire extended family is here and we wanted to be near a support system before having children. our most recent move was in january of 2020 to tacoma wa...,Relocation Services,0.8291421,True,distilbert_stage1
n213fw,FirstTimeHomeBuyer,First offer accepted (still not convinced that it actually happened).... but excited to finish the moving process! details in comments,,126,14,2021-04-30,https://reddit.com/r/FirstTimeHomeBuyer/comments/n213fw/first_offer_accepted_still_not_convinced_that_it/,,,,First offer accepted (still not convinced that it actually happened).... but excited to finish the moving process! details in comments,first offer accepted still not convinced that it actually happened.... but excited to finish the moving process! details in comments,Relocation Services,0.7194805,True,distilbert_stage1
n1w94s,FirstTimeHomeBuyer,Underwritten pre-approval,"There are some old posts on this, but throwing this out there for anyone who wants to try and get an edge to their offer. A friend of mine who has multiple properties in Australia told me about it. Asked my broker (in MN) and they said yes, we can do this. Essentially, you can waive finance contingency, but you need your realtor to clearly state in your offer it is still subject to appraisal (you can waive appraisal if you are confident you can cover the gap). The only caveat is, once you are un",2,6,2021-04-30,https://reddit.com/r/FirstTimeHomeBuyer/comments/n1w94s/underwritten_preapproval/,,,,"Underwritten pre-approval There are some old posts on this, but throwing this out there for anyone who wants to try and get an edge to their offer. A friend of mine who has multiple properties in Australia told me about it. Asked my broker (in MN) and they said yes, we can do this.",underwritten preapproval there are some old posts on this but throwing this out there for anyone who wants to try and get an edge to their offer. a friend of mine who has multiple properties in australia told me about it. asked my broker in mn and they said yes we can do this.,Loan pre-approval,0.80758107,True,distilbert_stage1
n1me4s,FirstTimeHomeBuyer,Who determines the cost of work identified in an inspection?,"So I bought a house. Inspection is this weekend. My realtor advised me to put $ towards resolving the inspection contingency. My question is: who determines the cost of the repairs for issues identified in the inspection? For example, if I put $5k towards the inspection, who tallies up the total costs of the inspection repairs to say it’s either above or below $5k? Thanks!",3,6,2021-04-30,https://reddit.com/r/FirstTimeHomeBuyer/comments/n1me4s/who_determines_the_cost_of_work_identified_in_an/,,,,Who determines the cost of work identified in an inspection? So I bought a house. Inspection is this weekend. My realtor advised me to put $ towards resolving the inspection contingency.,who determines the cost of work identified in an inspection? so i bought a house. inspection is this weekend. my realtor advised me to put towards resolving the inspection contingency.,Home Inspections,0.75073475,True,distilbert_stage1
n1i3dh,FirstTimeHomeBuyer,the sky on the 1st photo of every listing,,71,17,2021-04-30,https://reddit.com/r/FirstTimeHomeBuyer/comments/n1i3dh/the_sky_on_the_1st_photo_of_every_listing/,,,,the sky on the 1st photo of every listing,the sky on the 1st photo of every listing,Real estate photography,0.91874033,True,distilbert_stage1
n1erex,FirstTimeHomeBuyer,Lender Pre-Approval Questions. TIA!,"Longtime lurker and have searched and read over some replies to similar questions asked recently on this but answers seemed mixed so hoping to get some clarity on pre-approvals. Got preapproved and talked to a lender this week. She seems great, has been responsive, the rates seem fair, etc. but it seems like we should do our due diligence and at least shop around which is where my questions come in. Thanks in advance for your help! &#x200B; 1. I've seen mixed answers here on how long you have",1,5,2021-04-29,https://reddit.com/r/FirstTimeHomeBuyer/comments/n1erex/lender_preapproval_questions_tia/,,,,"Lender Pre-Approval Questions. TIA! Longtime lurker and have searched and read over some replies to similar questions asked recently on this but answers seemed mixed so hoping to get some clarity on pre-approvals. Got preapproved and talked to a lender this week. She seems great, has been responsive, the rates seem fair, etc.",lender preapproval questions. tia! longtime lurker and have searched and read over some replies to similar questions asked recently on this but answers seemed mixed so hoping to get some clarity on preapprovals. got preapproved and talked to a lender this week. she seems great has been responsive the rates seem fair etc.,Loan pre-approval,0.88737285,True,distilbert_stage1
n0tvha,FirstTimeHomeBuyer,Things are moving along!,"Offer accepted last Friday, Earnest $ wired and received yesterday, rate & terms & DP locked and disclosure sent today for the wife and me to e-sign ~ completed, next up... home inspection on 5/4 and then the appraisal. Baring anything unforseen, closing on June 9th!! First timers here and it's going good yet I remain alert and nervous (mainly because I'm an anxious person anyway)!",12,2,2021-04-29,https://reddit.com/r/FirstTimeHomeBuyer/comments/n0tvha/things_are_moving_along/,,,,"Things are moving along! Offer accepted last Friday, Earnest $ wired and received yesterday, rate & terms & DP locked and disclosure sent today for the wife and me to e-sign ~ completed, next up... home inspection on 5/4 and then the appraisal. Baring anything unforseen, closing on June 9th!!",things are moving along! offer accepted last friday earnest wired and received yesterday rate terms dp locked and disclosure sent today for the wife and me to esign completed next up... home inspection on 54 and then the appraisal. baring anything unforseen closing on june 9th!!,Home Inspections,0.8797637,True,distilbert_stage1
n0nzgj,FirstTimeHomeBuyer,Under contract and want to puke,"Is this normal? I’m almost through my week home inspection period and have been asking my realtor lots of questions. I feel like I’m making the right choice and then panic and get cold feet and wonder if I should walk away. My house needs some cosmetic repairs and it feels really expensive for what it is because I bought a home off the market and in a competitive hot market (Boise). I’m scared for the appraisal, if it comes in too low, I’m on the hook for $10K. I can make my mortgage payments bu",27,25,2021-04-28,https://reddit.com/r/FirstTimeHomeBuyer/comments/n0nzgj/under_contract_and_want_to_puke/,,,,Under contract and want to puke Is this normal? I’m almost through my week home inspection period and have been asking my realtor lots of questions. I feel like I’m making the right choice and then panic and get cold feet and wonder if I should walk away.,under contract and want to puke is this normal? im almost through my week home inspection period and have been asking my realtor lots of questions. i feel like im making the right choice and then panic and get cold feet and wonder if i should walk away.,Home Inspections,0.898641,True,distilbert_stage1
np64ha,FirstTimeHomeBuyer,Checked my credit report and found a collections mark from 4 years ago,"So some context: Me and my wife found a lot through DR Horton in Texas and have our home being built currently. Closing is Aug 5th. No derogatory marks on credit check, preapproved with ease and qualified through the in house lender easily. Now to my concern... I got a notification that something popped up on my credit report this morning. It’s $3k in collections from 2016 that I never got calls for. I will dispute it once we move into our home and are done with the mortgage process in",1,8,2021-05-31,https://reddit.com/r/FirstTimeHomeBuyer/comments/np64ha/checked_my_credit_report_and_found_a_collections/,,,,"Checked my credit report and found a collections mark from 4 years ago So some context: Me and my wife found a lot through DR Horton in Texas and have our home being built currently. Closing is Aug 5th. No derogatory marks on credit check, preapproved with ease and qualified through the in house lender easily.",checked my credit report and found a collections mark from 4 years ago so some context me and my wife found a lot through dr horton in texas and have our home being built currently. closing is aug 5th. no derogatory marks on credit check preapproved with ease and qualified through the in house lender easily.,Loan pre-approval,0.75443417,True,distilbert_stage1
nopipm,FirstTimeHomeBuyer,"36k over, still rejected...",This is our 4th offer I think.. we have been looking for nearly a year. This one was the most amazing house.. my favorite we had seen. We offered 36k over and still lost. Listed at 239k and we offered 276k. We've been at this for nearly a year now and I'm so burnt out.,14,19,2021-05-31,https://reddit.com/r/FirstTimeHomeBuyer/comments/nopipm/36k_over_still_rejected/,,,,"36k over, still rejected... This is our 4th offer I think.. we have been looking for nearly a year. This one was the most amazing house..",36k over still rejected... this is our 4th offer i think.. we have been looking for nearly a year. this one was the most amazing house..,Buying Process,0.7701363,True,distilbert_stage1
noojop,FirstTimeHomeBuyer,Just submitted final offer on house I really want. $15k over ask in south florida. Wish me luck but I feel it still may not be enough,See above,122,33,2021-05-31,https://reddit.com/r/FirstTimeHomeBuyer/comments/noojop/just_submitted_final_offer_on_house_i_really_want/,,,,Just submitted final offer on house I really want. $15k over ask in south florida. Wish me luck but I feel it still may not be enough See above,just submitted final offer on house i really want. 15k over ask in south florida. wish me luck but i feel it still may not be enough see above,Buying Process,0.7700819,True,distilbert_stage1
nooc31,FirstTimeHomeBuyer,Hard to wrap my head around hoa fees,"Some condos are 130$ fee, some condos 530$ fee. They seem to be offering the same hoa services? is there something I’m missing? I see a few properties I love but the hoa is 400-500 a month and feel like I’d just be wasting an extra money every year in hoa fees.",7,11,2021-05-31,https://reddit.com/r/FirstTimeHomeBuyer/comments/nooc31/hard_to_wrap_my_head_around_hoa_fees/,,,,"Hard to wrap my head around hoa fees Some condos are 130$ fee, some condos 530$ fee. They seem to be offering the same hoa services? is there something I’m missing?",hard to wrap my head around hoa fees some condos are 130 fee some condos 530 fee. they seem to be offering the same hoa services? is there something im missing?,HOAs,0.9445854,True,distilbert_stage1
nonnky,FirstTimeHomeBuyer,"Anyone used or heard of ""Better""?","Anyone have any experience working with ""Better"" as their lender. Reviews seem extremely positive. I'm just looking at a conventional loan so not sure if their lack of options actually means anything to. Don't care that they don't have any real offices. Some things I'm wondering about: - due to a lack of offices and thus personnel, do they struggle with timelines, specifically appraisals? - they are estimating ""third party costs"" which apply to closing costs I believe. This is estimated at ove",4,18,2021-05-30,https://reddit.com/r/FirstTimeHomeBuyer/comments/nonnky/anyone_used_or_heard_of_better/,,,,"Anyone used or heard of ""Better""? Anyone have any experience working with ""Better"" as their lender. Reviews seem extremely positive. I'm just looking at a conventional loan so not sure if their lack of options actually means anything to.",anyone used or heard of better? anyone have any experience working with better as their lender. reviews seem extremely positive. im just looking at a conventional loan so not sure if their lack of options actually means anything to.,Home Financing,0.7824047,True,distilbert_stage1
noium0,FirstTimeHomeBuyer,Home listed as block; inspection came back as wood frame.,Put an offer in on a home last Monday thinking it was a block home and had the inspection done on Thursday. Report came back stating the home was wood frame. Disappointed and feel like I wasted my time and money slightly.,1,4,2021-05-30,https://reddit.com/r/FirstTimeHomeBuyer/comments/noium0/home_listed_as_block_inspection_came_back_as_wood/,,,,Home listed as block; inspection came back as wood frame. Put an offer in on a home last Monday thinking it was a block home and had the inspection done on Thursday. Report came back stating the home was wood frame. Disappointed and feel like I wasted my time and money slightly.,home listed as block inspection came back as wood frame. put an offer in on a home last monday thinking it was a block home and had the inspection done on thursday. report came back stating the home was wood frame. disappointed and feel like i wasted my time and money slightly.,Home Inspections,0.83322924,True,distilbert_stage1
nogjp5,FirstTimeHomeBuyer,Inspection is 30 pages long!,"My offer was accepted on a 4 beds house, aid 3.5k for earnest, and ordered the inspection...Even though some are minor items that I am not thinking too much about, it came with the following: &#x200B; The house is 30 years...but I am first timer. I am realizing that I might be rushing into this...Any thought?",3,9,2021-05-30,https://reddit.com/r/FirstTimeHomeBuyer/comments/nogjp5/inspection_is_30_pages_long/,,,,"Inspection is 30 pages long! My offer was accepted on a 4 beds house, aid 3.5k for earnest, and ordered the inspection...Even though some are minor items that I am not thinking too much about, it came with the following: &#x200B; The house is 30 years...but I am first timer. I am realizing that I might be rushing into this...Any thought?",inspection is 30 pages long! my offer was accepted on a 4 beds house aid 3.5k for earnest and ordered the inspection...even though some are minor items that i am not thinking too much about it came with the following x200b the house is 30 years...but i am first timer. i am realizing that i might be rushing into this...any thought?,Home Inspections,0.84237677,True,distilbert_stage1
nnznsh,FirstTimeHomeBuyer,Down payment advice?,"Updated for simplicity: FHA So we just applied for three mortgages with lenders that were recommended by a HUD agency as working with people who have fair credit (630 - 680) range. Currently 12k saved toward home Intention of 3.5% down payment (max mortgage 200k, so 7k for down) The rest for closing cost (I took the home buyer course which told me I would expect 4K approx in closing cost based on my area) New York, upstate / rural Quicken told me I’d need 20k down...which seems nuts?",2,21,2021-05-30,https://reddit.com/r/FirstTimeHomeBuyer/comments/nnznsh/down_payment_advice/,,,,"Down payment advice? Updated for simplicity: FHA So we just applied for three mortgages with lenders that were recommended by a HUD agency as working with people who have fair credit (630 - 680) range. Currently 12k saved toward home Intention of 3.5% down payment (max mortgage 200k, so 7k for down) The rest for closing cost (I took the home buyer course which told me I would expect 4K approx in closing cost based on my area) New York, upstate / rural Quicken told me I’d need 20k down...which seems nuts? I don’t know anyone that purchased recently with that much down on the same price point we have.",down payment advice? updated for simplicity fha so we just applied for three mortgages with lenders that were recommended by a hud agency as working with people who have fair credit 630 680 range. currently 12k saved toward home intention of 3.5 down payment max mortgage 200k so 7k for down the rest for closing cost i took the home buyer course which told me i would expect 4k approx in closing cost based on my area new york upstate rural quicken told me id need 20k down...which seems nuts? i dont know anyone that purchased recently with that much down on the same price point we have.,Down payment options,0.8835678,True,distilbert_stage1
nnyrey,FirstTimeHomeBuyer,Question Regarding Estimated PMI for Preapproval vs Actual PMI for Loan,"Hi Everyone, Curious what people are seeing regarding the estimated PMI (both total and %) calculated for your preapproval versus the actual PMI you got. Based on what I've come across online, it seems the actual PMI generally seem to end up being smaller than the estimated PMI calculated for the preapproval. Has this been the case with the folks on here? Thanks!",4,9,2021-05-29,https://reddit.com/r/FirstTimeHomeBuyer/comments/nnyrey/question_regarding_estimated_pmi_for_preapproval/,,,,"Question Regarding Estimated PMI for Preapproval vs Actual PMI for Loan Hi Everyone, Curious what people are seeing regarding the estimated PMI (both total and %) calculated for your preapproval versus the actual PMI you got. Based on what I've come across online, it seems the actual PMI generally seem to end up being smaller than the estimated PMI calculated for the preapproval. Has this been the case with the folks on here?",question regarding estimated pmi for preapproval vs actual pmi for loan hi everyone curious what people are seeing regarding the estimated pmi both total and calculated for your preapproval versus the actual pmi you got. based on what ive come across online it seems the actual pmi generally seem to end up being smaller than the estimated pmi calculated for the preapproval. has this been the case with the folks on here?,Loan pre-approval,0.9373668,True,distilbert_stage1
nnnpbx,FirstTimeHomeBuyer,Apply for a loan 2 separate times in 1 year?,"We are looking to buy a home at the end of the year (~November-December). While we are a ways out, a lender that our realtor recommended thinks that we should apply for a loan now and get preapproved even though the approval will only last 60 days, so that we can see what kind of loan we qualify for and if we need to make any adjustments. Is this a good idea? MyFICO says the hard inquiry would bring our scores down for 6 months, putting us in November for a full recovery. How much can a lender h",2,10,2021-05-29,https://reddit.com/r/FirstTimeHomeBuyer/comments/nnnpbx/apply_for_a_loan_2_separate_times_in_1_year/,,,,"Apply for a loan 2 separate times in 1 year? We are looking to buy a home at the end of the year (~November-December). While we are a ways out, a lender that our realtor recommended thinks that we should apply for a loan now and get preapproved even though the approval will only last 60 days, so that we can see what kind of loan we qualify for and if we need to make any adjustments. Is this a good idea?",apply for a loan 2 separate times in 1 year? we are looking to buy a home at the end of the year novemberdecember. while we are a ways out a lender that our realtor recommended thinks that we should apply for a loan now and get preapproved even though the approval will only last 60 days so that we can see what kind of loan we qualify for and if we need to make any adjustments. is this a good idea?,Loan pre-approval,0.8561342,True,distilbert_stage1
nnc4g3,FirstTimeHomeBuyer,Lender said they would cover some closing costs.,,3,7,2021-05-29,https://reddit.com/r/FirstTimeHomeBuyer/comments/nnc4g3/lender_said_they_would_cover_some_closing_costs/,,,,Lender said they would cover some closing costs.,lender said they would cover some closing costs.,Closing costs,0.94708,True,distilbert_stage1
ob6pwz,FirstTimeHomeBuyer,"i live in a rapidly gentrifying area... am trying to find my first house, offering cash on houses listed <230k. and im losing bidding wars/ cant afford anything decent. help?",,1,4,2021-06-30,https://reddit.com/r/FirstTimeHomeBuyer/comments/ob6pwz/i_live_in_a_rapidly_gentrifying_area_am_trying_to/,,,,"i live in a rapidly gentrifying area... am trying to find my first house, offering cash on houses listed <230k. and im losing bidding wars/ cant afford anything decent. help?",i live in a rapidly gentrifying area... am trying to find my first house offering cash on houses listed 230k. and im losing bidding wars cant afford anything decent. help?,Affordability,0.85854816,True,distilbert_stage1
ob1zm5,FirstTimeHomeBuyer,Inspection report is painful. Debating waking away,"At what point in this market would the inspection make you decided to run? I finally had an offer picked up, offering 5k under asking due to what I saw as cosmetic issues during the showing (unfinished paint job and old, old, two-toned cabinets). However the inspection came back with some concerns that I am not sure are deal breakers but feel Like more than I want to deal with. I had at most expected to deal with painting an updating the kitchen. But the AC is over 20 years old - 10 years mor",2,10,2021-06-30,https://reddit.com/r/FirstTimeHomeBuyer/comments/ob1zm5/inspection_report_is_painful_debating_waking_away/,,,,"Inspection report is painful. Debating waking away At what point in this market would the inspection make you decided to run? I finally had an offer picked up, offering 5k under asking due to what I saw as cosmetic issues during the showing (unfinished paint job and old, old, two-toned cabinets). However the inspection came back with some concerns that I am not sure are deal breakers but feel Like more than I want to deal with.",inspection report is painful. debating waking away at what point in this market would the inspection make you decided to run? i finally had an offer picked up offering 5k under asking due to what i saw as cosmetic issues during the showing unfinished paint job and old old twotoned cabinets. however the inspection came back with some concerns that i am not sure are deal breakers but feel like more than i want to deal with.,Home Inspections,0.8603029,True,distilbert_stage1
oawuds,FirstTimeHomeBuyer,MORTGAGE WITH PNC BANK,"Has anyone used PNC bank for their Mortgage? Thoughts, Tips, help! Thanks",2,3,2021-06-30,https://reddit.com/r/FirstTimeHomeBuyer/comments/oawuds/mortgage_with_pnc_bank/,,,,"MORTGAGE WITH PNC BANK Has anyone used PNC bank for their Mortgage? Thoughts, Tips, help! Thanks",mortgage with pnc bank has anyone used pnc bank for their mortgage? thoughts tips help! thanks,Home Financing,0.82931983,True,distilbert_stage1
oafc9s,FirstTimeHomeBuyer,Home Inspection Results,"FTHBs here! After looking for two months, our fourth offer was finally accepted! It's a cute ranch home from the 1960's that's about 2000 square feet with a basement. We recently completed a home inspection and we're concerned about some of the findings. 1. The sewer pipe is cast iron, and is showing signs of rust about the size of a penny and scattered dots throughout. As far as we are aware, there are no signs of leaking but we were told it is essentially rusting from the inside out. The dra",3,8,2021-06-29,https://reddit.com/r/FirstTimeHomeBuyer/comments/oafc9s/home_inspection_results/,,,,"Home Inspection Results FTHBs here! After looking for two months, our fourth offer was finally accepted! It's a cute ranch home from the 1960's that's about 2000 square feet with a basement.",home inspection results fthbs here! after looking for two months our fourth offer was finally accepted! its a cute ranch home from the 1960s thats about 2000 square feet with a basement.,Home Inspections,0.78496766,True,distilbert_stage1
oacpl9,FirstTimeHomeBuyer,Funny Feeling on Notification,"Hi all - Perhaps I'm simply paranoid. But here's the run-down: I bought a house with cash, and am getting a delayed financing mortgage. It's been a several month headache. The latest is that my loan officer said there was a negative response the underwriter, due to excessive DTI. My wife is on an income-based student loan repayment plan, and per Fannie underwriting guidelines, the underwriter is wrong. My DTI is within limits. (But that's not my question.) I get a funny feeling when my",4,1,2021-06-29,https://reddit.com/r/FirstTimeHomeBuyer/comments/oacpl9/funny_feeling_on_notification/,,,,"Funny Feeling on Notification Hi all - Perhaps I'm simply paranoid. But here's the run-down: I bought a house with cash, and am getting a delayed financing mortgage. It's been a several month headache.",funny feeling on notification hi all perhaps im simply paranoid. but heres the rundown i bought a house with cash and am getting a delayed financing mortgage. its been a several month headache.,Home Financing,0.71786785,True,distilbert_stage1
oabvoj,FirstTimeHomeBuyer,Waiting to Close - Nervous,"Offer accepted (287k with 3.5% down (6k earnest money) and 5k seller credit towards closing). Combined income of \~170k, FICO is roughly 720-730. Have another 15k set aside to handle closing costs and remainder of down payment. Aside from rent, current DTI is \~16%. Property is a duplex so we will be living in one half and renting out the other side to supplement our mortgage. Is there anything we might not be considering here - any potential hiccups? I know on paper we should be all set, but",6,4,2021-06-29,https://reddit.com/r/FirstTimeHomeBuyer/comments/oabvoj/waiting_to_close_nervous/,,,,"Waiting to Close - Nervous Offer accepted (287k with 3.5% down (6k earnest money) and 5k seller credit towards closing). Combined income of \~170k, FICO is roughly 720-730. Have another 15k set aside to handle closing costs and remainder of down payment.",waiting to close nervous offer accepted 287k with 3.5 down 6k earnest money and 5k seller credit towards closing. combined income of 170k fico is roughly 720730. have another 15k set aside to handle closing costs and remainder of down payment.,Down payment options,0.91902304,True,distilbert_stage1
oaasq9,FirstTimeHomeBuyer,Anxious,"Offer accepted 6/19. Inspection completed yesterday. The inspector went over some concerns yesterday including the age of the furnace, age of the air conditioning, the outdoor steps are coming in towards the home that lead up to the front stoop, fireproofing of the garage etc. At what point did you decide to walk or try to determine what to make a negotiation point? Feeling the time crunch here while waiting to get the official report back. Not sure I really understand how the seller can say “no",3,10,2021-06-29,https://reddit.com/r/FirstTimeHomeBuyer/comments/oaasq9/anxious/,,,,"Anxious Offer accepted 6/19. Inspection completed yesterday. The inspector went over some concerns yesterday including the age of the furnace, age of the air conditioning, the outdoor steps are coming in towards the home that lead up to the front stoop, fireproofing of the garage etc.",anxious offer accepted 619. inspection completed yesterday. the inspector went over some concerns yesterday including the age of the furnace age of the air conditioning the outdoor steps are coming in towards the home that lead up to the front stoop fireproofing of the garage etc.,Property inspections,0.82778555,True,distilbert_stage1
oa3xvz,FirstTimeHomeBuyer,How much is a good down payment?,"There is a home for sale near my boyfriend and I that we might be interested in (listed for $55,000), if we go look at it and decide we like it, what would a good down payment be? His dad has great credit (unfortunately neither of us has ever had a credit card, so no credit between the two of us) and has offered to co-sign for us! Does income matter for how much a deposit is going to be? (We both have good jobs, just curious if it affects anything)",1,12,2021-06-29,https://reddit.com/r/FirstTimeHomeBuyer/comments/oa3xvz/how_much_is_a_good_down_payment/,,,,"How much is a good down payment? There is a home for sale near my boyfriend and I that we might be interested in (listed for $55,000), if we go look at it and decide we like it, what would a good down payment be? His dad has great credit (unfortunately neither of us has ever had a credit card, so no credit between the two of us) and has offered to co-sign for us! Does income matter for how much a deposit is going to be?",how much is a good down payment? there is a home for sale near my boyfriend and i that we might be interested in listed for 55000 if we go look at it and decide we like it what would a good down payment be? his dad has great credit unfortunately neither of us has ever had a credit card so no credit between the two of us and has offered to cosign for us! does income matter for how much a deposit is going to be?,Down payment options,0.9035724,True,distilbert_stage1
oa28ed,FirstTimeHomeBuyer,HOA SF Bay Area - Pros and Cons?,"Has anyone been part of a SFH HOA, especially in the peninsula area? We’re finding an absolutely beautiful big home and dues are not bad. I’ll see the disclosures tomorrow. Anything I should specifically review in the disclosures? I know financial statements and available balances are something to see. Pros: - They take care of the outside, one less thing to do - Dues are currently cheap - Have a community center + a full public sports center nearby. Great way to meet people, people with yo",3,8,2021-06-29,https://reddit.com/r/FirstTimeHomeBuyer/comments/oa28ed/hoa_sf_bay_area_pros_and_cons/,,,,"HOA SF Bay Area - Pros and Cons? Has anyone been part of a SFH HOA, especially in the peninsula area? We’re finding an absolutely beautiful big home and dues are not bad. I’ll see the disclosures tomorrow.",hoa sf bay area pros and cons? has anyone been part of a sfh hoa especially in the peninsula area? were finding an absolutely beautiful big home and dues are not bad. ill see the disclosures tomorrow.,HOAs,0.89901006,True,distilbert_stage1
o9slx9,FirstTimeHomeBuyer,"If you're shopping for a new home, please read this. It could save you a lot of time, money and heartache.","Coming from a top producing mortgage team, we've seen a lot of upset home shoppers. It's no secret that we're in what's called a ""seller's market"". Historically that means there's a lot of purchase demand versus home supply in the market. However, today it means the home you JUST found on Zillow will be sold for 35k above asking price before lunch. Home buying demand is through the roof because interest rates are rock bottom and you could buy a home with as little as 3% down (sometimes nothing",200,64,2021-06-28,https://reddit.com/r/FirstTimeHomeBuyer/comments/o9slx9/if_youre_shopping_for_a_new_home_please_read_this/,,,,"If you're shopping for a new home, please read this. It could save you a lot of time, money and heartache. Coming from a top producing mortgage team, we've seen a lot of upset home shoppers. It's no secret that we're in what's called a ""seller's market"". Historically that means there's a lot of purchase demand versus home supply in the market.",if youre shopping for a new home please read this. it could save you a lot of time money and heartache. coming from a top producing mortgage team weve seen a lot of upset home shoppers. its no secret that were in whats called a sellers market. historically that means theres a lot of purchase demand versus home supply in the market.,Home Financing,0.75263757,True,distilbert_stage1
o9qf0v,FirstTimeHomeBuyer,How much of an impact will a recently sold home next door have on appraisal value?,"We put a 330K offer on a house that was listed at 300K that was accepted. A home literally next door appraised at 300K but sold for 330K just this week, and it is very similar (though ours is larger) to the one we have under contract. Is it safe to assume our appraisal should come in significantly higher because of this? Apologies if this is an elementary question; this is our first time going through the process",4,4,2021-06-28,https://reddit.com/r/FirstTimeHomeBuyer/comments/o9qf0v/how_much_of_an_impact_will_a_recently_sold_home/,,,,"How much of an impact will a recently sold home next door have on appraisal value? We put a 330K offer on a house that was listed at 300K that was accepted. A home literally next door appraised at 300K but sold for 330K just this week, and it is very similar (though ours is larger) to the one we have under contract. Is it safe to assume our appraisal should come in significantly higher because of this?",how much of an impact will a recently sold home next door have on appraisal value? we put a 330k offer on a house that was listed at 300k that was accepted. a home literally next door appraised at 300k but sold for 330k just this week and it is very similar though ours is larger to the one we have under contract. is it safe to assume our appraisal should come in significantly higher because of this?,Home appraisals,0.94586253,True,distilbert_stage1
ov0a61,FirstTimeHomeBuyer,When does it feel real?,Hey all! Offer accepted and inspection done on my first home. People keep asking me if I'm excited and I'm not yet. I'm cautiously optimistic but I won't feel excited until I actually get the keys. Closing is 9/30 and that's plenty of time for it to go wrong. I am a suspicious person by nature and I don't want to get excited just to have it not work out. Is this normal first timer stuff?,20,26,2021-07-31,https://reddit.com/r/FirstTimeHomeBuyer/comments/ov0a61/when_does_it_feel_real/,,,,When does it feel real? Hey all! Offer accepted and inspection done on my first home. People keep asking me if I'm excited and I'm not yet.,when does it feel real? hey all! offer accepted and inspection done on my first home. people keep asking me if im excited and im not yet.,Home Inspections,0.81105846,True,distilbert_stage1
ouogyl,FirstTimeHomeBuyer,Have you ever fired your agent?,"So, buyer beware when it comes to picking real estate agents. I picked a doozy! Partly my fault for not doing 1000% research first. Being a first time buyer I was expecting to get some sort of check list or steps to follow during the process but nope! I've done practically everything on my own. Google is my best friend for explaining what to do, when paperwork should be submitted, when inspections should be completed, and overall who is responsible for what. It's a great learning experience bu",38,33,2021-07-30,https://reddit.com/r/FirstTimeHomeBuyer/comments/ouogyl/have_you_ever_fired_your_agent/,,,,"Have you ever fired your agent? So, buyer beware when it comes to picking real estate agents. I picked a doozy! Partly my fault for not doing 1000% research first.",have you ever fired your agent? so buyer beware when it comes to picking real estate agents. i picked a doozy! partly my fault for not doing 1000 research first.,Real Estate Agents,0.736637,True,distilbert_stage1
otyvkc,FirstTimeHomeBuyer,Software to manage a 3-unit HOA?,"Not your typical post in this thread, but I’ll be closing on my first home next month and share a building with 2 other units. It has an HOA and all I’ve seen is horrible spreadsheets and scanned documents. I’m buying a unit from the former President of the HOA so assume a gap will be left in his place. I figure there has to be some sort of software that automates payment tracking, project management, maintenance requests, etc. All I can find online is HOA software for massive property manager",1,5,2021-07-29,https://reddit.com/r/FirstTimeHomeBuyer/comments/otyvkc/software_to_manage_a_3unit_hoa/,,,,"Software to manage a 3-unit HOA? Not your typical post in this thread, but I’ll be closing on my first home next month and share a building with 2 other units. It has an HOA and all I’ve seen is horrible spreadsheets and scanned documents. I’m buying a unit from the former President of the HOA so assume a gap will be left in his place.",software to manage a 3unit hoa? not your typical post in this thread but ill be closing on my first home next month and share a building with 2 other units. it has an hoa and all ive seen is horrible spreadsheets and scanned documents. im buying a unit from the former president of the hoa so assume a gap will be left in his place.,HOAs,0.9228891,True,distilbert_stage1
otqzbj,FirstTimeHomeBuyer,How quickly can you refinance a conventional mortgage?,"I close on my first house in the next month, but am locked in at 3%, but I continue to see the mortgage rates decrease. The online websites suggest we could refinance to a less than 2.5% — which, over time could obviously save a pretty penny. So..how fast can I do this?",4,8,2021-07-29,https://reddit.com/r/FirstTimeHomeBuyer/comments/otqzbj/how_quickly_can_you_refinance_a_conventional/,,,,"How quickly can you refinance a conventional mortgage? I close on my first house in the next month, but am locked in at 3%, but I continue to see the mortgage rates decrease. The online websites suggest we could refinance to a less than 2.5% — which, over time could obviously save a pretty penny. So..how fast can I do this?",how quickly can you refinance a conventional mortgage? i close on my first house in the next month but am locked in at 3 but i continue to see the mortgage rates decrease. the online websites suggest we could refinance to a less than 2.5 which over time could obviously save a pretty penny. so..how fast can i do this?,Home Financing,0.72757757,True,distilbert_stage1
ota03q,FirstTimeHomeBuyer,Who should I talk to about my best mortgage options?,,2,13,2021-07-28,https://reddit.com/r/FirstTimeHomeBuyer/comments/ota03q/who_should_i_talk_to_about_my_best_mortgage/,,,,Who should I talk to about my best mortgage options?,who should i talk to about my best mortgage options?,Home Financing,0.7246397,True,distilbert_stage1
ot9qjd,FirstTimeHomeBuyer,Home Inspection Process,"We finally had an offer accepted and our inspection is scheduled for Monday. Any advice, tips, or tricks we should know? I’ve heard horror stories and I want to make sure we get all the information we need.",4,12,2021-07-28,https://reddit.com/r/FirstTimeHomeBuyer/comments/ot9qjd/home_inspection_process/,,,,"Home Inspection Process We finally had an offer accepted and our inspection is scheduled for Monday. Any advice, tips, or tricks we should know? I’ve heard horror stories and I want to make sure we get all the information we need.",home inspection process we finally had an offer accepted and our inspection is scheduled for monday. any advice tips or tricks we should know? ive heard horror stories and i want to make sure we get all the information we need.,Home Inspections,0.9357565,True,distilbert_stage1
osz89z,FirstTimeHomeBuyer,Underwriter Documentation,"First time home buyer here 🙋🏻‍♀️. Was pre-approved and have been asked to provide past 30 days pay stubs, 2 months bank statement, 2 years of W-2s, and most recent tax return. I’ve been steadily employed for 4 years with same company. My concern is—I opted to take a week off without pay at the beginning of the month bc I wanted to save my paid leave days. So my most recent pay checks will show only half of my salary during one pay period. Will this be an issue? I’m so worried! I’ve received a co",1,6,2021-07-28,https://reddit.com/r/FirstTimeHomeBuyer/comments/osz89z/underwriter_documentation/,,,,"Underwriter Documentation First time home buyer here 🙋🏻‍♀️. Was pre-approved and have been asked to provide past 30 days pay stubs, 2 months bank statement, 2 years of W-2s, and most recent tax return. I’ve been steadily employed for 4 years with same company.",underwriter documentation first time home buyer here . was preapproved and have been asked to provide past 30 days pay stubs 2 months bank statement 2 years of w2s and most recent tax return. ive been steadily employed for 4 years with same company.,Loan pre-approval,0.73966557,True,distilbert_stage1
pfhbv0,FirstTimeHomeBuyer,Beware of trying to buy from Opendoor,"Trying to buy a 3/2(ish) SFH under $400,000 in the Phoenix metro area, very flexible on what and where, preapproved for conventional financing up to $420,000. 5 offers made over the last two weeks $20k-35k over asking prices ranging from $350k-$370k. All outbid, several went to cash offers. Decided to try to focus on homes that have been on the market longer, and put in an offer at ask on a home that’s been active for nearly 2 months. List price was lowered ~1.5% about a month ago. This home",6,8,2021-08-31,https://reddit.com/r/FirstTimeHomeBuyer/comments/pfhbv0/beware_of_trying_to_buy_from_opendoor/,,,,"Beware of trying to buy from Opendoor Trying to buy a 3/2(ish) SFH under $400,000 in the Phoenix metro area, very flexible on what and where, preapproved for conventional financing up to $420,000. 5 offers made over the last two weeks $20k-35k over asking prices ranging from $350k-$370k. All outbid, several went to cash offers.",beware of trying to buy from opendoor trying to buy a 32ish sfh under 400000 in the phoenix metro area very flexible on what and where preapproved for conventional financing up to 420000. 5 offers made over the last two weeks 20k35k over asking prices ranging from 350k370k. all outbid several went to cash offers.,Loan pre-approval,0.9055871,True,distilbert_stage1
pf8tge,FirstTimeHomeBuyer,Plan of action? Anxious and have CPTSD fear of failure.,"My husband (28m) and I (23f) want to buy first home sometime next spring. Kids are 2 and 3 years old right now and it just feels right. What is a good plan of action to get best loan? We make 2800 a month (his income through owners draws, he owns a company and I am SAHM) Through December we get an extra $600 a month for child tax credit. We owe $8,000 in his student loans with 4% interest with $100 min a month that are on hold rn until January 2022. We have $8,000 left on a vehicle 7% interes",0,8,2021-08-31,https://reddit.com/r/FirstTimeHomeBuyer/comments/pf8tge/plan_of_action_anxious_and_have_cptsd_fear_of/,,,,Plan of action? Anxious and have CPTSD fear of failure. My husband (28m) and I (23f) want to buy first home sometime next spring. Kids are 2 and 3 years old right now and it just feels right. What is a good plan of action to get best loan?,plan of action? anxious and have cptsd fear of failure. my husband 28m and i 23f want to buy first home sometime next spring. kids are 2 and 3 years old right now and it just feels right. what is a good plan of action to get best loan?,Home Financing,0.7545693,True,distilbert_stage1
pev31o,FirstTimeHomeBuyer,Should the sellers have paid ALL the property taxes up front?,"So, I’ve lived here since June now and love the home. Has its quirks and it’s “really?” moments but I’m still absolutely in love. Now, our realtor said the seller would have to pay 2020s taxes and half of 2021s since we moved in June. I got notice the sellers paid off the first half of 2020s and there’s the exact amount in my escrow for the second half. HOWEVER, they didn’t put the first half of 2021s in my escrow and I’m worried that they should have. Is it normal they don’t? It’s in our sign",4,7,2021-08-31,https://reddit.com/r/FirstTimeHomeBuyer/comments/pev31o/should_the_sellers_have_paid_all_the_property/,,,,"Should the sellers have paid ALL the property taxes up front? So, I’ve lived here since June now and love the home. Has its quirks and it’s “really?” moments but I’m still absolutely in love. Now, our realtor said the seller would have to pay 2020s taxes and half of 2021s since we moved in June.",should the sellers have paid all the property taxes up front? so ive lived here since june now and love the home. has its quirks and its really? moments but im still absolutely in love. now our realtor said the seller would have to pay 2020s taxes and half of 2021s since we moved in june.,Property Taxes,0.8405556,True,distilbert_stage1
pes5q9,FirstTimeHomeBuyer,How can I find the HOA rules?,"Sorry if this is a stupid question, but I'm looking at some townhomes and I need to know what the HOA rules are and what the monthly fee pays for. What is the easiest way to find this information?",2,5,2021-08-30,https://reddit.com/r/FirstTimeHomeBuyer/comments/pes5q9/how_can_i_find_the_hoa_rules/,,,,"How can I find the HOA rules? Sorry if this is a stupid question, but I'm looking at some townhomes and I need to know what the HOA rules are and what the monthly fee pays for. What is the easiest way to find this information?",how can i find the hoa rules? sorry if this is a stupid question but im looking at some townhomes and i need to know what the hoa rules are and what the monthly fee pays for. what is the easiest way to find this information?,HOAs,0.9462062,True,distilbert_stage1
pei14f,FirstTimeHomeBuyer,Lost house due to mortgage agent,So after an incredibly long struggle we finally had our offer accepted and were given a few days to get our financing sorted out. FYI we had been given a pre-approval by this mortgage agent that we had been working with now for a few months now and he had assured us repeatedly that he would get the loan approved. Fast forward the last day when we are to show lender approval to the seller we are dropped the news by the mortgage agent that it didn't go through and that our applications needs a lot,24,32,2021-08-30,https://reddit.com/r/FirstTimeHomeBuyer/comments/pei14f/lost_house_due_to_mortgage_agent/,,,,Lost house due to mortgage agent So after an incredibly long struggle we finally had our offer accepted and were given a few days to get our financing sorted out. FYI we had been given a pre-approval by this mortgage agent that we had been working with now for a few months now and he had assured us repeatedly that he would get the loan approved. Fast forward the last day when we are to show lender approval to the seller we are dropped the news by the mortgage agent that it didn't go through and that our applications needs a lot more documents and clarifications and that he cannot do anything for us on the last day.,lost house due to mortgage agent so after an incredibly long struggle we finally had our offer accepted and were given a few days to get our financing sorted out. fyi we had been given a preapproval by this mortgage agent that we had been working with now for a few months now and he had assured us repeatedly that he would get the loan approved. fast forward the last day when we are to show lender approval to the seller we are dropped the news by the mortgage agent that it didnt go through and that our applications needs a lot more documents and clarifications and that he cannot do anything for us on the last day.,Loan pre-approval,0.89556855,True,distilbert_stage1
pe4an9,FirstTimeHomeBuyer,Closing Disclosure incorrect but told to sign anyway?,"We recieved our Closing Disclosure paperwork (which says ""this form is a statement of final loan terms and closing costs"") and the numbers for our home owners insurance are incorrect. When I asked, I was told they put an estimate and it would be updated once they recieved the information from the insurance company, but that I should sign it anyway, and that a second one will be signed nearer to closing day (which is tentatively this Thurs). Further, we never recieved any information regarding a",7,9,2021-08-29,https://reddit.com/r/FirstTimeHomeBuyer/comments/pe4an9/closing_disclosure_incorrect_but_told_to_sign/,,,,"Closing Disclosure incorrect but told to sign anyway? We recieved our Closing Disclosure paperwork (which says ""this form is a statement of final loan terms and closing costs"") and the numbers for our home owners insurance are incorrect. When I asked, I was told they put an estimate and it would be updated once they recieved the information from the insurance company, but that I should sign it anyway, and that a second one will be signed nearer to closing day (which is tentatively this Thurs). Further, we never recieved any information regarding an appraisal.",closing disclosure incorrect but told to sign anyway? we recieved our closing disclosure paperwork which says this form is a statement of final loan terms and closing costs and the numbers for our home owners insurance are incorrect. when i asked i was told they put an estimate and it would be updated once they recieved the information from the insurance company but that i should sign it anyway and that a second one will be signed nearer to closing day which is tentatively this thurs. further we never recieved any information regarding an appraisal.,Closing costs,0.88608354,True,distilbert_stage1
pe0tqc,FirstTimeHomeBuyer,Share your Move in Pre/post checklists,Just hoping to gather some ideas of things you should do just before or right after move in. I think this could be a helpful thing for most of us first time buyers :).,20,10,2021-08-29,https://reddit.com/r/FirstTimeHomeBuyer/comments/pe0tqc/share_your_move_in_prepost_checklists/,,,,Share your Move in Pre/post checklists Just hoping to gather some ideas of things you should do just before or right after move in. I think this could be a helpful thing for most of us first time buyers :).,share your move in prepost checklists just hoping to gather some ideas of things you should do just before or right after move in. i think this could be a helpful thing for most of us first time buyers .,Relocation Services,0.7541049,True,distilbert_stage1
pe0jl2,FirstTimeHomeBuyer,Need help with inspection report,"I'm a first time home buyer and pretty stressed. For context: I'm trying to find a home in the Bay Area where you have crazy bidding wars, all contingencies waived and all cash offers :( This is for a house built in the 40s and its been on the market for **almost 2 month** which is actually very very long for the current market!- Red flag - How should I investigate? Can someone have a look at these highlights from a home inspection/termite report and let me know how concerning this should be? A",4,4,2021-08-29,https://reddit.com/r/FirstTimeHomeBuyer/comments/pe0jl2/need_help_with_inspection_report/,,,,"Need help with inspection report I'm a first time home buyer and pretty stressed. For context: I'm trying to find a home in the Bay Area where you have crazy bidding wars, all contingencies waived and all cash offers :( This is for a house built in the 40s and its been on the market for **almost 2 month** which is actually very very long for the current market!- Red flag - How should I investigate? Can someone have a look at these highlights from a home inspection/termite report and let me know how concerning this should be?",need help with inspection report im a first time home buyer and pretty stressed. for context im trying to find a home in the bay area where you have crazy bidding wars all contingencies waived and all cash offers this is for a house built in the 40s and its been on the market for almost 2 month which is actually very very long for the current market! red flag how should i investigate? can someone have a look at these highlights from a home inspectiontermite report and let me know how concerning this should be?,Home Inspections,0.8634428,True,distilbert_stage1
pyk01r,FirstTimeHomeBuyer,I don’t know what I’m doing. I don’t know what to ask my realtor prior to submitting offer.,"I have a realtor and I’ve let him know that although I’m looking for a home, I’m not looking to buy until the beginning of next year. We’ve gone to a couple of houses just so I can get a bit of exposure to see what’s out there. Im trying to inform myself on buying a home but when I go to these showings, I don’t know what to ask him. It makes me feel as though I’m not ready and it even makes me second guys myself quite a bit as, obviously, I don’t want to just blindly buy a house without fully un",8,8,2021-09-30,https://reddit.com/r/FirstTimeHomeBuyer/comments/pyk01r/i_dont_know_what_im_doing_i_dont_know_what_to_ask/,,,,"I don’t know what I’m doing. I don’t know what to ask my realtor prior to submitting offer. I have a realtor and I’ve let him know that although I’m looking for a home, I’m not looking to buy until the beginning of next year. We’ve gone to a couple of houses just so I can get a bit of exposure to see what’s out there. Im trying to inform myself on buying a home but when I go to these showings, I don’t know what to ask him.",i dont know what im doing. i dont know what to ask my realtor prior to submitting offer. i have a realtor and ive let him know that although im looking for a home im not looking to buy until the beginning of next year. weve gone to a couple of houses just so i can get a bit of exposure to see whats out there. im trying to inform myself on buying a home but when i go to these showings i dont know what to ask him.,Buying Process,0.7560062,True,distilbert_stage1
py55ps,FirstTimeHomeBuyer,Which home inspections did you ask for?,"I'm currently in escrow for a house after submitting 25 offers! We scheduled a home inspection and sewer inspection. Both turned out good with some yellow flags but nothing too major. Our home inspector did recommend the following: * Schedule an inspection with a foundation specialist to ensure integrity of entire foundation. He wasn't able to get under the house space because there was only 12 inches of clearance. Based on what he was able to see, he did not see any issues. * Schedule pest con",3,4,2021-09-29,https://reddit.com/r/FirstTimeHomeBuyer/comments/py55ps/which_home_inspections_did_you_ask_for/,,,,Which home inspections did you ask for? I'm currently in escrow for a house after submitting 25 offers! We scheduled a home inspection and sewer inspection. Both turned out good with some yellow flags but nothing too major.,which home inspections did you ask for? im currently in escrow for a house after submitting 25 offers! we scheduled a home inspection and sewer inspection. both turned out good with some yellow flags but nothing too major.,Home Inspections,0.90219885,True,distilbert_stage1
pxxtkw,FirstTimeHomeBuyer,Multiple pre approval loans,"I’ve tried looking it up and asking people I know but always get conflicting information. I’m planning on using a VA loan that I’m in the process of getting a pre approval for. However, I’m wondering if I should get a 2nd to compare details/companies?",3,8,2021-09-29,https://reddit.com/r/FirstTimeHomeBuyer/comments/pxxtkw/multiple_pre_approval_loans/,,,,"Multiple pre approval loans I’ve tried looking it up and asking people I know but always get conflicting information. I’m planning on using a VA loan that I’m in the process of getting a pre approval for. However, I’m wondering if I should get a 2nd to compare details/companies?",multiple pre approval loans ive tried looking it up and asking people i know but always get conflicting information. im planning on using a va loan that im in the process of getting a pre approval for. however im wondering if i should get a 2nd to compare detailscompanies?,Home Financing,0.7300124,True,distilbert_stage1
pxp1mr,FirstTimeHomeBuyer,Regarding preapprovals and timeframe,I'm looking to buy a house in approximately 5-6 months. It seems a pre-approval for a mortgage is the first step in this whole process. I also read that they are usually only good for 90 days. Does that mean I have to wait 4-5 months and rush to do everything at the last minute or can I start this process now somehow?,2,8,2021-09-29,https://reddit.com/r/FirstTimeHomeBuyer/comments/pxp1mr/regarding_preapprovals_and_timeframe/,,,,Regarding preapprovals and timeframe I'm looking to buy a house in approximately 5-6 months. It seems a pre-approval for a mortgage is the first step in this whole process. I also read that they are usually only good for 90 days.,regarding preapprovals and timeframe im looking to buy a house in approximately 56 months. it seems a preapproval for a mortgage is the first step in this whole process. i also read that they are usually only good for 90 days.,Loan pre-approval,0.9334143,True,distilbert_stage1
pxntkq,FirstTimeHomeBuyer,Mold Inspection,"Hey, all. Question about mold and what we should do in terms of negotiating credits. PNW home, exposed dirt crawlspace that's not currently encapsulated and is half covered in planks (yeah, hello fungi food!), and history of moisture intrusion d/t broken basement windows. We had a company come in to test the mold levels in the house, and they found very high concentrations of Penicillium and Basidiospores. We had them test in a fairly central location of the house (living room on bottom floor; n",6,2,2021-09-29,https://reddit.com/r/FirstTimeHomeBuyer/comments/pxntkq/mold_inspection/,,,,"Mold Inspection Hey, all. Question about mold and what we should do in terms of negotiating credits. PNW home, exposed dirt crawlspace that's not currently encapsulated and is half covered in planks (yeah, hello fungi food!), and history of moisture intrusion d/t broken basement windows.",mold inspection hey all. question about mold and what we should do in terms of negotiating credits. pnw home exposed dirt crawlspace thats not currently encapsulated and is half covered in planks yeah hello fungi food! and history of moisture intrusion dt broken basement windows.,Home Inspections,0.88009363,True,distilbert_stage1
px9dca,FirstTimeHomeBuyer,How do I know how much I can afford?,"Is there a rule of thumb about how much house I can afford? How do I calculate this? Every online calculator gives me something different. Right now, my rent is $1420/month plus utilities and insurance. We have a combined income of about 130k-135k and are in Charlotte NC. I am starting this process and by the time we are ready hope to have at minimum $20k down",1,6,2021-09-28,https://reddit.com/r/FirstTimeHomeBuyer/comments/px9dca/how_do_i_know_how_much_i_can_afford/,,,,How do I know how much I can afford? Is there a rule of thumb about how much house I can afford? How do I calculate this? Every online calculator gives me something different.,how do i know how much i can afford? is there a rule of thumb about how much house i can afford? how do i calculate this? every online calculator gives me something different.,Affordability,0.71610385,True,distilbert_stage1
qimvey,FirstTimeHomeBuyer,Can down payment be borrowed from the assets moved to Wells fargo?,I was under the impression that the down payment can come from the assets you move to wells fargo (from a friend's experience). I also see this post confirming this is true. However my lender told me that wells fargo used to allow this but no longer does. Is this true?,3,2,2021-10-29,https://reddit.com/r/FirstTimeHomeBuyer/comments/qimvey/can_down_payment_be_borrowed_from_the_assets/,,,,Can down payment be borrowed from the assets moved to Wells fargo? I was under the impression that the down payment can come from the assets you move to wells fargo (from a friend's experience). I also see this post confirming this is true. However my lender told me that wells fargo used to allow this but no longer does.,can down payment be borrowed from the assets moved to wells fargo? i was under the impression that the down payment can come from the assets you move to wells fargo from a friends experience. i also see this post confirming this is true. however my lender told me that wells fargo used to allow this but no longer does.,Down payment options,0.91064286,True,distilbert_stage1
qiftwn,FirstTimeHomeBuyer,"Closing costs lower than estimated, advice for those funds?","In the final stages of my first home purchase and I was initially estimated about $60K due at closing, but due to different credits from seller and getting some actual numbers it adjusted that the amount due is now only $45K. When house shopping we did a full evaluation of our finances and are comfortable and planned to put around 55K-60K cash down including closing costs, should we put that money towards the house to lower the loan amount or hang onto it. I recognize that you may get more if yo",3,6,2021-10-29,https://reddit.com/r/FirstTimeHomeBuyer/comments/qiftwn/closing_costs_lower_than_estimated_advice_for/,,,,"Closing costs lower than estimated, advice for those funds? In the final stages of my first home purchase and I was initially estimated about $60K due at closing, but due to different credits from seller and getting some actual numbers it adjusted that the amount due is now only $45K. When house shopping we did a full evaluation of our finances and are comfortable and planned to put around 55K-60K cash down including closing costs, should we put that money towards the house to lower the loan amount or hang onto it. I recognize that you may get more if you play the stock market game but I am not that familiar with that.",closing costs lower than estimated advice for those funds? in the final stages of my first home purchase and i was initially estimated about 60k due at closing but due to different credits from seller and getting some actual numbers it adjusted that the amount due is now only 45k. when house shopping we did a full evaluation of our finances and are comfortable and planned to put around 55k60k cash down including closing costs should we put that money towards the house to lower the loan amount or hang onto it. i recognize that you may get more if you play the stock market game but i am not that familiar with that.,Closing costs,0.7393,True,distilbert_stage1
qi152w,FirstTimeHomeBuyer,Lennar offering 10k Closing Credits with about 3 weeks to close,"So we're clear to close with our current lender, who has been wonderful to work with. Lennar Mortgage contacted us as the homebuilder we were working with was just acquired by them (literally two weeks ago). Our closing date is about three weeks away and Lennar Mortgage is saying if we switch to them, we wil get the 10k off of closing costs. It's nice--I've asked for an apples to apples comparison, but what really scares me is that it's just weeks away and if they mess up (and delay the date), w",7,22,2021-10-29,https://reddit.com/r/FirstTimeHomeBuyer/comments/qi152w/lennar_offering_10k_closing_credits_with_about_3/,,,,"Lennar offering 10k Closing Credits with about 3 weeks to close So we're clear to close with our current lender, who has been wonderful to work with. Lennar Mortgage contacted us as the homebuilder we were working with was just acquired by them (literally two weeks ago). Our closing date is about three weeks away and Lennar Mortgage is saying if we switch to them, we wil get the 10k off of closing costs.",lennar offering 10k closing credits with about 3 weeks to close so were clear to close with our current lender who has been wonderful to work with. lennar mortgage contacted us as the homebuilder we were working with was just acquired by them literally two weeks ago. our closing date is about three weeks away and lennar mortgage is saying if we switch to them we wil get the 10k off of closing costs.,Closing costs,0.79377353,True,distilbert_stage1
qhz8fy,FirstTimeHomeBuyer,Our FTHB story. NYC to CT suburbs,"My partner and I have been looking to buy a cabin upstate NY while keeping our NYC apartment for a few years but never really had the time to look as work was super busy. In the meantime we just kept saving and looking at houses and cabins on Zillow and Redfin. Well during the summer this year we got a bit more serious, got pre-approval at a decent rate, found a 1970's ranch style home on an acre that we liked and placed an offer which was accepted so we went ahead and had it inspected. Report",21,4,2021-10-28,https://reddit.com/r/FirstTimeHomeBuyer/comments/qhz8fy/our_fthb_story_nyc_to_ct_suburbs/,,,,"Our FTHB story. NYC to CT suburbs My partner and I have been looking to buy a cabin upstate NY while keeping our NYC apartment for a few years but never really had the time to look as work was super busy. In the meantime we just kept saving and looking at houses and cabins on Zillow and Redfin. Well during the summer this year we got a bit more serious, got pre-approval at a decent rate, found a 1970's ranch style home on an acre that we liked and placed an offer which was accepted so we went ahead and had it inspected.",our fthb story. nyc to ct suburbs my partner and i have been looking to buy a cabin upstate ny while keeping our nyc apartment for a few years but never really had the time to look as work was super busy. in the meantime we just kept saving and looking at houses and cabins on zillow and redfin. well during the summer this year we got a bit more serious got preapproval at a decent rate found a 1970s ranch style home on an acre that we liked and placed an offer which was accepted so we went ahead and had it inspected.,Loan pre-approval,0.9304907,True,distilbert_stage1
r5wnz6,FirstTimeHomeBuyer,Fannie Mae And Freddie Mac Raise Limits For Government-Backed Mortgages,,9,3,2021-11-30,https://reddit.com/r/FirstTimeHomeBuyer/comments/r5wnz6/fannie_mae_and_freddie_mac_raise_limits_for/,,,,Fannie Mae And Freddie Mac Raise Limits For Government-Backed Mortgages,fannie mae and freddie mac raise limits for governmentbacked mortgages,Mortgage rates and trends,0.87649477,True,distilbert_stage1
r4i3yx,FirstTimeHomeBuyer,Septic tank only 4 years old. Worth inspecting? Septic inspection almost doubles the cost of the entire inspection,"EDIT: Okay guys I realize I'm a complete idiot for even considering it hahaha alright the inspection will continue as planned then! Thanks you all for bringing me back to reality! ----- As the title says. Inspection would cost $960 total which includes home inspection, radon, maintenance septic inspection, and water testing Septic inspection alone is $450 (full checkup). My realtor said I could possibly give the septic cleaning company a call and get any info from them I know it's a no-no",4,15,2021-11-28,https://reddit.com/r/FirstTimeHomeBuyer/comments/r4i3yx/septic_tank_only_4_years_old_worth_inspecting/,,,,Septic tank only 4 years old. Worth inspecting? Septic inspection almost doubles the cost of the entire inspection EDIT: Okay guys I realize I'm a complete idiot for even considering it hahaha alright the inspection will continue as planned then! Thanks you all for bringing me back to reality! ----- As the title says.,septic tank only 4 years old. worth inspecting? septic inspection almost doubles the cost of the entire inspection edit okay guys i realize im a complete idiot for even considering it hahaha alright the inspection will continue as planned then! thanks you all for bringing me back to reality! as the title says.,Home Inspections,0.8420669,True,distilbert_stage1
r3a9rd,FirstTimeHomeBuyer,"Hello! First time home buyers, here! My husband & I are considering in buying a home that has the exact same drive way set up as pictured below. Quiet frankly, the house would be the center one too. Any thoughts on the drive way?",,24,36,2021-11-27,https://reddit.com/r/FirstTimeHomeBuyer/comments/r3a9rd/hello_first_time_home_buyers_here_my_husband_i/,,,,"Hello! First time home buyers, here! My husband & I are considering in buying a home that has the exact same drive way set up as pictured below. Quiet frankly, the house would be the center one too. Any thoughts on the drive way?",hello! first time home buyers here! my husband i are considering in buying a home that has the exact same drive way set up as pictured below. quiet frankly the house would be the center one too. any thoughts on the drive way?,Buying Process,0.7126481,True,distilbert_stage1
r34gun,FirstTimeHomeBuyer,Inspection,Are you able to have someone( that’s not co-signing with you) accompany you to your first home inspection? I’m not sure if this is builder/seller specific. I have an inspection for a new build coming up and I want someone (aside from my realtor) to come with me as the inspector goes over things. I don’t know if that’s typically allowed. If I recall correctly I think I was told the walkthrough had to be done alone but wasn’t sure about inspection.,5,7,2021-11-27,https://reddit.com/r/FirstTimeHomeBuyer/comments/r34gun/inspection/,,,,Inspection Are you able to have someone( that’s not co-signing with you) accompany you to your first home inspection? I’m not sure if this is builder/seller specific. I have an inspection for a new build coming up and I want someone (aside from my realtor) to come with me as the inspector goes over things.,inspection are you able to have someone thats not cosigning with you accompany you to your first home inspection? im not sure if this is builderseller specific. i have an inspection for a new build coming up and i want someone aside from my realtor to come with me as the inspector goes over things.,Home Inspections,0.88923943,True,distilbert_stage1
rshk41,FirstTimeHomeBuyer,"Condo inspection, yes or no?","I’m looking at a condo <1000sqft in a well maintained building. Should I inspect the condo myself or have a licensed professional do it for $400+? If anyone has experiences with either option, please share. Thanks!",2,8,2021-12-31,https://reddit.com/r/FirstTimeHomeBuyer/comments/rshk41/condo_inspection_yes_or_no/,,,,"Condo inspection, yes or no? I’m looking at a condo <1000sqft in a well maintained building. Should I inspect the condo myself or have a licensed professional do it for $400+? If anyone has experiences with either option, please share.",condo inspection yes or no? im looking at a condo 1000sqft in a well maintained building. should i inspect the condo myself or have a licensed professional do it for 400? if anyone has experiences with either option please share.,Home Inspections,0.7995852,True,distilbert_stage1
rsfgfs,FirstTimeHomeBuyer,Trying to calculate mortgage to income ratios for a practical balance. Suggestions?,Just got approved for my lender! Now I need to make sure I can a actually afford my monthly payments while house hunting. No surprises! And calculators or advice?,2,5,2021-12-30,https://reddit.com/r/FirstTimeHomeBuyer/comments/rsfgfs/trying_to_calculate_mortgage_to_income_ratios_for/,,,,Trying to calculate mortgage to income ratios for a practical balance. Suggestions? Just got approved for my lender! Now I need to make sure I can a actually afford my monthly payments while house hunting. No surprises!,trying to calculate mortgage to income ratios for a practical balance. suggestions? just got approved for my lender! now i need to make sure i can a actually afford my monthly payments while house hunting. no surprises!,Affordability,0.7352967,True,distilbert_stage1
rs8fau,FirstTimeHomeBuyer,Closing costs,"We are still very early in the home buying process and I’ve read some horror stories about people saving up enough money for a down payment but have overlooked closing costs. My understanding is that CC’s can be about 6-8% of the mortgage. How rare is it to have the CC be rolled into the mortgage? Or is that a complete myth? If so, are only FHA qualified to roll them?",2,11,2021-12-30,https://reddit.com/r/FirstTimeHomeBuyer/comments/rs8fau/closing_costs/,,,,Closing costs We are still very early in the home buying process and I’ve read some horror stories about people saving up enough money for a down payment but have overlooked closing costs. My understanding is that CC’s can be about 6-8% of the mortgage. How rare is it to have the CC be rolled into the mortgage?,closing costs we are still very early in the home buying process and ive read some horror stories about people saving up enough money for a down payment but have overlooked closing costs. my understanding is that ccs can be about 68 of the mortgage. how rare is it to have the cc be rolled into the mortgage?,Down payment options,0.8057461,True,distilbert_stage1
rs3g8b,FirstTimeHomeBuyer,Too much money in escrow letter?,"Bought a first time house in April! Yay. My mortgage was sold once. Then, I got a letter in the mail that my mortgage had been sold again, to Fannie Mae, but to keep making the payment to the current servicer per usual. I heard this was normal so I didn’t think much of it. Yesterday, I got a letter in the mail, including a check, that I had an overage amount in my escrow to the tune of 2k. Is this a scam? I’ve received so much junk mail since purchasing. Very confused and I’m on hold with my",3,6,2021-12-30,https://reddit.com/r/FirstTimeHomeBuyer/comments/rs3g8b/too_much_money_in_escrow_letter/,,,,Too much money in escrow letter? Bought a first time house in April! Yay. My mortgage was sold once.,too much money in escrow letter? bought a first time house in april! yay. my mortgage was sold once.,Home Financing,0.7936789,True,distilbert_stage1
rrpnci,FirstTimeHomeBuyer,How much house can I afford?,"Monthly income is 2400 a month. We have $46,000 in savings. There’s not shit to buy in our area less than 200k. What’s a growing family to do? EDIT: zero debts/car payments **EDIT: thanks everyone for giving us things to think about! Takeaways: 1) 46,000 is chump change even though we worked so freaking hard to earn and save this money. 2) This housing market needs to crash lol",0,22,2021-12-30,https://reddit.com/r/FirstTimeHomeBuyer/comments/rrpnci/how_much_house_can_i_afford/,,,,"How much house can I afford? Monthly income is 2400 a month. We have $46,000 in savings. There’s not shit to buy in our area less than 200k.",how much house can i afford? monthly income is 2400 a month. we have 46000 in savings. theres not shit to buy in our area less than 200k.,Affordability,0.7812276,True,distilbert_stage1
rrpib6,FirstTimeHomeBuyer,Property taxes/Escrow question,"Hey all! I am a first time home owner and have an escrow account. I received my bill for my 2021 property taxes in the mail a few weeks ago. Will this be paid by the mortgage company on time? How do I go about telling the lender how much to pay and to who? Sorry, I’m sure this is a silly question but I have no idea how any of this works. Thank you all!!",1,3,2021-12-30,https://reddit.com/r/FirstTimeHomeBuyer/comments/rrpib6/property_taxesescrow_question/,,,,Property taxes/Escrow question Hey all! I am a first time home owner and have an escrow account. I received my bill for my 2021 property taxes in the mail a few weeks ago.,property taxesescrow question hey all! i am a first time home owner and have an escrow account. i received my bill for my 2021 property taxes in the mail a few weeks ago.,Property Taxes,0.9165832,True,distilbert_stage1
rriff8,FirstTimeHomeBuyer,Closing Costs for 250k Purchase (PA),,220,81,2021-12-29,https://reddit.com/r/FirstTimeHomeBuyer/comments/rriff8/closing_costs_for_250k_purchase_pa/,,,,Closing Costs for 250k Purchase (PA),closing costs for 250k purchase pa,Closing costs,0.9198816,True,distilbert_stage1
rreffr,FirstTimeHomeBuyer,Top 5 questions I should ask my mortgage agent?,Hello. I have a new mortgage agent because my old one ghosted me. What are good too 5 questions to ask an agent as a first time Home buyer? My biggest concern is taking on more financially than I can handle so I’m trusting them to give me numbers that are within my budget. I’m hoping for no surprises later whether it’s right after closing or a couple months after the dust settles. What are the top 5 things I should be aware of or ask them for the purchasing process?,1,6,2021-12-29,https://reddit.com/r/FirstTimeHomeBuyer/comments/rreffr/top_5_questions_i_should_ask_my_mortgage_agent/,,,,Top 5 questions I should ask my mortgage agent? Hello. I have a new mortgage agent because my old one ghosted me. What are good too 5 questions to ask an agent as a first time Home buyer?,top 5 questions i should ask my mortgage agent? hello. i have a new mortgage agent because my old one ghosted me. what are good too 5 questions to ask an agent as a first time home buyer?,Home Financing,0.75333416,True,distilbert_stage1
rrebos,FirstTimeHomeBuyer,What are your monthly expenses on your home?,Just trying to plan/see what others are doing. Here’s what I’m expecting: -mortgage and PMI -home insurance -property tax -home maintenance expenses (2% of home value over 12 months) -utilities -hoa (if you’re in one) Is there anything else you set money aside for monthly?,37,38,2021-12-29,https://reddit.com/r/FirstTimeHomeBuyer/comments/rrebos/what_are_your_monthly_expenses_on_your_home/,,,,What are your monthly expenses on your home? Just trying to plan/see what others are doing. Here’s what I’m expecting: -mortgage and PMI -home insurance -property tax -home maintenance expenses (2% of home value over 12 months) -utilities -hoa (if you’re in one) Is there anything else you set money aside for monthly?,what are your monthly expenses on your home? just trying to plansee what others are doing. heres what im expecting mortgage and pmi home insurance property tax home maintenance expenses 2 of home value over 12 months utilities hoa if youre in one is there anything else you set money aside for monthly?,Property Taxes,0.810492,True,distilbert_stage1
rr9hfw,FirstTimeHomeBuyer,Resources for first time homebuyer?,,32,16,2021-12-29,https://reddit.com/r/FirstTimeHomeBuyer/comments/rr9hfw/resources_for_first_time_homebuyer/,,,,Resources for first time homebuyer?,resources for first time homebuyer?,First-time homebuyer programs,0.89553434,True,distilbert_stage1
shf8bp,FirstTimeHomeBuyer,Buying from family,Hey everyone! My fiancé and I are currently under contract to buy a home in Maryland from a family member. Our lender is currently reviewing all of our documents to give final approval (we already have pre-approval) and they have asked us for the name and contact information of the lawyer we intend to use. They will supply the title company. I was under the assumption that the lender usually provides the lawyer (part of our closing fees?) is this incorrect? If the lender doesn’t provide a lawyer,1,2,2022-01-31,https://reddit.com/r/FirstTimeHomeBuyer/comments/shf8bp/buying_from_family/,,,,Buying from family Hey everyone! My fiancé and I are currently under contract to buy a home in Maryland from a family member. Our lender is currently reviewing all of our documents to give final approval (we already have pre-approval) and they have asked us for the name and contact information of the lawyer we intend to use.,buying from family hey everyone! my fianc and i are currently under contract to buy a home in maryland from a family member. our lender is currently reviewing all of our documents to give final approval we already have preapproval and they have asked us for the name and contact information of the lawyer we intend to use.,Loan pre-approval,0.72755706,True,distilbert_stage1
sh8kwf,FirstTimeHomeBuyer,Mortgages,"Anyone have experience with better.com for a new mortgage? They have amazing rates and I’ve heard great stories for people doing refi’s, I just don’t know people that used them for new mortgages. My realtor hasn’t heard of them and I’m sure gets a kickback from his mortgage person so I want to think this over a lot.",0,10,2022-01-31,https://reddit.com/r/FirstTimeHomeBuyer/comments/sh8kwf/mortgages/,,,,"Mortgages Anyone have experience with better.com for a new mortgage? They have amazing rates and I’ve heard great stories for people doing refi’s, I just don’t know people that used them for new mortgages. My realtor hasn’t heard of them and I’m sure gets a kickback from his mortgage person so I want to think this over a lot.",mortgages anyone have experience with better.com for a new mortgage? they have amazing rates and ive heard great stories for people doing refis i just dont know people that used them for new mortgages. my realtor hasnt heard of them and im sure gets a kickback from his mortgage person so i want to think this over a lot.,Home Financing,0.8217785,True,distilbert_stage1
sh703n,FirstTimeHomeBuyer,When to decide on a Lender?,"As per advice on this subreddit, I applied for pre-approval to a few different lenders and got approved for all of them! My question is when do I decide on the lender? Now that I've gotten pre-approvals or after I put in an offer? If I wait until after the offer, does that delay the process? Thanks!",2,10,2022-01-31,https://reddit.com/r/FirstTimeHomeBuyer/comments/sh703n/when_to_decide_on_a_lender/,,,,"When to decide on a Lender? As per advice on this subreddit, I applied for pre-approval to a few different lenders and got approved for all of them! My question is when do I decide on the lender? Now that I've gotten pre-approvals or after I put in an offer?",when to decide on a lender? as per advice on this subreddit i applied for preapproval to a few different lenders and got approved for all of them! my question is when do i decide on the lender? now that ive gotten preapprovals or after i put in an offer?,Loan pre-approval,0.954362,True,distilbert_stage1
sh4x0z,FirstTimeHomeBuyer,Nervous about huge looming expense to HOA,"Howdy y'all, I've been lurking here for a while and finally got lucky enough to have an offer accepted on a place in a great location in Glenwood Springs, Colorado! It is a condo in a 20 unit complex where every unit is essentially a townhouse with a basement main level and upper level. Great because I get a little yard! Well my concern is that the complex is 40 years old and it has cast iron sewer pipes. because every unit is essentially a townhouse, I am assuming that each unit has it's own",2,2,2022-01-31,https://reddit.com/r/FirstTimeHomeBuyer/comments/sh4x0z/nervous_about_huge_looming_expense_to_hoa/,,,,"Nervous about huge looming expense to HOA Howdy y'all, I've been lurking here for a while and finally got lucky enough to have an offer accepted on a place in a great location in Glenwood Springs, Colorado! It is a condo in a 20 unit complex where every unit is essentially a townhouse with a basement main level and upper level. Great because I get a little yard!",nervous about huge looming expense to hoa howdy yall ive been lurking here for a while and finally got lucky enough to have an offer accepted on a place in a great location in glenwood springs colorado! it is a condo in a 20 unit complex where every unit is essentially a townhouse with a basement main level and upper level. great because i get a little yard!,HOAs,0.8899102,True,distilbert_stage1
sh42zc,FirstTimeHomeBuyer,Pre-qualification vs Pre-approval,Hello! I recently started my house search and I got a pre-qualification letter from my lender. At first I thought this was the same thing as a pre-approval but after doing some research I found out that a pre-approval is generally a more in-depth review and typically signals that you are more likely to secure the loan. I uploaded some financial documents to the lender’s website and I asked this morning if I was pre-approved or pre-qualified. I was told I was I was both pre-qualified and pre-ap,2,12,2022-01-31,https://reddit.com/r/FirstTimeHomeBuyer/comments/sh42zc/prequalification_vs_preapproval/,,,,Pre-qualification vs Pre-approval Hello! I recently started my house search and I got a pre-qualification letter from my lender. At first I thought this was the same thing as a pre-approval but after doing some research I found out that a pre-approval is generally a more in-depth review and typically signals that you are more likely to secure the loan.,prequalification vs preapproval hello! i recently started my house search and i got a prequalification letter from my lender. at first i thought this was the same thing as a preapproval but after doing some research i found out that a preapproval is generally a more indepth review and typically signals that you are more likely to secure the loan.,Loan pre-approval,0.9599531,True,distilbert_stage1
sh2nse,FirstTimeHomeBuyer,Pre-approval question,"My wife and I just applied for pre-approval this weekend. The market in our area is hot, low inventory, yadda yadda. I wouldn’t be surprised if our approval expires before we’re able to even find a house to offer on. Is re-upping mortgage approval several times throughout the process normal? I’m thinking it must be, because I’ve seen lots of posts about 1+ year searches, but I can’t find anything concrete on that specific issue.",10,15,2022-01-31,https://reddit.com/r/FirstTimeHomeBuyer/comments/sh2nse/preapproval_question/,,,,"Pre-approval question My wife and I just applied for pre-approval this weekend. The market in our area is hot, low inventory, yadda yadda. I wouldn’t be surprised if our approval expires before we’re able to even find a house to offer on.",preapproval question my wife and i just applied for preapproval this weekend. the market in our area is hot low inventory yadda yadda. i wouldnt be surprised if our approval expires before were able to even find a house to offer on.,Loan pre-approval,0.81434345,True,distilbert_stage1
sh1yrm,FirstTimeHomeBuyer,Online shopping,"Hello Everyone, I wonder what your stance on buying a house first time online? We will relocate around May to StLouis MO and are not sure if we should start looking through online apps and do online tours? We won’t be able to go and see a place physically most likely now so should we wait or rent there for a few months over summer then buy a house? Thanks",1,10,2022-01-31,https://reddit.com/r/FirstTimeHomeBuyer/comments/sh1yrm/online_shopping/,,,,"Online shopping Hello Everyone, I wonder what your stance on buying a house first time online? We will relocate around May to StLouis MO and are not sure if we should start looking through online apps and do online tours? We won’t be able to go and see a place physically most likely now so should we wait or rent there for a few months over summer then buy a house?",online shopping hello everyone i wonder what your stance on buying a house first time online? we will relocate around may to stlouis mo and are not sure if we should start looking through online apps and do online tours? we wont be able to go and see a place physically most likely now so should we wait or rent there for a few months over summer then buy a house?,Relocation Services,0.8552318,True,distilbert_stage1
sgorpm,FirstTimeHomeBuyer,How Much House Can I Afford (Excel Spreadsheet),"Hopefully this is useful for others out there (constructive feedback would be appreciated... especially if you see something wrong). I needed to answer the question of ""If I have $\*\*\* money upfront, and I know that I can dedicate $\*\*\* per month towards a house, how much can I afford""? The traditional mortgage calculators seem to miss some important details for me and so I made an excel spreadsheet to attempt to figure it out. [Spreadsheet is here](",33,4,2022-01-31,https://reddit.com/r/FirstTimeHomeBuyer/comments/sgorpm/how_much_house_can_i_afford_excel_spreadsheet/,,,,"How Much House Can I Afford (Excel Spreadsheet) Hopefully this is useful for others out there (constructive feedback would be appreciated... especially if you see something wrong). I needed to answer the question of ""If I have $\*\*\* money upfront, and I know that I can dedicate $\*\*\* per month towards a house, how much can I afford""?",how much house can i afford excel spreadsheet hopefully this is useful for others out there constructive feedback would be appreciated... especially if you see something wrong. i needed to answer the question of if i have money upfront and i know that i can dedicate per month towards a house how much can i afford?,Affordability,0.80759424,True,distilbert_stage1
sgl2az,FirstTimeHomeBuyer,Wondering how to start the home buying process when I live in a different state?,My partner and I currently live in Utah and it's impossible for us to afford a house here. It’s also not a state I want to stay in. We both have family in Texas so we have looked at DFW and San Antonio. Where do I even start planning to buy a house in a different state? We are wanting to move next summer.,5,16,2022-01-30,https://reddit.com/r/FirstTimeHomeBuyer/comments/sgl2az/wondering_how_to_start_the_home_buying_process/,,,,Wondering how to start the home buying process when I live in a different state? My partner and I currently live in Utah and it's impossible for us to afford a house here. It’s also not a state I want to stay in. We both have family in Texas so we have looked at DFW and San Antonio.,wondering how to start the home buying process when i live in a different state? my partner and i currently live in utah and its impossible for us to afford a house here. its also not a state i want to stay in. we both have family in texas so we have looked at dfw and san antonio.,Affordability,0.73452145,True,distilbert_stage1
sghrjy,FirstTimeHomeBuyer,Rocket Mortgage,Have you ever heard of Rocket Mortgage? We just made an offer on a house yesterday and the buyers realtor asked us if we would be willing to change lenders since they’ve never heard of them. We are using this lender through my fiancé’s relocation package so we aren’t changing but we thought it was odd they came back with that. Anyone else experience a similar situation?,39,121,2022-01-30,https://reddit.com/r/FirstTimeHomeBuyer/comments/sghrjy/rocket_mortgage/,,,,Rocket Mortgage Have you ever heard of Rocket Mortgage? We just made an offer on a house yesterday and the buyers realtor asked us if we would be willing to change lenders since they’ve never heard of them. We are using this lender through my fiancé’s relocation package so we aren’t changing but we thought it was odd they came back with that.,rocket mortgage have you ever heard of rocket mortgage? we just made an offer on a house yesterday and the buyers realtor asked us if we would be willing to change lenders since theyve never heard of them. we are using this lender through my fiancs relocation package so we arent changing but we thought it was odd they came back with that.,Home Financing,0.7987277,True,distilbert_stage1
sg1lek,FirstTimeHomeBuyer,$100k down payment on a $850k,Me and my wife have recently got a a $100k cash loan at 2% from a family friend to put down and my target is about $850k home here in southern California. Our credit scores are both not that great high 600's. I consolidated my debt but she has about 60k{25k in debt actually} in credit cards. We can realistically afford about a $2800-$3k payment a month we're sitting for. We have a one year old and she is pregnant with twins. So we would like to qualify for a loan in the next 3 months before she,0,36,2022-01-30,https://reddit.com/r/FirstTimeHomeBuyer/comments/sg1lek/100k_down_payment_on_a_850k/,,,,$100k down payment on a $850k Me and my wife have recently got a a $100k cash loan at 2% from a family friend to put down and my target is about $850k home here in southern California. Our credit scores are both not that great high 600's. I consolidated my debt but she has about 60k{25k in debt actually} in credit cards.,100k down payment on a 850k me and my wife have recently got a a 100k cash loan at 2 from a family friend to put down and my target is about 850k home here in southern california. our credit scores are both not that great high 600s. i consolidated my debt but she has about 60k25k in debt actually in credit cards.,Down payment options,0.94689447,True,distilbert_stage1
sfofzc,FirstTimeHomeBuyer,Tax Return Lower previous year and much higher in current year. Applying for preapproval soon.,"Hi All, Question regarding tax returns for preapproval and approval for a mortgage. Our return AGI was 90K in 2019, 2020 and will be 150K for 2021. Will this be an issue to get approved for mortgage? Looking for a 500K loan and credit scores are excellent and no credit card debt or any other debt. Also side note I switched multiple jobs between 2019 - 2020 but in the same field. Currently at my job for 1 year and 2 months. Will be applying for preapproval in a few months. Will cause an issue",1,9,2022-01-29,https://reddit.com/r/FirstTimeHomeBuyer/comments/sfofzc/tax_return_lower_previous_year_and_much_higher_in/,,,,"Tax Return Lower previous year and much higher in current year. Applying for preapproval soon. Hi All, Question regarding tax returns for preapproval and approval for a mortgage. Our return AGI was 90K in 2019, 2020 and will be 150K for 2021. Will this be an issue to get approved for mortgage?",tax return lower previous year and much higher in current year. applying for preapproval soon. hi all question regarding tax returns for preapproval and approval for a mortgage. our return agi was 90k in 2019 2020 and will be 150k for 2021. will this be an issue to get approved for mortgage?,Loan pre-approval,0.80449003,True,distilbert_stage1
t3qq6c,FirstTimeHomeBuyer,NJ Closing costs - Transfer taxes,What are transfer taxes in Closing costs? How is it calculated? In the estimate I received from lender it’s approx $5300 for 600k house in Essex county. TIA,1,2,2022-02-28,https://reddit.com/r/FirstTimeHomeBuyer/comments/t3qq6c/nj_closing_costs_transfer_taxes/,,,,NJ Closing costs - Transfer taxes What are transfer taxes in Closing costs? How is it calculated? In the estimate I received from lender it’s approx $5300 for 600k house in Essex county.,nj closing costs transfer taxes what are transfer taxes in closing costs? how is it calculated? in the estimate i received from lender its approx 5300 for 600k house in essex county.,Closing costs,0.94195664,True,distilbert_stage1
t3qd6t,FirstTimeHomeBuyer,Pre-approval and manual underwriting?,"Due to not using any credit, I have no credit score and thus have to get a loan with manual underwriting. In this market I'm also told I have 0 chance of getting an offer accepted if I'm not pre-approved. The lender I'm working with also told me that pre-approval for a manually underwitten loan only lasts 2 months and is capped at 625k, not a huge issue though it definitely gives us a hard limit that we'd might not otherwise have. So that leads me to my question... Has anyone gone through the h",3,4,2022-02-28,https://reddit.com/r/FirstTimeHomeBuyer/comments/t3qd6t/preapproval_and_manual_underwriting/,,,,"Pre-approval and manual underwriting? Due to not using any credit, I have no credit score and thus have to get a loan with manual underwriting. In this market I'm also told I have 0 chance of getting an offer accepted if I'm not pre-approved. The lender I'm working with also told me that pre-approval for a manually underwitten loan only lasts 2 months and is capped at 625k, not a huge issue though it definitely gives us a hard limit that we'd might not otherwise have.",preapproval and manual underwriting? due to not using any credit i have no credit score and thus have to get a loan with manual underwriting. in this market im also told i have 0 chance of getting an offer accepted if im not preapproved. the lender im working with also told me that preapproval for a manually underwitten loan only lasts 2 months and is capped at 625k not a huge issue though it definitely gives us a hard limit that wed might not otherwise have.,Loan pre-approval,0.9162536,True,distilbert_stage1
t3o6ee,FirstTimeHomeBuyer,Has anyone tried using escalation clauses specific to cash offers?,"Wondering if anyone has ever tried having an escalation clause whereby you're bid would be equal the *greater of* (x) $15K above the highest cash offer *or* (y) $5K above the highest financing offer, subject to a cap. For example, you offer 550K with an escalation up to 575k. Highest cash offer is 555k and highest financing offer is 560k -- that would make your offer $570k (instead of $565K if you just did a traditional escalation of $5k over the highest overall offer). I keep losing out to",3,7,2022-02-28,https://reddit.com/r/FirstTimeHomeBuyer/comments/t3o6ee/has_anyone_tried_using_escalation_clauses/,,,,"Has anyone tried using escalation clauses specific to cash offers? Wondering if anyone has ever tried having an escalation clause whereby you're bid would be equal the *greater of* (x) $15K above the highest cash offer *or* (y) $5K above the highest financing offer, subject to a cap. For example, you offer 550K with an escalation up to 575k. Highest cash offer is 555k and highest financing offer is 560k -- that would make your offer $570k (instead of $565K if you just did a traditional escalation of $5k over the highest overall offer).",has anyone tried using escalation clauses specific to cash offers? wondering if anyone has ever tried having an escalation clause whereby youre bid would be equal the greater of x 15k above the highest cash offer or y 5k above the highest financing offer subject to a cap. for example you offer 550k with an escalation up to 575k. highest cash offer is 555k and highest financing offer is 560k that would make your offer 570k instead of 565k if you just did a traditional escalation of 5k over the highest overall offer.,Real estate negotiation,0.76295346,True,distilbert_stage1
t3mcg5,FirstTimeHomeBuyer,Pls help if there is anything I can ask or shop around in below offer I got from my lender. Using VA loan no Seller Credit.,,0,11,2022-02-28,https://reddit.com/r/FirstTimeHomeBuyer/comments/t3mcg5/pls_help_if_there_is_anything_i_can_ask_or_shop/,,,,Pls help if there is anything I can ask or shop around in below offer I got from my lender. Using VA loan no Seller Credit.,pls help if there is anything i can ask or shop around in below offer i got from my lender. using va loan no seller credit.,Home Financing,0.7440717,True,distilbert_stage1
t3mbqn,FirstTimeHomeBuyer,Hard pull required for pre-approval?,Kicked off the home buying experience with my wife this afternoon. Spoke with a lender we really liked. He mentioned next steps being filling out a questionnaire as part of the process that also included a hard credit pull. But we have two other lenders we want to speak with before deciding on who to go with. Wait to fill out the questionnaire and see if one of the other two don't require a hard pull? Would hate to get our credit dinged for us to not even use that lender. Thank you!,1,11,2022-02-28,https://reddit.com/r/FirstTimeHomeBuyer/comments/t3mbqn/hard_pull_required_for_preapproval/,,,,Hard pull required for pre-approval? Kicked off the home buying experience with my wife this afternoon. Spoke with a lender we really liked. He mentioned next steps being filling out a questionnaire as part of the process that also included a hard credit pull.,hard pull required for preapproval? kicked off the home buying experience with my wife this afternoon. spoke with a lender we really liked. he mentioned next steps being filling out a questionnaire as part of the process that also included a hard credit pull.,Loan pre-approval,0.7503723,True,distilbert_stage1
t367ra,FirstTimeHomeBuyer,Should we wait?,Right now we know the market is extremely high so my boyfriend and I pushed out our lease until June 2023. Do we think things will be better by then? Or should I just put my hopes down and expect to rent for 2-4 more years? I understand nobody knows for sure but just want to hear opinions. I don’t want my first big investment to be a bad one,0,15,2022-02-28,https://reddit.com/r/FirstTimeHomeBuyer/comments/t367ra/should_we_wait/,,,,Should we wait? Right now we know the market is extremely high so my boyfriend and I pushed out our lease until June 2023. Do we think things will be better by then? Or should I just put my hopes down and expect to rent for 2-4 more years?,should we wait? right now we know the market is extremely high so my boyfriend and i pushed out our lease until june 2023. do we think things will be better by then? or should i just put my hopes down and expect to rent for 24 more years?,Renting Process,0.7379416,True,distilbert_stage1
t2rg6l,FirstTimeHomeBuyer,We got an offer accepted… can we shop lenders?,"So my husband and my understanding was that you get your pre—approval, make offers and once an offer was accepted- you can shop lenders for the best rate and that it is pointless to do so before an offer bc the rates change so quickly. My realtor told us that now that we have an offer accepted (we literally JUST signed the paperwork) it is too late to shop lenders. Is this true or should we still talk to some other people?",3,16,2022-02-27,https://reddit.com/r/FirstTimeHomeBuyer/comments/t2rg6l/we_got_an_offer_accepted_can_we_shop_lenders/,,,,"We got an offer accepted… can we shop lenders? So my husband and my understanding was that you get your pre—approval, make offers and once an offer was accepted- you can shop lenders for the best rate and that it is pointless to do so before an offer bc the rates change so quickly. My realtor told us that now that we have an offer accepted (we literally JUST signed the paperwork) it is too late to shop lenders. Is this true or should we still talk to some other people?",we got an offer accepted can we shop lenders? so my husband and my understanding was that you get your preapproval make offers and once an offer was accepted you can shop lenders for the best rate and that it is pointless to do so before an offer bc the rates change so quickly. my realtor told us that now that we have an offer accepted we literally just signed the paperwork it is too late to shop lenders. is this true or should we still talk to some other people?,Loan pre-approval,0.7693579,True,distilbert_stage1
tt71yd,FirstTimeHomeBuyer,Are mortgage interest rates already at 4.87 - 5%?,"The wife and I are planning to buy a house near SLC, Utah. We got pre-approved from a local lender and I asked about an estimate for interest rates right now and heard back 4.87-5%! Our annual income is over 300K and we have excellent credit scores. Does this sound correct? On reddit, I saw some posts which mentioned rates of below 4% just 2-3 months ago.",10,33,2022-03-31,https://reddit.com/r/FirstTimeHomeBuyer/comments/tt71yd/are_mortgage_interest_rates_already_at_487_5/,,,,"Are mortgage interest rates already at 4.87 - 5%? The wife and I are planning to buy a house near SLC, Utah. We got pre-approved from a local lender and I asked about an estimate for interest rates right now and heard back 4.87-5%! Our annual income is over 300K and we have excellent credit scores.",are mortgage interest rates already at 4.87 5? the wife and i are planning to buy a house near slc utah. we got preapproved from a local lender and i asked about an estimate for interest rates right now and heard back 4.875! our annual income is over 300k and we have excellent credit scores.,Loan pre-approval,0.8255495,True,distilbert_stage1
tt2m6n,FirstTimeHomeBuyer,Underwriting snag; advice needed,"I posted a few days ago regarding feeling super stressed while in underwriting - turns out my feeling of discontent was founded after all. Despite receiving a “pre underwritten approval” where I provided all employment verification paystubs and bank statements, I now am being asked for further documentation I cannot provide. Some background info : been employed for under a year at my current job. Had an employment gap due to the pandemic and my job beforehand not allowing me to work from home w",3,12,2022-03-31,https://reddit.com/r/FirstTimeHomeBuyer/comments/tt2m6n/underwriting_snag_advice_needed/,,,,"Underwriting snag; advice needed I posted a few days ago regarding feeling super stressed while in underwriting - turns out my feeling of discontent was founded after all. Despite receiving a “pre underwritten approval” where I provided all employment verification paystubs and bank statements, I now am being asked for further documentation I cannot provide. Some background info : been employed for under a year at my current job.",underwriting snag advice needed i posted a few days ago regarding feeling super stressed while in underwriting turns out my feeling of discontent was founded after all. despite receiving a pre underwritten approval where i provided all employment verification paystubs and bank statements i now am being asked for further documentation i cannot provide. some background info been employed for under a year at my current job.,Loan underwriting process,0.85404146,True,distilbert_stage1
tt2jm1,FirstTimeHomeBuyer,3% Down FHA,"In this current market, are FHA loans being accepted by sellers? Specifically in the DFW (Texas) market? Is ""rolling"" the closing costs into the mortgage (not paying upfront) still a viable option?",5,3,2022-03-31,https://reddit.com/r/FirstTimeHomeBuyer/comments/tt2jm1/3_down_fha/,,,,"3% Down FHA In this current market, are FHA loans being accepted by sellers? Specifically in the DFW (Texas) market? Is ""rolling"" the closing costs into the mortgage (not paying upfront) still a viable option?",3 down fha in this current market are fha loans being accepted by sellers? specifically in the dfw texas market? is rolling the closing costs into the mortgage not paying upfront still a viable option?,Closing costs,0.9115582,True,distilbert_stage1
tt249a,FirstTimeHomeBuyer,Backing out of purchase,"The inspection revealed some scary things. I just want to make sure I'm not over exaggerating, and it'd be right to back out. Background info - buying in Orlando, Fl. The market is crazy blah blah. Buying based off of one income because husband will likely have to lose his job. Baby due in August. Trying to move from CO to FL to be around family to welcome baby. House info - old house (1950). Not in a part of town I love or hate. Within my budget. Small but I like small spaces. Updates insid",129,124,2022-03-31,https://reddit.com/r/FirstTimeHomeBuyer/comments/tt249a/backing_out_of_purchase/,,,,"Backing out of purchase The inspection revealed some scary things. I just want to make sure I'm not over exaggerating, and it'd be right to back out. Background info - buying in Orlando, Fl.",backing out of purchase the inspection revealed some scary things. i just want to make sure im not over exaggerating and itd be right to back out. background info buying in orlando fl.,Home Inspections,0.91433096,True,distilbert_stage1
tt0mk2,FirstTimeHomeBuyer,How much house can I afford?,"based on posts here, I guess my income isn’t as great as I thought… to compete (at least on the Jersey Shore) . And I’m wondering if instead of looking at these 450-550 homes I should be looking at the 350-400 or less, assuming I’m going to have to bid 50-100K over -Total gross Income: 165K (single) not including bonuses. -Savings + 401K. -Downpayment: 3.5 (Va Loan.). -Approved for a loan up to 700K. -Monthly debt: $750. (student and personal loan)(Both will be done in 3-5years). I was al",0,11,2022-03-31,https://reddit.com/r/FirstTimeHomeBuyer/comments/tt0mk2/how_much_house_can_i_afford/,,,,"How much house can I afford? based on posts here, I guess my income isn’t as great as I thought… to compete (at least on the Jersey Shore) . And I’m wondering if instead of looking at these 450-550 homes I should be looking at the 350-400 or less, assuming I’m going to have to bid 50-100K over -Total gross Income: 165K (single) not including bonuses. -Savings + 401K.",how much house can i afford? based on posts here i guess my income isnt as great as i thought to compete at least on the jersey shore . and im wondering if instead of looking at these 450550 homes i should be looking at the 350400 or less assuming im going to have to bid 50100k over total gross income 165k single not including bonuses. savings 401k.,Affordability,0.78153986,True,distilbert_stage1
tszslq,FirstTimeHomeBuyer,Thinking of backing out of a house due to the work required on it. Any advice is appreciated.,"FTHB here with a house under contract. The house checks all of my boxes for features I want, but the inspection caught some concerning things. For starters, the AC wouldn’t stay on and kept tripping the breaker. Then the shower diverter wouldn’t work. There are other things too like half the house not having gutters, a cracked tile in the roof and trees that needed trimming My agent hired a HVAC guy and plumber to come in and look at the issues. Turns out the AC unit needs to be replaced, and u",8,9,2022-03-31,https://reddit.com/r/FirstTimeHomeBuyer/comments/tszslq/thinking_of_backing_out_of_a_house_due_to_the/,,,,"Thinking of backing out of a house due to the work required on it. Any advice is appreciated. FTHB here with a house under contract. The house checks all of my boxes for features I want, but the inspection caught some concerning things. For starters, the AC wouldn’t stay on and kept tripping the breaker.",thinking of backing out of a house due to the work required on it. any advice is appreciated. fthb here with a house under contract. the house checks all of my boxes for features i want but the inspection caught some concerning things. for starters the ac wouldnt stay on and kept tripping the breaker.,Home Inspections,0.8280185,True,distilbert_stage1
tssdvh,FirstTimeHomeBuyer,Can we afford this house?,"UPDATE: We aren’t moving forward with this one. Thanks for all your advice! My wife and I are trying to make a move from Chicago to the Phoenix area (Queen Creek) which is super hot right now. We’re looking at a new build. Based on structural choices we are looking at a price of $596,225, but I’m imagining interior options will run us up into the $630s if not $640k. Household gross income is $166,000, and our approximate monthly payment (estimating 5.125% interest, property taxes insurance,",0,17,2022-03-31,https://reddit.com/r/FirstTimeHomeBuyer/comments/tssdvh/can_we_afford_this_house/,,,,Can we afford this house? UPDATE: We aren’t moving forward with this one. Thanks for all your advice! My wife and I are trying to make a move from Chicago to the Phoenix area (Queen Creek) which is super hot right now.,can we afford this house? update we arent moving forward with this one. thanks for all your advice! my wife and i are trying to make a move from chicago to the phoenix area queen creek which is super hot right now.,Affordability,0.8548362,True,distilbert_stage1
tsopwb,FirstTimeHomeBuyer,Partially wave inspection,"We're in a competitive market with HCOL where our realtor says no one has gotten their offer accepted this year without waiving inspection. We're looking at a house and it looks great online, but the sellers will not let anyone see it until the open house and offers are due \~48 hours later. I think they still live there. We can afford to offer well over the asking price and waive appraisal, but we hate the idea of waiving inspection. Our realtor seems to think you can only do inspection, waive",2,6,2022-03-31,https://reddit.com/r/FirstTimeHomeBuyer/comments/tsopwb/partially_wave_inspection/,,,,"Partially wave inspection We're in a competitive market with HCOL where our realtor says no one has gotten their offer accepted this year without waiving inspection. We're looking at a house and it looks great online, but the sellers will not let anyone see it until the open house and offers are due \~48 hours later. I think they still live there.",partially wave inspection were in a competitive market with hcol where our realtor says no one has gotten their offer accepted this year without waiving inspection. were looking at a house and it looks great online but the sellers will not let anyone see it until the open house and offers are due 48 hours later. i think they still live there.,Home Inspections,0.78473216,True,distilbert_stage1
tsm6cr,FirstTimeHomeBuyer,"Just Starting My Search, Feeling Overwhelmed","Hi All - I recently got a nice promotion and pay raise at work, and for the first time ever, I've seriously considered buying a house. I have started doing some beginner research and wow, I'm feeling really overwhelmed. I'm looking at relocating from Minnesota to Colorado, so obviously finding a house is going to be difficult. But the parts I'm really having difficulty with are: * Where do I start in trying to find a loan? I don't have GREAT credit (I have a couple of credit cards, but otherw",5,5,2022-03-30,https://reddit.com/r/FirstTimeHomeBuyer/comments/tsm6cr/just_starting_my_search_feeling_overwhelmed/,,,,"Just Starting My Search, Feeling Overwhelmed Hi All - I recently got a nice promotion and pay raise at work, and for the first time ever, I've seriously considered buying a house. I have started doing some beginner research and wow, I'm feeling really overwhelmed. I'm looking at relocating from Minnesota to Colorado, so obviously finding a house is going to be difficult.",just starting my search feeling overwhelmed hi all i recently got a nice promotion and pay raise at work and for the first time ever ive seriously considered buying a house. i have started doing some beginner research and wow im feeling really overwhelmed. im looking at relocating from minnesota to colorado so obviously finding a house is going to be difficult.,Relocation Services,0.8612329,True,distilbert_stage1
tslbx4,FirstTimeHomeBuyer,Considerations for buying a house with a parent? Wife (30F) and I (28M) are having twins this year and are hoping to buy with my mom who can provide a ~50% down payment.,,30,48,2022-03-30,https://reddit.com/r/FirstTimeHomeBuyer/comments/tslbx4/considerations_for_buying_a_house_with_a_parent/,,,,Considerations for buying a house with a parent? Wife (30F) and I (28M) are having twins this year and are hoping to buy with my mom who can provide a ~50% down payment.,considerations for buying a house with a parent? wife 30f and i 28m are having twins this year and are hoping to buy with my mom who can provide a 50 down payment.,Down payment options,0.80526346,True,distilbert_stage1
ufmet7,FirstTimeHomeBuyer,Zestimate,"Was Zestimate close to your appraisal value? Hoping appraisal lands at the higher end of Zillow's ""estimated sales range""... Curious how accurate it is in reality? The actual ""Zestimate"" aggressively fluctuates, but the range has stayed fairly consistent Edit: zesty had it at 450, came in at 485",19,98,2022-04-30,https://reddit.com/r/FirstTimeHomeBuyer/comments/ufmet7/zestimate/,,,,"Zestimate Was Zestimate close to your appraisal value? Hoping appraisal lands at the higher end of Zillow's ""estimated sales range""... Curious how accurate it is in reality?",zestimate was zestimate close to your appraisal value? hoping appraisal lands at the higher end of zillows estimated sales range... curious how accurate it is in reality?,Home appraisals,0.9003242,True,distilbert_stage1
ufch47,FirstTimeHomeBuyer,"Generally speaking, what causes a house to fall out of contract in relation to home inspections?","Obviously lots of factors come into play, but generally speaking, what issues discovered by home inspections cause a house to fall out of multiple contracts? Structural issues?",10,12,2022-04-30,https://reddit.com/r/FirstTimeHomeBuyer/comments/ufch47/generally_speaking_what_causes_a_house_to_fall/,,,,"Generally speaking, what causes a house to fall out of contract in relation to home inspections? Obviously lots of factors come into play, but generally speaking, what issues discovered by home inspections cause a house to fall out of multiple contracts? Structural issues?",generally speaking what causes a house to fall out of contract in relation to home inspections? obviously lots of factors come into play but generally speaking what issues discovered by home inspections cause a house to fall out of multiple contracts? structural issues?,Property inspections,0.9158173,True,distilbert_stage1
ufc1gs,FirstTimeHomeBuyer,"Hi y’all. For some reason I really hate those windows. If I can convince HOA, how much do you think it should cost to cover those windows to make it look like they were never there and install 2 new roof ones? Tia",,0,13,2022-04-30,https://reddit.com/r/FirstTimeHomeBuyer/comments/ufc1gs/hi_yall_for_some_reason_i_really_hate_those/,,,,"Hi y’all. For some reason I really hate those windows. If I can convince HOA, how much do you think it should cost to cover those windows to make it look like they were never there and install 2 new roof ones? Tia",hi yall. for some reason i really hate those windows. if i can convince hoa how much do you think it should cost to cover those windows to make it look like they were never there and install 2 new roof ones? tia,HOAs,0.9598332,True,distilbert_stage1
uf6lex,FirstTimeHomeBuyer,Home Inspection Questions,"I found a 3 bedroom 1 bath in a nice neighborhood close to family and made an offer. It was my second so didn't expect it to get it accepted but...here we are. Listed for 200k, offered 210k contingent on inspection and appraisal. Had my inspection yesterday and have a few doubts so I'm talking with my realtor today to go over next steps. Bad: - None of the outlets in the house were grounded and 2 in the kitchen didn't work at all - Several windows had issues with locking or staying open - Dish",1,17,2022-04-30,https://reddit.com/r/FirstTimeHomeBuyer/comments/uf6lex/home_inspection_questions/,,,,"Home Inspection Questions I found a 3 bedroom 1 bath in a nice neighborhood close to family and made an offer. It was my second so didn't expect it to get it accepted but...here we are. Listed for 200k, offered 210k contingent on inspection and appraisal.",home inspection questions i found a 3 bedroom 1 bath in a nice neighborhood close to family and made an offer. it was my second so didnt expect it to get it accepted but...here we are. listed for 200k offered 210k contingent on inspection and appraisal.,Home Inspections,0.91727966,True,distilbert_stage1
uez958,FirstTimeHomeBuyer,Odds of approval,"I currently live in an apartment (FL) with my boyfriend and we need to make a decision next month with our leasing ending in July. We currently pay $1469 and they are proposing new rent of $1769 with signed lease or $2069 month to month. We need to leave. We have almost $10k saved together. My DTI is high (less than 50%) due to me buying a new vehicle this year. My score is above 715 with an excellent payment history. My boyfriends score is much lower. I think low 600s. Together, our household",0,5,2022-04-30,https://reddit.com/r/FirstTimeHomeBuyer/comments/uez958/odds_of_approval/,,,,Odds of approval I currently live in an apartment (FL) with my boyfriend and we need to make a decision next month with our leasing ending in July. We currently pay $1469 and they are proposing new rent of $1769 with signed lease or $2069 month to month. We need to leave.,odds of approval i currently live in an apartment fl with my boyfriend and we need to make a decision next month with our leasing ending in july. we currently pay 1469 and they are proposing new rent of 1769 with signed lease or 2069 month to month. we need to leave.,Renting Process,0.77644587,True,distilbert_stage1
v1ylxs,FirstTimeHomeBuyer,Freaking out / underwriting,"We are supposed to close on Monday 6/6. The application went to final underwriting on Thursday night. Today, the loan processor says underwriting needs for one of the sellers to be added to the top of the sales contract - the sellers are married and she signed the contract and initialed every page but her name is not listed at the top as a “seller.” So she needs to be added and we all need to initial. I asked the processor if we could expect the CD tonight and she said no, they need this fixed,",6,9,2022-05-31,https://reddit.com/r/FirstTimeHomeBuyer/comments/v1ylxs/freaking_out_underwriting/,,,,"Freaking out / underwriting We are supposed to close on Monday 6/6. The application went to final underwriting on Thursday night. Today, the loan processor says underwriting needs for one of the sellers to be added to the top of the sales contract - the sellers are married and she signed the contract and initialed every page but her name is not listed at the top as a “seller.” So she needs to be added and we all need to initial.",freaking out underwriting we are supposed to close on monday 66. the application went to final underwriting on thursday night. today the loan processor says underwriting needs for one of the sellers to be added to the top of the sales contract the sellers are married and she signed the contract and initialed every page but her name is not listed at the top as a seller. so she needs to be added and we all need to initial.,Loan underwriting process,0.76689345,True,distilbert_stage1
v1wpyz,FirstTimeHomeBuyer,Is Underwriting the most stressful part of the process?,We are almost at that stage and my credit just barely got by the pre approval stage. Our next step is the appraisal on the house and see how that goes then we will be in the underwriting stage. My credit was pulled 5 days before it went down 10 more points. Roughly at the 620 range now and the loan is conventional. Plus I just finished school so my last two paychecks are low due to low hours because of school but my next check I’ll be receiving tomorrow will be more than double I been getting,12,24,2022-05-31,https://reddit.com/r/FirstTimeHomeBuyer/comments/v1wpyz/is_underwriting_the_most_stressful_part_of_the/,,,,Is Underwriting the most stressful part of the process? We are almost at that stage and my credit just barely got by the pre approval stage. Our next step is the appraisal on the house and see how that goes then we will be in the underwriting stage. My credit was pulled 5 days before it went down 10 more points.,is underwriting the most stressful part of the process? we are almost at that stage and my credit just barely got by the pre approval stage. our next step is the appraisal on the house and see how that goes then we will be in the underwriting stage. my credit was pulled 5 days before it went down 10 more points.,Loan underwriting process,0.8507026,True,distilbert_stage1
v1c3ue,FirstTimeHomeBuyer,Crypto gains for down payment?,I am under contract and I made a deposit into my bank about 2 months ago but it shows up on my last 2 statements for a substantial amount of money. The money is from crypto gains. Has anyone had experience with underwriting and then asking about the large deposits? What type of proof did you provide? Just curious what some peoples experience was here,0,19,2022-05-30,https://reddit.com/r/FirstTimeHomeBuyer/comments/v1c3ue/crypto_gains_for_down_payment/,,,,Crypto gains for down payment? I am under contract and I made a deposit into my bank about 2 months ago but it shows up on my last 2 statements for a substantial amount of money. The money is from crypto gains. Has anyone had experience with underwriting and then asking about the large deposits?,crypto gains for down payment? i am under contract and i made a deposit into my bank about 2 months ago but it shows up on my last 2 statements for a substantial amount of money. the money is from crypto gains. has anyone had experience with underwriting and then asking about the large deposits?,Down payment options,0.79736483,True,distilbert_stage1
v0xtcy,FirstTimeHomeBuyer,Got the Keys! Thanks to this subreddit for all the help and keeping me sane. It was a marathon sprint to get me to close after being ghosted by everyone on the mortgage side a day before I was originally set to close. Now I can sleep peacefully without hearing my neighbors finally…,,199,8,2022-05-30,https://reddit.com/r/FirstTimeHomeBuyer/comments/v0xtcy/got_the_keys_thanks_to_this_subreddit_for_all_the/,,,,Got the Keys! Thanks to this subreddit for all the help and keeping me sane. It was a marathon sprint to get me to close after being ghosted by everyone on the mortgage side a day before I was originally set to close. Now I can sleep peacefully without hearing my neighbors finally…,got the keys! thanks to this subreddit for all the help and keeping me sane. it was a marathon sprint to get me to close after being ghosted by everyone on the mortgage side a day before i was originally set to close. now i can sleep peacefully without hearing my neighbors finally,Home Financing,0.7240445,True,distilbert_stage1
v0x93v,FirstTimeHomeBuyer,Applying for Mortgage and Credit Inquiries,I’m planning on applying for a mortgage within the next 6-9 months. I currently have one credit inquiry that won’t fall off my credit report for another year. Will it hurt me a bunch if I get one more inquiry? Want to ask credit card company for a credit limit increase but they do a hard pull of my credit report. Any insight would help. Thanks!,4,6,2022-05-30,https://reddit.com/r/FirstTimeHomeBuyer/comments/v0x93v/applying_for_mortgage_and_credit_inquiries/,,,,Applying for Mortgage and Credit Inquiries I’m planning on applying for a mortgage within the next 6-9 months. I currently have one credit inquiry that won’t fall off my credit report for another year. Will it hurt me a bunch if I get one more inquiry?,applying for mortgage and credit inquiries im planning on applying for a mortgage within the next 69 months. i currently have one credit inquiry that wont fall off my credit report for another year. will it hurt me a bunch if i get one more inquiry?,Home Financing,0.74576944,True,distilbert_stage1
uzvq73,FirstTimeHomeBuyer,2 different mortgages,"Hello everyone. I have an interesting situation. My closing is in around a month, and I already have a mortgage approved from a bank A with 4.75% rate. A few days ago, another place I was shopping for mortgage initially with, contacted me with a 4.375% rate offer and they also mention I can use an appraisal I already have. What should I do? Should I go with a better rate? Any potential problems I should be aware of? Thanks!",8,19,2022-05-28,https://reddit.com/r/FirstTimeHomeBuyer/comments/uzvq73/2_different_mortgages/,,,,"2 different mortgages Hello everyone. I have an interesting situation. My closing is in around a month, and I already have a mortgage approved from a bank A with 4.75% rate.",2 different mortgages hello everyone. i have an interesting situation. my closing is in around a month and i already have a mortgage approved from a bank a with 4.75 rate.,Home Financing,0.77901566,True,distilbert_stage1
uzrn84,FirstTimeHomeBuyer,Do I find the home inspector?,"My FIL has been helping my wife and I with looking at homes, etc. He referred us to Accunet Mortgage, who have been very helpful. Now he is saying, after we have had an offer accepted, that we don't need to hire an inspector, because Accunet will. Our realtor says we need to hire the inspector. I've made an appointment with an inspector because it's Memorial Day weekend and we don't have a lot of time before the inspection is required to have been done, so FIL is annoyed, saying the lender will",3,6,2022-05-28,https://reddit.com/r/FirstTimeHomeBuyer/comments/uzrn84/do_i_find_the_home_inspector/,,,,"Do I find the home inspector? My FIL has been helping my wife and I with looking at homes, etc. He referred us to Accunet Mortgage, who have been very helpful. Now he is saying, after we have had an offer accepted, that we don't need to hire an inspector, because Accunet will.",do i find the home inspector? my fil has been helping my wife and i with looking at homes etc. he referred us to accunet mortgage who have been very helpful. now he is saying after we have had an offer accepted that we dont need to hire an inspector because accunet will.,Home Inspections,0.7160077,True,distilbert_stage1
vokeat,FirstTimeHomeBuyer,Advice for finding a realtor?,"I got the pre-approval done. I have made one positive contact with a realtor (and a few negative with others). I liked him well enough but he charges 3% or as he put it, The seller's agent gets 3% and I get 3% and the seller pays it. I told him I pay it one way or another and he's like well... yeah. So at least he was as honest as I would expect from a salesman. Decent enough chemistry and he was responsive which I liked. This is a 200k or less purchase. Should I be looking for someone flat fee",2,11,2022-06-30,https://reddit.com/r/FirstTimeHomeBuyer/comments/vokeat/advice_for_finding_a_realtor/,,,,"Advice for finding a realtor? I got the pre-approval done. I have made one positive contact with a realtor (and a few negative with others). I liked him well enough but he charges 3% or as he put it, The seller's agent gets 3% and I get 3% and the seller pays it.",advice for finding a realtor? i got the preapproval done. i have made one positive contact with a realtor and a few negative with others. i liked him well enough but he charges 3 or as he put it the sellers agent gets 3 and i get 3 and the seller pays it.,Loan pre-approval,0.8155512,True,distilbert_stage1
voidf3,FirstTimeHomeBuyer,How realistic is it to win a bid war with 3% down payment?,Just wondering if 3% down is really possible.,2,14,2022-06-30,https://reddit.com/r/FirstTimeHomeBuyer/comments/voidf3/how_realistic_is_it_to_win_a_bid_war_with_3_down/,,,,How realistic is it to win a bid war with 3% down payment? Just wondering if 3% down is really possible.,how realistic is it to win a bid war with 3 down payment? just wondering if 3 down is really possible.,Down payment options,0.89602554,True,distilbert_stage1
vobvqw,FirstTimeHomeBuyer,Should I get a mortgage pre-approval from more than one lender?,Are they all going to have the same rates? What differentiates different lenders?,2,12,2022-06-30,https://reddit.com/r/FirstTimeHomeBuyer/comments/vobvqw/should_i_get_a_mortgage_preapproval_from_more/,,,,Should I get a mortgage pre-approval from more than one lender? Are they all going to have the same rates? What differentiates different lenders?,should i get a mortgage preapproval from more than one lender? are they all going to have the same rates? what differentiates different lenders?,Loan pre-approval,0.9386033,True,distilbert_stage1
voabv8,FirstTimeHomeBuyer,Furnishing an entire house. Looking for suggestions for stores!,"Yep. Living with family and husband and I have very little of our own stuff. We have a decent budget set aside to furnish and decorate the place. Any tips or store reccomendations for affordable stuff? Would like to do a majority of our shopping online. Other than Wayfair and Overstock, anyone have some hidden gems or lesser known stores with cool or unique pieces? We are surfing on FB marketplace and craiglist already. Our taste is mainly mid century modern. Doing a lot of dark colors (eme",5,27,2022-06-30,https://reddit.com/r/FirstTimeHomeBuyer/comments/voabv8/furnishing_an_entire_house_looking_for/,,,,Furnishing an entire house. Looking for suggestions for stores! Yep. Living with family and husband and I have very little of our own stuff. We have a decent budget set aside to furnish and decorate the place.,furnishing an entire house. looking for suggestions for stores! yep. living with family and husband and i have very little of our own stuff. we have a decent budget set aside to furnish and decorate the place.,Renovations and Upgrades,0.8245877,True,distilbert_stage1
vny1t0,FirstTimeHomeBuyer,"First mortgage. First home. Purchased in the Northeast in a city. Tell me, how badly was I screwed (if at all)?",,1,2,2022-06-30,https://reddit.com/r/FirstTimeHomeBuyer/comments/vny1t0/first_mortgage_first_home_purchased_in_the/,,,,"First mortgage. First home. Purchased in the Northeast in a city. Tell me, how badly was I screwed (if at all)?",first mortgage. first home. purchased in the northeast in a city. tell me how badly was i screwed if at all?,Home Financing,0.7604237,True,distilbert_stage1
vnu64w,FirstTimeHomeBuyer,"My USDA got denied at the last minute, what do I do?","For context, I applied, got pre-approved, and even approved I guess the first time around for a USDA loan which was all fine and dandy up until today when my loan officer emails me to say I got denied right before settlement because he didn’t add in an HOA fee that apparently tipped me over the DTI. Not sure how the hell he forgot that but whatever. He sent an alternate FHA option which sort of sucks so I asked about the ability to pay for points towards the USDA loan which may help. I was told",7,7,2022-06-29,https://reddit.com/r/FirstTimeHomeBuyer/comments/vnu64w/my_usda_got_denied_at_the_last_minute_what_do_i_do/,,,,"My USDA got denied at the last minute, what do I do? For context, I applied, got pre-approved, and even approved I guess the first time around for a USDA loan which was all fine and dandy up until today when my loan officer emails me to say I got denied right before settlement because he didn’t add in an HOA fee that apparently tipped me over the DTI. Not sure how the hell he forgot that but whatever. He sent an alternate FHA option which sort of sucks so I asked about the ability to pay for points towards the USDA loan which may help.",my usda got denied at the last minute what do i do? for context i applied got preapproved and even approved i guess the first time around for a usda loan which was all fine and dandy up until today when my loan officer emails me to say i got denied right before settlement because he didnt add in an hoa fee that apparently tipped me over the dti. not sure how the hell he forgot that but whatever. he sent an alternate fha option which sort of sucks so i asked about the ability to pay for points towards the usda loan which may help.,Loan pre-approval,0.8480652,True,distilbert_stage1
vnqi5p,FirstTimeHomeBuyer,Opinions on our closing costs?,,22,36,2022-06-29,https://reddit.com/r/FirstTimeHomeBuyer/comments/vnqi5p/opinions_on_our_closing_costs/,,,,Opinions on our closing costs?,opinions on our closing costs?,Closing costs,0.95121974,True,distilbert_stage1
vnjzjl,FirstTimeHomeBuyer,To buy or not to buy,"First off, if this isn’t the correct community, please remove: I’m wondering if I should consider the process of purchasing a home. I honestly don’t know where to start and tbh, feel overwhelmed at just thinking about all the people I need to talk to, realtors, banks, etc. I am relocating to a new city in August and rent is as high if not higher than a mortgage; for a 3 bedroom in a good area of town, upwards of 1.9k+. I am going to be residing in this new city until 2024 at which, I will reloc",2,9,2022-06-29,https://reddit.com/r/FirstTimeHomeBuyer/comments/vnjzjl/to_buy_or_not_to_buy/,,,,"To buy or not to buy First off, if this isn’t the correct community, please remove: I’m wondering if I should consider the process of purchasing a home. I honestly don’t know where to start and tbh, feel overwhelmed at just thinking about all the people I need to talk to, realtors, banks, etc. I am relocating to a new city in August and rent is as high if not higher than a mortgage; for a 3 bedroom in a good area of town, upwards of 1.9k+.",to buy or not to buy first off if this isnt the correct community please remove im wondering if i should consider the process of purchasing a home. i honestly dont know where to start and tbh feel overwhelmed at just thinking about all the people i need to talk to realtors banks etc. i am relocating to a new city in august and rent is as high if not higher than a mortgage for a 3 bedroom in a good area of town upwards of 1.9k.,Relocation Services,0.90736336,True,distilbert_stage1
wd2icf,FirstTimeHomeBuyer,FTHB - New build. Do I need an inspection?,"And if so, how much do they cost? Roughly. Thanks!",2,12,2022-07-31,https://reddit.com/r/FirstTimeHomeBuyer/comments/wd2icf/fthb_new_build_do_i_need_an_inspection/,,,,"FTHB - New build. Do I need an inspection? And if so, how much do they cost? Roughly. Thanks!",fthb new build. do i need an inspection? and if so how much do they cost? roughly. thanks!,Home Inspections,0.8663128,True,distilbert_stage1
wckfly,FirstTimeHomeBuyer,Normal to leave house on market after receiving earnest money?,"Hi everyone. After about a month of looking and placing offers on a few homes, we’ve finally found something we love. Seller accepted our offer. It took about 24 hours for the listing agent to send over the contract signed by his seller (I guess he was out of the country?). That afternoon, we drove to our bank, got a bank check, and delivered it to the listing agents office. Once we delivered the check (or shortly thereafter) I expected the listing status to change to ‘Pending’ or at least ‘Acce",2,7,2022-07-31,https://reddit.com/r/FirstTimeHomeBuyer/comments/wckfly/normal_to_leave_house_on_market_after_receiving/,,,,"Normal to leave house on market after receiving earnest money? Hi everyone. After about a month of looking and placing offers on a few homes, we’ve finally found something we love. Seller accepted our offer.",normal to leave house on market after receiving earnest money? hi everyone. after about a month of looking and placing offers on a few homes weve finally found something we love. seller accepted our offer.,Buying Process,0.73041964,True,distilbert_stage1
wceee5,FirstTimeHomeBuyer,closed June 14th. Rocket Mortgage when will they report to my credit?,As the title says. Anyone else have any insight on how long it takes for this to finally show up on my credit. Really tired of seeing this anytime I do a credit limit increase request and Amex and Discover bump me and Capital one who is a crap card for me says not at this time due to things like Lack of Real Estate Secured Loan Information. Well I have it now but waiting patiently for it to show up about to make my second months payment next week so they have received money without issue. T,2,1,2022-07-31,https://reddit.com/r/FirstTimeHomeBuyer/comments/wceee5/closed_june_14th_rocket_mortgage_when_will_they/,,,,closed June 14th. Rocket Mortgage when will they report to my credit? As the title says. Anyone else have any insight on how long it takes for this to finally show up on my credit. Really tired of seeing this anytime I do a credit limit increase request and Amex and Discover bump me and Capital one who is a crap card for me says not at this time due to things like Lack of Real Estate Secured Loan Information.,closed june 14th. rocket mortgage when will they report to my credit? as the title says. anyone else have any insight on how long it takes for this to finally show up on my credit. really tired of seeing this anytime i do a credit limit increase request and amex and discover bump me and capital one who is a crap card for me says not at this time due to things like lack of real estate secured loan information.,Home Financing,0.81012744,True,distilbert_stage1
wc3vzy,FirstTimeHomeBuyer,Roots in sewer pipes from inspection,Sewer scope found some roots in the system and some piping is cast iron. Home is 25 yrs old but sewer system is older. Not too much to block anything but recommended full clean out for the pipes and surrounding area. I'd still need regular yearly cleaning to prevent them from growing back. My realtor says roots in pipes is normal as long as it isn't too much. But she also glossed over the entire inspection report including not fully working AC and defunct humidifier. She said humidifiers never,12,33,2022-07-30,https://reddit.com/r/FirstTimeHomeBuyer/comments/wc3vzy/roots_in_sewer_pipes_from_inspection/,,,,Roots in sewer pipes from inspection Sewer scope found some roots in the system and some piping is cast iron. Home is 25 yrs old but sewer system is older. Not too much to block anything but recommended full clean out for the pipes and surrounding area.,roots in sewer pipes from inspection sewer scope found some roots in the system and some piping is cast iron. home is 25 yrs old but sewer system is older. not too much to block anything but recommended full clean out for the pipes and surrounding area.,Property inspections,0.7330287,True,distilbert_stage1
wbzvat,FirstTimeHomeBuyer,How much does a standard inspection in NJ cost?,,0,5,2022-07-30,https://reddit.com/r/FirstTimeHomeBuyer/comments/wbzvat/how_much_does_a_standard_inspection_in_nj_cost/,,,,How much does a standard inspection in NJ cost?,how much does a standard inspection in nj cost?,Property inspections,0.9735719,True,distilbert_stage1
wbpak7,FirstTimeHomeBuyer,About to close at $485k under in Los Angeles - our experience with the current state of the market,"First time buyer, we’ve been looking since January. Market has finally softened enough to make buying a reality. We were preapproved for 4.00% 30y fixed, 80% max ltv up to $2mm with First Republic. There was a house in an ideal location that went up for sale last November at $2.395mm, so outside our price range. After falling out of escrow twice, it was recently relisted at $2.195mm. We submitted an offer at $1.85mm, they countered, we countered, and ended up at $1.925mm. But, within MINUTES of",12,22,2022-07-30,https://reddit.com/r/FirstTimeHomeBuyer/comments/wbpak7/about_to_close_at_485k_under_in_los_angeles_our/,,,,"About to close at $485k under in Los Angeles - our experience with the current state of the market First time buyer, we’ve been looking since January. Market has finally softened enough to make buying a reality. We were preapproved for 4.00% 30y fixed, 80% max ltv up to $2mm with First Republic.",about to close at 485k under in los angeles our experience with the current state of the market first time buyer weve been looking since january. market has finally softened enough to make buying a reality. we were preapproved for 4.00 30y fixed 80 max ltv up to 2mm with first republic.,Loan pre-approval,0.8561912,True,distilbert_stage1
x2m1m5,FirstTimeHomeBuyer,"Buying a new build inventory home, not able to do pre-drywall inspection... things to look out for?","As the title suggests, my husband and I are in the process of buying a home (Lennar in the Houston, TX area... I know, I know) that was mostly built back when we looked at it in late July. It was originally expected to be finished in late October, but we've been able to move the closing date up a month to the end of September. Buying this home was a whirlwind, and we had to make a decision quickly to get the deal offered by the builder at the time, so admittedly I didn't get a chance to do as m",8,1,2022-08-31,https://reddit.com/r/FirstTimeHomeBuyer/comments/x2m1m5/buying_a_new_build_inventory_home_not_able_to_do/,,,,"Buying a new build inventory home, not able to do pre-drywall inspection... things to look out for? As the title suggests, my husband and I are in the process of buying a home (Lennar in the Houston, TX area... I know, I know) that was mostly built back when we looked at it in late July. It was originally expected to be finished in late October, but we've been able to move the closing date up a month to the end of September.",buying a new build inventory home not able to do predrywall inspection... things to look out for? as the title suggests my husband and i are in the process of buying a home lennar in the houston tx area... i know i know that was mostly built back when we looked at it in late july. it was originally expected to be finished in late october but weve been able to move the closing date up a month to the end of september.,Home Inspections,0.7544433,True,distilbert_stage1
x2fvxk,FirstTimeHomeBuyer,HOA says no dogs allowed. This is not disclosed by seller.,I just want to vent. We are currently in underwriting process for a townhome. Our lawyer just received HOA documents including rules and regulations. One of the rules being dog ownership is not allowed. I also called property management to confirm. I’m upset because I’ve asked my realtor this before and he said dogs are okay. Also the online listing says dogs are okay. I am really annoyed because we have gotten so far in the process already. I’m just glad I saw this before closing. Is there any,391,261,2022-08-31,https://reddit.com/r/FirstTimeHomeBuyer/comments/x2fvxk/hoa_says_no_dogs_allowed_this_is_not_disclosed_by/,,,,HOA says no dogs allowed. This is not disclosed by seller. I just want to vent. We are currently in underwriting process for a townhome. Our lawyer just received HOA documents including rules and regulations.,hoa says no dogs allowed. this is not disclosed by seller. i just want to vent. we are currently in underwriting process for a townhome. our lawyer just received hoa documents including rules and regulations.,HOAs,0.94239104,True,distilbert_stage1
x1xvng,FirstTimeHomeBuyer,Needing some direction,"I recently got married and I have been renting since December 2021. My wife and I are both 23 and have saved up about 15k for a down payment. We both have good credit (720 and 760), no car payment, no credit card debt, no student loans (thanks Biden), and about 25k in our 401k/403b combined. My lease is up in December and I think I can save about 5k more by then. We have never owned our own home and both of us lived with our parents before getting married. With the price of rent being high (1.5k",0,11,2022-08-30,https://reddit.com/r/FirstTimeHomeBuyer/comments/x1xvng/needing_some_direction/,,,,"Needing some direction I recently got married and I have been renting since December 2021. My wife and I are both 23 and have saved up about 15k for a down payment. We both have good credit (720 and 760), no car payment, no credit card debt, no student loans (thanks Biden), and about 25k in our 401k/403b combined.",needing some direction i recently got married and i have been renting since december 2021. my wife and i are both 23 and have saved up about 15k for a down payment. we both have good credit 720 and 760 no car payment no credit card debt no student loans thanks biden and about 25k in our 401k403b combined.,Down payment options,0.87907314,True,distilbert_stage1
x1vwwy,FirstTimeHomeBuyer,Trouble with home insurance in fire risk area (Cali),"I am still in the middle stages of buying this home. It's in contingency status, pending a secondary inspection and seller fixing some minor issues. My realtor recommended I price out what home insurance would be in this area, because I had concerns about an old electric panel that is a fire risk. That may have to be replaced but I can take it off at closing. Big name insurance companies don't insure this area. In fact, a lot of them jumped ship due to our wildfires. This area is not a severe r",1,4,2022-08-30,https://reddit.com/r/FirstTimeHomeBuyer/comments/x1vwwy/trouble_with_home_insurance_in_fire_risk_area_cali/,,,,"Trouble with home insurance in fire risk area (Cali) I am still in the middle stages of buying this home. It's in contingency status, pending a secondary inspection and seller fixing some minor issues. My realtor recommended I price out what home insurance would be in this area, because I had concerns about an old electric panel that is a fire risk.",trouble with home insurance in fire risk area cali i am still in the middle stages of buying this home. its in contingency status pending a secondary inspection and seller fixing some minor issues. my realtor recommended i price out what home insurance would be in this area because i had concerns about an old electric panel that is a fire risk.,Home insurance,0.9498959,True,distilbert_stage1
x1qoz6,FirstTimeHomeBuyer,name change and pre-approval,"I got married last year and just received my SS card with name change. Can my spouse and I start the pre-approval process right now? Or do I change the name on my drivers license, work, bank, and credit card accounts and then get pre-approved?",3,5,2022-08-30,https://reddit.com/r/FirstTimeHomeBuyer/comments/x1qoz6/name_change_and_preapproval/,,,,"name change and pre-approval I got married last year and just received my SS card with name change. Can my spouse and I start the pre-approval process right now? Or do I change the name on my drivers license, work, bank, and credit card accounts and then get pre-approved?",name change and preapproval i got married last year and just received my ss card with name change. can my spouse and i start the preapproval process right now? or do i change the name on my drivers license work bank and credit card accounts and then get preapproved?,Loan pre-approval,0.8332149,True,distilbert_stage1
x1akp1,FirstTimeHomeBuyer,What are my options for mortgage approval? [FTHB],,2,5,2022-08-30,https://reddit.com/r/FirstTimeHomeBuyer/comments/x1akp1/what_are_my_options_for_mortgage_approval_fthb/,,,,What are my options for mortgage approval? [FTHB],what are my options for mortgage approval? fthb,Home Financing,0.7698966,True,distilbert_stage1
xs6m8g,FirstTimeHomeBuyer,Mortgages,Down payments seem to be the thing that scares people away from buying. Did you know that there are zero or very low down payment loans and you can get 100% gifts?,0,11,2022-09-30,https://reddit.com/r/FirstTimeHomeBuyer/comments/xs6m8g/mortgages/,,,,Mortgages Down payments seem to be the thing that scares people away from buying. Did you know that there are zero or very low down payment loans and you can get 100% gifts?,mortgages down payments seem to be the thing that scares people away from buying. did you know that there are zero or very low down payment loans and you can get 100 gifts?,Down payment options,0.8135741,True,distilbert_stage1
xrt6j4,FirstTimeHomeBuyer,Do I need a realtor to buy cheap land?,"I’m looking at multi-acre plots of land from $3,000-$20,000 and wondering if I can just go direct with the seller and pay cash, or do I need to use a realtor for paperwork? Note: I know nothing about legal documents lol",1,1,2022-09-30,https://reddit.com/r/FirstTimeHomeBuyer/comments/xrt6j4/do_i_need_a_realtor_to_buy_cheap_land/,,,,"Do I need a realtor to buy cheap land? I’m looking at multi-acre plots of land from $3,000-$20,000 and wondering if I can just go direct with the seller and pay cash, or do I need to use a realtor for paperwork? Note: I know nothing about legal documents lol",do i need a realtor to buy cheap land? im looking at multiacre plots of land from 300020000 and wondering if i can just go direct with the seller and pay cash or do i need to use a realtor for paperwork? note i know nothing about legal documents lol,Legal Issues,0.71473867,True,distilbert_stage1
xrgsnl,FirstTimeHomeBuyer,What to review in HOA docs?,"Just received my HOA docs. They want me to pay 10k for a new deck, but for obvious reasons I don’t want to pay it. I didn’t know about it prior to signing. I’m trying to negotiate for the seller to pay for it. The HOA fee was stated to be $260 but it’s actually moving from $269 to $282. Do I have any leverage here? Is there anything else I should look for? My real estate agent has yet to review the information but honestly I prefer multiple sources so that’s why I’m coming here as well.",1,5,2022-09-29,https://reddit.com/r/FirstTimeHomeBuyer/comments/xrgsnl/what_to_review_in_hoa_docs/,,,,"What to review in HOA docs? Just received my HOA docs. They want me to pay 10k for a new deck, but for obvious reasons I don’t want to pay it. I didn’t know about it prior to signing.",what to review in hoa docs? just received my hoa docs. they want me to pay 10k for a new deck but for obvious reasons i dont want to pay it. i didnt know about it prior to signing.,HOAs,0.9529999,True,distilbert_stage1
xrdopw,FirstTimeHomeBuyer,Frustrated with these foreseen road blocks to closing,Pre-Approved on single income for first time home @ 150k max purchase. I’ve been working diligently with the lender since April of this year to make sure I am carrying no debts and ready to proceed with buying a home. Got pre approved early September and went under contract September 14th only to instantly run into issues with the processing. Home is $136k Leaving 14k wiggle room from max budget. We found that in the pre approval the lender under estimated the home insurance by 110% and und,2,11,2022-09-29,https://reddit.com/r/FirstTimeHomeBuyer/comments/xrdopw/frustrated_with_these_foreseen_road_blocks_to/,,,,Frustrated with these foreseen road blocks to closing Pre-Approved on single income for first time home @ 150k max purchase. I’ve been working diligently with the lender since April of this year to make sure I am carrying no debts and ready to proceed with buying a home. Got pre approved early September and went under contract September 14th only to instantly run into issues with the processing.,frustrated with these foreseen road blocks to closing preapproved on single income for first time home 150k max purchase. ive been working diligently with the lender since april of this year to make sure i am carrying no debts and ready to proceed with buying a home. got pre approved early september and went under contract september 14th only to instantly run into issues with the processing.,Loan pre-approval,0.8761005,True,distilbert_stage1
xratm7,FirstTimeHomeBuyer,Here is the market in the heart of Los Angeles. Tell me you can afford this right now. No min price filter.,,1,1,2022-09-29,https://reddit.com/r/FirstTimeHomeBuyer/comments/xratm7/here_is_the_market_in_the_heart_of_los_angeles/,,,,Here is the market in the heart of Los Angeles. Tell me you can afford this right now. No min price filter.,here is the market in the heart of los angeles. tell me you can afford this right now. no min price filter.,Affordability,0.86263007,True,distilbert_stage1
xr1pld,FirstTimeHomeBuyer,Question about counteroffer with a lower offer,,1,8,2022-09-29,https://reddit.com/r/FirstTimeHomeBuyer/comments/xr1pld/question_about_counteroffer_with_a_lower_offer/,,,,Question about counteroffer with a lower offer,question about counteroffer with a lower offer,Real estate negotiation,0.895151,True,distilbert_stage1
xqzotw,FirstTimeHomeBuyer,Getting rid of Roaches,"Hi everyone, I bought my condo about a year ago and I have been dealing a lot with roaches. The pest terminator mentioned all of the condos might be having the same issue and HOA needs to step in. For context, I live in Southern California and roaches are a common sight here. While waiting for HOA to step in and work on this, just wanted to ask if anyone encountered this problem as well and what has been done to help solve this. The roaches are really grossing me out :( Appreciate any tips.",6,26,2022-09-29,https://reddit.com/r/FirstTimeHomeBuyer/comments/xqzotw/getting_rid_of_roaches/,,,,"Getting rid of Roaches Hi everyone, I bought my condo about a year ago and I have been dealing a lot with roaches. The pest terminator mentioned all of the condos might be having the same issue and HOA needs to step in. For context, I live in Southern California and roaches are a common sight here.",getting rid of roaches hi everyone i bought my condo about a year ago and i have been dealing a lot with roaches. the pest terminator mentioned all of the condos might be having the same issue and hoa needs to step in. for context i live in southern california and roaches are a common sight here.,HOAs,0.77930796,True,distilbert_stage1
yisnnb,FirstTimeHomeBuyer,Types of inspections,"After four months and seven offers, we’re under contract! Now working to schedule inspections and trying to decide what’s reasonable for this home. The house was built in 2003 and is on public water/sewer. Slab foundation. Indiana, nicer subdivision. We have our standard inspection scheduled, and have decided to add on the radon test and the termite inspection. Is there anything else we need to do? Is a sewer scope always necessary? Broader pest inspection? I don’t want to go overboard but d",2,7,2022-10-31,https://reddit.com/r/FirstTimeHomeBuyer/comments/yisnnb/types_of_inspections/,,,,"Types of inspections After four months and seven offers, we’re under contract! Now working to schedule inspections and trying to decide what’s reasonable for this home. The house was built in 2003 and is on public water/sewer.",types of inspections after four months and seven offers were under contract! now working to schedule inspections and trying to decide whats reasonable for this home. the house was built in 2003 and is on public watersewer.,Property inspections,0.8156269,True,distilbert_stage1
yimixn,FirstTimeHomeBuyer,How Far Back Do Lenders Typically Look?,My wife and I are on the verge of the beginning of the house buying process. We received an inheritance and plan to utilize that to pay off bills and such to lower our DTI (which is bad now). My question is how long should we wait after we pay down our debt to start the loan process?,8,22,2022-10-31,https://reddit.com/r/FirstTimeHomeBuyer/comments/yimixn/how_far_back_do_lenders_typically_look/,,,,How Far Back Do Lenders Typically Look? My wife and I are on the verge of the beginning of the house buying process. We received an inheritance and plan to utilize that to pay off bills and such to lower our DTI (which is bad now). My question is how long should we wait after we pay down our debt to start the loan process?,how far back do lenders typically look? my wife and i are on the verge of the beginning of the house buying process. we received an inheritance and plan to utilize that to pay off bills and such to lower our dti which is bad now. my question is how long should we wait after we pay down our debt to start the loan process?,Debt-to-income ratio,0.74812865,True,distilbert_stage1
yhjqd9,FirstTimeHomeBuyer,“Only timber rights convey” what does this mean?,"I’m in the process of buying a small home on 40 acres and just realized the listing says “only timber rights convey” way at the bottom. I don’t know what that means and googling it didn’t really help. Can anyone help me understand this? About half of the land is wooded and the other is farm land, so I assume their referencing the wooded part. I don’t want to ask my realtor yet, because I’ve been very annoying recently😭",23,14,2022-10-30,https://reddit.com/r/FirstTimeHomeBuyer/comments/yhjqd9/only_timber_rights_convey_what_does_this_mean/,,,,“Only timber rights convey” what does this mean? I’m in the process of buying a small home on 40 acres and just realized the listing says “only timber rights convey” way at the bottom. I don’t know what that means and googling it didn’t really help. Can anyone help me understand this?,only timber rights convey what does this mean? im in the process of buying a small home on 40 acres and just realized the listing says only timber rights convey way at the bottom. i dont know what that means and googling it didnt really help. can anyone help me understand this?,Legal Issues,0.85622174,True,distilbert_stage1
yhjplj,FirstTimeHomeBuyer,Moving for grad school and want to buy first house - when to quit job?,"My husband and I will be moving summer 2023 to a bigger, more expensive city so I can go to grad school. Since we’ll be there for at least two years we are considering purchasing our first home/townhome there. We could make it work off of just his income, so I’m planning to quit my current job before we move and just focus on school. However, I’m wanting to quit sooner to have a break between job and school. We’re trying to figure out the timing of when I should quit my job and when or if we sho",0,22,2022-10-30,https://reddit.com/r/FirstTimeHomeBuyer/comments/yhjplj/moving_for_grad_school_and_want_to_buy_first/,,,,"Moving for grad school and want to buy first house - when to quit job? My husband and I will be moving summer 2023 to a bigger, more expensive city so I can go to grad school. Since we’ll be there for at least two years we are considering purchasing our first home/townhome there. We could make it work off of just his income, so I’m planning to quit my current job before we move and just focus on school.",moving for grad school and want to buy first house when to quit job? my husband and i will be moving summer 2023 to a bigger more expensive city so i can go to grad school. since well be there for at least two years we are considering purchasing our first hometownhome there. we could make it work off of just his income so im planning to quit my current job before we move and just focus on school.,Relocation Services,0.88401747,True,distilbert_stage1
yhd62c,FirstTimeHomeBuyer,Inspection Requests,"We received our inspection report and I am wondering, what if anything, on this list you would ask the sellers to address or give credit for. Structural: - Carpenter bee damage noted - Deck ledger board is installed over the siding - Garage ceiling has holes in the sheetrock - 2 windows don’t open (painted shut) - 1 window opens but slams shut - 1 window top pane falls when unlocked and has a crack - 1 Master bedroom window has missing locks Mechanical/Electrical: - Attic fan is not electri",5,18,2022-10-30,https://reddit.com/r/FirstTimeHomeBuyer/comments/yhd62c/inspection_requests/,,,,"Inspection Requests We received our inspection report and I am wondering, what if anything, on this list you would ask the sellers to address or give credit for. Structural: - Carpenter bee damage noted - Deck ledger board is installed over the siding - Garage ceiling has holes in the sheetrock - 2 windows don’t open (painted shut) - 1 window opens but slams shut - 1 window top pane falls when unlocked and has a crack - 1 Master bedroom window has missing locks Mechanical/Electrical: - Attic fan is not electrically connected - Electrical Panel: - double tapping at the neutral wires - holes where rodents could enter - wires crossing over main service lines - Outlets in basement with reverse polarity (shock risk) - Exterior outlet not working - Unable to test AC due to low outdoor temperatures, holes in window framing and window AC unit was found stored in bedroom closet indicating window AC units were previously used (AC new as of 2016, do we assume that means it works?) Environmental: - Radon exhaust pipe is too short - Possible mold in the garage and basement near sump pump Plumbing: - Loose toilets in master and downstairs bathrooms Chimney: - Interior: Fireplace failed inspection due to open mortar joints in the terracotta liner and the smoke chamber isn’t properly parged. The wood was never removed from under the hearth - Exterior: The cement crown has many cracks and the chimney shoulder is corbeled brick.",inspection requests we received our inspection report and i am wondering what if anything on this list you would ask the sellers to address or give credit for. structural carpenter bee damage noted deck ledger board is installed over the siding garage ceiling has holes in the sheetrock 2 windows dont open painted shut 1 window opens but slams shut 1 window top pane falls when unlocked and has a crack 1 master bedroom window has missing locks mechanicalelectrical attic fan is not electrically connected electrical panel double tapping at the neutral wires holes where rodents could enter wires crossing over main service lines outlets in basement with reverse polarity shock risk exterior outlet not working unable to test ac due to low outdoor temperatures holes in window framing and window ac unit was found stored in bedroom closet indicating window ac units were previously used ac new as of 2016 do we assume that means it works? environmental radon exhaust pipe is too short possible mold in the garage and basement near sump pump plumbing loose toilets in master and downstairs bathrooms chimney interior fireplace failed inspection due to open mortar joints in the terracotta liner and the smoke chamber isnt properly parged. the wood was never removed from under the hearth exterior the cement crown has many cracks and the chimney shoulder is corbeled brick.,Property inspections,0.8542214,True,distilbert_stage1
ygzrfz,FirstTimeHomeBuyer,"FTHB with active offers, what’s your situation?",Need a bigger place? Lease is up? New kid? Divorce?,1,4,2022-10-30,https://reddit.com/r/FirstTimeHomeBuyer/comments/ygzrfz/fthb_with_active_offers_whats_your_situation/,,,,"FTHB with active offers, what’s your situation? Need a bigger place? Lease is up? New kid?",fthb with active offers whats your situation? need a bigger place? lease is up? new kid?,Renting Process,0.727956,True,distilbert_stage1
z935mo,FirstTimeHomeBuyer,Is it possible to get a mortgage with a low credit score?,"Hello, My husband and I have been trying to get approved for a mortgage this passed year with no luck. We live in a small condo for a few years now and would really like more space. With our lower credit scores and high DTI ratios due to our student loans (although we have income based payments) is it even possible to get approved for a mortgage or are we out of luck?",1,26,2022-11-30,https://reddit.com/r/FirstTimeHomeBuyer/comments/z935mo/is_it_possible_to_get_a_mortgage_with_a_low/,,,,"Is it possible to get a mortgage with a low credit score? Hello, My husband and I have been trying to get approved for a mortgage this passed year with no luck. We live in a small condo for a few years now and would really like more space. With our lower credit scores and high DTI ratios due to our student loans (although we have income based payments) is it even possible to get approved for a mortgage or are we out of luck?",is it possible to get a mortgage with a low credit score? hello my husband and i have been trying to get approved for a mortgage this passed year with no luck. we live in a small condo for a few years now and would really like more space. with our lower credit scores and high dti ratios due to our student loans although we have income based payments is it even possible to get approved for a mortgage or are we out of luck?,Home Financing,0.7579021,True,distilbert_stage1
z8uzwx,FirstTimeHomeBuyer,What percentage of income shoukd mortgage be? Getting different answers,We're looking at a house that's quite a bit more expensive than we want but we pretty much hate everything in our original price range. We love this house but the mortgage is about $1000 more than we initially were planning for. I'm trying to figure out if we can afford it. So I've read the common thing that lenders use is 28% of gross income. In that case the mortgage is only around 25-26% of our gross income. (Depending on what they accept as our offer) As for take home pay though it looks,10,58,2022-11-30,https://reddit.com/r/FirstTimeHomeBuyer/comments/z8uzwx/what_percentage_of_income_shoukd_mortgage_be/,,,,What percentage of income shoukd mortgage be? Getting different answers We're looking at a house that's quite a bit more expensive than we want but we pretty much hate everything in our original price range. We love this house but the mortgage is about $1000 more than we initially were planning for. I'm trying to figure out if we can afford it.,what percentage of income shoukd mortgage be? getting different answers were looking at a house thats quite a bit more expensive than we want but we pretty much hate everything in our original price range. we love this house but the mortgage is about 1000 more than we initially were planning for. im trying to figure out if we can afford it.,Affordability,0.7416354,True,distilbert_stage1
z8b16l,FirstTimeHomeBuyer,How much did you keep in savings after down payment?,,148,189,2022-11-30,https://reddit.com/r/FirstTimeHomeBuyer/comments/z8b16l/how_much_did_you_keep_in_savings_after_down/,,,,How much did you keep in savings after down payment?,how much did you keep in savings after down payment?,Down payment options,0.7790104,True,distilbert_stage1
z8a2mv,FirstTimeHomeBuyer,Inspection earlier today - now stressed beyond belief!,"SORRY TO VENT. Stressful day. Under contract on our first home, had our inspection today and while I would never imagine it would go perfect, there were enough issues with it to make me panicked. Built in year 2000, home is just shy of 2,500 sq ft. 3 bed/2.5 bath, with large bonus room above garage. Crawl space foundation, vinyl siding, roof is claimed to be 2013 on the sellers report. For starters, 22 of 24 windows do not stay open on their own. I learned today that the window sash is res",5,5,2022-11-29,https://reddit.com/r/FirstTimeHomeBuyer/comments/z8a2mv/inspection_earlier_today_now_stressed_beyond/,,,,"Inspection earlier today - now stressed beyond belief! SORRY TO VENT. Stressful day. Under contract on our first home, had our inspection today and while I would never imagine it would go perfect, there were enough issues with it to make me panicked.",inspection earlier today now stressed beyond belief! sorry to vent. stressful day. under contract on our first home had our inspection today and while i would never imagine it would go perfect there were enough issues with it to make me panicked.,Home Inspections,0.8932537,True,distilbert_stage1
z829hx,FirstTimeHomeBuyer,Can anyone help explain this. VA loan.,,90,64,2022-11-29,https://reddit.com/r/FirstTimeHomeBuyer/comments/z829hx/can_anyone_help_explain_this_va_loan/,,,,Can anyone help explain this. VA loan.,can anyone help explain this. va loan.,Home Financing,0.7524878,True,distilbert_stage1
z815y9,FirstTimeHomeBuyer,What Credit Score Is Needed To Buy A House?,,0,4,2022-11-29,https://reddit.com/r/FirstTimeHomeBuyer/comments/z815y9/what_credit_score_is_needed_to_buy_a_house/,,,,What Credit Score Is Needed To Buy A House?,what credit score is needed to buy a house?,Credit scores,0.9532192,True,distilbert_stage1
z7xilk,FirstTimeHomeBuyer,Inspection Findings - No Attic Access?,"I have been actively searching for a home since mid-September 2022 and (given my budget) have come across some questionable homes that may have ended up costing me a pretty penny to repair. About two weeks ago (early Nov 2022), I found the home of my dreams! Cute, modest, 1300 sq house with a big backyard, and very close to my childhood home where my parents reside. Upon reviewing the history of the home, I noticed it had been bought by investors way back in May 2021 and was STILL on the marke",4,5,2022-11-29,https://reddit.com/r/FirstTimeHomeBuyer/comments/z7xilk/inspection_findings_no_attic_access/,,,,"Inspection Findings - No Attic Access? I have been actively searching for a home since mid-September 2022 and (given my budget) have come across some questionable homes that may have ended up costing me a pretty penny to repair. About two weeks ago (early Nov 2022), I found the home of my dreams! Cute, modest, 1300 sq house with a big backyard, and very close to my childhood home where my parents reside.",inspection findings no attic access? i have been actively searching for a home since midseptember 2022 and given my budget have come across some questionable homes that may have ended up costing me a pretty penny to repair. about two weeks ago early nov 2022 i found the home of my dreams! cute modest 1300 sq house with a big backyard and very close to my childhood home where my parents reside.,Home Inspections,0.8570439,True,distilbert_stage1
z7uhmv,FirstTimeHomeBuyer,Is there a guide or tutorial for home buying?,I've been reading posts here and there and obviously the information has been great. But does anyone know of a reputable tutorial or guide for buying a home? Or online course (lol)? I'm just looking for something structured to serve as a baseline to guide my thinking and planning. Thanks,8,12,2022-11-29,https://reddit.com/r/FirstTimeHomeBuyer/comments/z7uhmv/is_there_a_guide_or_tutorial_for_home_buying/,,,,Is there a guide or tutorial for home buying? I've been reading posts here and there and obviously the information has been great. But does anyone know of a reputable tutorial or guide for buying a home? Or online course (lol)?,is there a guide or tutorial for home buying? ive been reading posts here and there and obviously the information has been great. but does anyone know of a reputable tutorial or guide for buying a home? or online course lol?,Buying Process,0.73122454,True,distilbert_stage1
z7c0kd,FirstTimeHomeBuyer,Could I afford a 65000 house making 13 an hour ?,,1,1,2022-11-28,https://reddit.com/r/FirstTimeHomeBuyer/comments/z7c0kd/could_i_afford_a_65000_house_making_13_an_hour/,,,,Could I afford a 65000 house making 13 an hour ?,could i afford a 65000 house making 13 an hour ?,Affordability,0.8348703,True,distilbert_stage1
10023of,FirstTimeHomeBuyer,Tryin to wrap my head around buying a home / planning for it,"But I am so confused by various information. I know the overall answer to my question would vary state by state, but I'll try to generalize it as much as possible. I suppose we can use CA/NV as examples because that's where I've done most of the home searching on various websites. &#x200B; I keep seeing people talk about how they've been approved for a First Time Home Buyer program and they can buy a house ""with as little as 0-5% down!"". My first thought though -- is that every single",1,10,2022-12-31,https://reddit.com/r/FirstTimeHomeBuyer/comments/10023of/tryin_to_wrap_my_head_around_buying_a_home/,,,,"Tryin to wrap my head around buying a home / planning for it But I am so confused by various information. I know the overall answer to my question would vary state by state, but I'll try to generalize it as much as possible. I suppose we can use CA/NV as examples because that's where I've done most of the home searching on various websites.",tryin to wrap my head around buying a home planning for it but i am so confused by various information. i know the overall answer to my question would vary state by state but ill try to generalize it as much as possible. i suppose we can use canv as examples because thats where ive done most of the home searching on various websites.,Buying Process,0.71528256,True,distilbert_stage1
1000lkd,FirstTimeHomeBuyer,Mortgage shopping window for a new construction?,"I saw it mentioned in another post and didn’t want to hijack. I’ve read that there is a mortgage shopping window of 45 days where you can shop for quotes before the inquiries can impact your credit worthiness, and it’s got me wondering how this could affect my situation. I’m not moving until August. I began working with a realtor in late November, where he had me apply with a lender for…pre qualification or pre approval? I don’t know. In any case, I was well qualified to shop for any home that",3,7,2022-12-31,https://reddit.com/r/FirstTimeHomeBuyer/comments/1000lkd/mortgage_shopping_window_for_a_new_construction/,,,,"Mortgage shopping window for a new construction? I saw it mentioned in another post and didn’t want to hijack. I’ve read that there is a mortgage shopping window of 45 days where you can shop for quotes before the inquiries can impact your credit worthiness, and it’s got me wondering how this could affect my situation. I’m not moving until August.",mortgage shopping window for a new construction? i saw it mentioned in another post and didnt want to hijack. ive read that there is a mortgage shopping window of 45 days where you can shop for quotes before the inquiries can impact your credit worthiness and its got me wondering how this could affect my situation. im not moving until august.,Home Financing,0.7920553,True,distilbert_stage1
zz8xzm,FirstTimeHomeBuyer,Seller refuses to hire electrician,"During the inspection, our inspector told us all the outlets were too filled with paint to be tested. We asked the seller to get an electrician out to confirm that if we replace the outlet covers, everything will work. We also asked for 2k for the other inspection items. They've agreed to 2k but refuse to have an electrician come out. I have no idea how much these things cost and how worried I should be. We've been trying to negotiate this for a week and she won't budge. Should I just give in",8,28,2022-12-30,https://reddit.com/r/FirstTimeHomeBuyer/comments/zz8xzm/seller_refuses_to_hire_electrician/,,,,"Seller refuses to hire electrician During the inspection, our inspector told us all the outlets were too filled with paint to be tested. We asked the seller to get an electrician out to confirm that if we replace the outlet covers, everything will work. We also asked for 2k for the other inspection items.",seller refuses to hire electrician during the inspection our inspector told us all the outlets were too filled with paint to be tested. we asked the seller to get an electrician out to confirm that if we replace the outlet covers everything will work. we also asked for 2k for the other inspection items.,Property inspections,0.87430096,True,distilbert_stage1
zz84gt,FirstTimeHomeBuyer,Will GF bills be added to my DTI in a FHA mortgage loan?,"GF is currently in school, I pay all the bills. She doesn't work. Will her student debt and CC debt get factored into my DTI?",3,12,2022-12-30,https://reddit.com/r/FirstTimeHomeBuyer/comments/zz84gt/will_gf_bills_be_added_to_my_dti_in_a_fha/,,,,"Will GF bills be added to my DTI in a FHA mortgage loan? GF is currently in school, I pay all the bills. She doesn't work. Will her student debt and CC debt get factored into my DTI?",will gf bills be added to my dti in a fha mortgage loan? gf is currently in school i pay all the bills. she doesnt work. will her student debt and cc debt get factored into my dti?,Debt-to-income ratio,0.80950654,True,distilbert_stage1
zyj3ib,FirstTimeHomeBuyer,How much of your savings did you hold onto when putting down a down payment?,"Context: My husband and I are looking to buy our first home, and have about $60k in savings. We are looking at houses around the $300k price point, and are looking for the sweet spot between putting *enough* down that our monthly mortgage payments aren't through the roof (and to minimize the amount of time we have to pay mortgage insurance), but not so much that we have no savings left for emergencies. I'd like to put down about 13-15%- after paying closing costs, I'm assuming it'll deplete our",21,44,2022-12-29,https://reddit.com/r/FirstTimeHomeBuyer/comments/zyj3ib/how_much_of_your_savings_did_you_hold_onto_when/,,,,"How much of your savings did you hold onto when putting down a down payment? Context: My husband and I are looking to buy our first home, and have about $60k in savings. We are looking at houses around the $300k price point, and are looking for the sweet spot between putting *enough* down that our monthly mortgage payments aren't through the roof (and to minimize the amount of time we have to pay mortgage insurance), but not so much that we have no savings left for emergencies. I'd like to put down about 13-15%- after paying closing costs, I'm assuming it'll deplete our savings to about $10k.",how much of your savings did you hold onto when putting down a down payment? context my husband and i are looking to buy our first home and have about 60k in savings. we are looking at houses around the 300k price point and are looking for the sweet spot between putting enough down that our monthly mortgage payments arent through the roof and to minimize the amount of time we have to pay mortgage insurance but not so much that we have no savings left for emergencies. id like to put down about 1315 after paying closing costs im assuming itll deplete our savings to about 10k.,Down payment options,0.7650231,True,distilbert_stage1
zyc073,FirstTimeHomeBuyer,Moving out of state ( CA to NV),"Hi all. I wanted to get community advice on how to make such a big decision. A bit about our situation: My husband and I are expecting our first child in July 2023. We’ve lived in Los Angeles for the past 10 years with family close by. However, during the pandemic, most my family moved away to Las Vegas for affordability. Now that we’re expecting and know family help is going to be so important, we’re considering moving to Las Vegas. We‘ve never pictured living in LV bit here we are. We are h",0,13,2022-12-29,https://reddit.com/r/FirstTimeHomeBuyer/comments/zyc073/moving_out_of_state_ca_to_nv/,,,,Moving out of state ( CA to NV) Hi all. I wanted to get community advice on how to make such a big decision. A bit about our situation: My husband and I are expecting our first child in July 2023.,moving out of state ca to nv hi all. i wanted to get community advice on how to make such a big decision. a bit about our situation my husband and i are expecting our first child in july 2023.,Relocation Services,0.90987283,True,distilbert_stage1
zyal65,FirstTimeHomeBuyer,"Buying a house, termite and roof issue, negotiations.","Hello, I'm buying my first house. The inspectors noted that there was previous termite damage, and preventative treatment was necessary. None of the damage was structure. The sellers have a basic contract with terminix, but they don't do the preventative treatment as part of the contract. We asked for that $1500 expense to be taken off the asking, but they're refusing. In addition, there's some exposed nails on the roof, which are a $2000 fix, and they don't want to pay for that either. I",1,5,2022-12-29,https://reddit.com/r/FirstTimeHomeBuyer/comments/zyal65/buying_a_house_termite_and_roof_issue_negotiations/,,,,"Buying a house, termite and roof issue, negotiations. Hello, I'm buying my first house. The inspectors noted that there was previous termite damage, and preventative treatment was necessary. None of the damage was structure.",buying a house termite and roof issue negotiations. hello im buying my first house. the inspectors noted that there was previous termite damage and preventative treatment was necessary. none of the damage was structure.,Home Inspections,0.73432916,True,distilbert_stage1
10qeixi,FirstTimeHomeBuyer,What would you deduct from your offer if you knew roof + furnace were ~20 years old?,,3,8,2023-01-31,https://reddit.com/r/FirstTimeHomeBuyer/comments/10qeixi/what_would_you_deduct_from_your_offer_if_you_knew/,,,,What would you deduct from your offer if you knew roof + furnace were ~20 years old?,what would you deduct from your offer if you knew roof furnace were 20 years old?,Real estate tax deductions,0.9346072,True,distilbert_stage1
10q8zed,FirstTimeHomeBuyer,Normal for builders to require preapproval from specific lender?,"Inventory home. Tried proceeding with the purchase with a pre approval letter from a local lender in hand, but selling agent said we must be preapproved with a specific preferred lender to move forward. There are other families interested in the house but now I have to wait 1-2 days for my new preapproval application to go through. Is this a normal request for them to make?",2,5,2023-01-31,https://reddit.com/r/FirstTimeHomeBuyer/comments/10q8zed/normal_for_builders_to_require_preapproval_from/,,,,"Normal for builders to require preapproval from specific lender? Inventory home. Tried proceeding with the purchase with a pre approval letter from a local lender in hand, but selling agent said we must be preapproved with a specific preferred lender to move forward. There are other families interested in the house but now I have to wait 1-2 days for my new preapproval application to go through.",normal for builders to require preapproval from specific lender? inventory home. tried proceeding with the purchase with a pre approval letter from a local lender in hand but selling agent said we must be preapproved with a specific preferred lender to move forward. there are other families interested in the house but now i have to wait 12 days for my new preapproval application to go through.,Loan pre-approval,0.9492759,True,distilbert_stage1
10q5bs9,FirstTimeHomeBuyer,Chargeback my Home Inspector?,My wife and I received our Clear to Close documents today from the lender. YAY! We had an inspection done about 2 weeks ago and the report came back with pretty great. The inspector mentioned he couldn't inspect the crawlspace in the basement due to the sellers using that space for storage. He called me about it and kinda gas-lit me into thinking it wasn't that important since he didn't find any issues anywhere else in the house. I said he's the expert since this is the first time I've bough,0,12,2023-01-31,https://reddit.com/r/FirstTimeHomeBuyer/comments/10q5bs9/chargeback_my_home_inspector/,,,,Chargeback my Home Inspector? My wife and I received our Clear to Close documents today from the lender. YAY! We had an inspection done about 2 weeks ago and the report came back with pretty great.,chargeback my home inspector? my wife and i received our clear to close documents today from the lender. yay! we had an inspection done about 2 weeks ago and the report came back with pretty great.,Home Inspections,0.919534,True,distilbert_stage1
10q3akp,FirstTimeHomeBuyer,Higher interest percent or less closing costs?,"First time buyer here! My lender gave us a few options on interest rates and closing and I am having a hard time deciding which one to do. Quick summary of our financials: 113k combined income 15k saved in a house only fund 9k emergency fund (planning to build this up ASAP) 46k combined retirement/investment accounts (25,23 yrs old) House details: 289k; seller paying 5k in closing costs, 4bed 3bath 2,154sqrft midwest area Major expenses I forsee needing immediately: Lawnmower",5,18,2023-01-31,https://reddit.com/r/FirstTimeHomeBuyer/comments/10q3akp/higher_interest_percent_or_less_closing_costs/,,,,"Higher interest percent or less closing costs? First time buyer here! My lender gave us a few options on interest rates and closing and I am having a hard time deciding which one to do. Quick summary of our financials: 113k combined income 15k saved in a house only fund 9k emergency fund (planning to build this up ASAP) 46k combined retirement/investment accounts (25,23 yrs old) House details: 289k; seller paying 5k in closing costs, 4bed 3bath 2,154sqrft midwest area Major expenses I forsee needing immediately: Lawnmower (.8 acre lot) Fence for the dog Here are the estimated options my lender gave us as of yesterday: 3% down Option 1: 6.625% interest $2,318 monthly payment $7,300 closing costs \-$5k closing costs TOTAL Out of pocket: $10,970 Option 2: 6.375% interest $2,272 monthly payment $8,900 closing costs \-$5k closing costs TOTAL Out of pocket: $12,570 5% down Option 1: 6.375% $2,195 monthly payment $7,800 closing costs \-$5k closing costs TOTAL Out of pocket: $17,250 Option 2: 6.125% interest $2,150 monthly payment $8,700 closing costs \-$5k closing costs TOTAL Out of pocket: $18,150 The lender made a point of saying that most people will refinance after a couple years, which I definitely intend to do as soon as possible, and that for the 3% loan, it would take us almost 3 years to make back up that 3%.",higher interest percent or less closing costs? first time buyer here! my lender gave us a few options on interest rates and closing and i am having a hard time deciding which one to do. quick summary of our financials 113k combined income 15k saved in a house only fund 9k emergency fund planning to build this up asap 46k combined retirementinvestment accounts 2523 yrs old house details 289k seller paying 5k in closing costs 4bed 3bath 2154sqrft midwest area major expenses i forsee needing immediately lawnmower .8 acre lot fence for the dog here are the estimated options my lender gave us as of yesterday 3 down option 1 6.625 interest 2318 monthly payment 7300 closing costs 5k closing costs total out of pocket 10970 option 2 6.375 interest 2272 monthly payment 8900 closing costs 5k closing costs total out of pocket 12570 5 down option 1 6.375 2195 monthly payment 7800 closing costs 5k closing costs total out of pocket 17250 option 2 6.125 interest 2150 monthly payment 8700 closing costs 5k closing costs total out of pocket 18150 the lender made a point of saying that most people will refinance after a couple years which i definitely intend to do as soon as possible and that for the 3 loan it would take us almost 3 years to make back up that 3.,Closing costs,0.8342523,True,distilbert_stage1
10q26b5,FirstTimeHomeBuyer,Can we afford this house?,"With baby arrival shopping for rentals in MA became unbearable. We want to get first house. Somewhere nice for kid to live and safe. MA is ridiculously expensive and all nice neighborhoods are above 1 mil even for townhouses. We found smth for $970k, 1999 year townhouse 2000 sq ft. It’s not new, but it’s move in condition. Maybe some appliances can be changed, but nothing major. Water heater and HVAC have few years to serve still. 500k family net-worth including 401k. We plan to put 250k down",0,6,2023-01-31,https://reddit.com/r/FirstTimeHomeBuyer/comments/10q26b5/can_we_afford_this_house/,,,,Can we afford this house? With baby arrival shopping for rentals in MA became unbearable. We want to get first house. Somewhere nice for kid to live and safe.,can we afford this house? with baby arrival shopping for rentals in ma became unbearable. we want to get first house. somewhere nice for kid to live and safe.,Affordability,0.8731702,True,distilbert_stage1
10q1rxd,FirstTimeHomeBuyer,Any advice on where to seek FHA Mortgage pre-approval?,"Hey all, I’m sorry if this is a silly question or not the right place for it but here it goes. My fiancé and I feel like we’re ready to begin a search for our first home. Together we make a comfortable amount and have a solid savings account. Neither of our parents ever owned a home so we are pretty lost on where to begun seeking pre approval. Every time I do a web search, I just get blasted with Ads for Rocket Mortgage, Quicken Loans, or Zillow. Are these really the places to go to seek a",3,14,2023-01-31,https://reddit.com/r/FirstTimeHomeBuyer/comments/10q1rxd/any_advice_on_where_to_seek_fha_mortgage/,,,,"Any advice on where to seek FHA Mortgage pre-approval? Hey all, I’m sorry if this is a silly question or not the right place for it but here it goes. My fiancé and I feel like we’re ready to begin a search for our first home. Together we make a comfortable amount and have a solid savings account.",any advice on where to seek fha mortgage preapproval? hey all im sorry if this is a silly question or not the right place for it but here it goes. my fianc and i feel like were ready to begin a search for our first home. together we make a comfortable amount and have a solid savings account.,Home Financing,0.7853172,True,distilbert_stage1
10q0y7y,FirstTimeHomeBuyer,Buying points on mortgage AND paying mortgage off early,"We have liquid cash available to purchase about 60% of our total homes value. Our plan was to put 20% down, make a large pre-payment and then try to get the whole mortgage paid off in about 10 years. I’m trying to do the math now and am seeing that I can buy points off the interest rate (can get as low as 4.8% instead of the average ~6%) and I’m wondering how that changes the math. Getting a lower interest rate may not make it worthwhile to pay the loan off as quickly. Wondering if anyone el",11,26,2023-01-31,https://reddit.com/r/FirstTimeHomeBuyer/comments/10q0y7y/buying_points_on_mortgage_and_paying_mortgage_off/,,,,"Buying points on mortgage AND paying mortgage off early We have liquid cash available to purchase about 60% of our total homes value. Our plan was to put 20% down, make a large pre-payment and then try to get the whole mortgage paid off in about 10 years. I’m trying to do the math now and am seeing that I can buy points off the interest rate (can get as low as 4.8% instead of the average ~6%) and I’m wondering how that changes the math.",buying points on mortgage and paying mortgage off early we have liquid cash available to purchase about 60 of our total homes value. our plan was to put 20 down make a large prepayment and then try to get the whole mortgage paid off in about 10 years. im trying to do the math now and am seeing that i can buy points off the interest rate can get as low as 4.8 instead of the average 6 and im wondering how that changes the math.,Home Financing,0.7440976,True,distilbert_stage1
10ppoho,FirstTimeHomeBuyer,Can we afford this home?,"First time buyers here, our household income is about 300K gross before bonuses and we’re looking to bid on a home with an offer of 900k. It makes us a little uncomfortable that if one of us lost our jobs it’d be a big payment so we’re wondering if it’s too much. We’ve mainly been looking in the 800 range but this SFH checks all our boxes and looks great.",0,12,2023-01-31,https://reddit.com/r/FirstTimeHomeBuyer/comments/10ppoho/can_we_afford_this_home/,,,,"Can we afford this home? First time buyers here, our household income is about 300K gross before bonuses and we’re looking to bid on a home with an offer of 900k. It makes us a little uncomfortable that if one of us lost our jobs it’d be a big payment so we’re wondering if it’s too much. We’ve mainly been looking in the 800 range but this SFH checks all our boxes and looks great.",can we afford this home? first time buyers here our household income is about 300k gross before bonuses and were looking to bid on a home with an offer of 900k. it makes us a little uncomfortable that if one of us lost our jobs itd be a big payment so were wondering if its too much. weve mainly been looking in the 800 range but this sfh checks all our boxes and looks great.,Affordability,0.8165588,True,distilbert_stage1
10p7ot1,FirstTimeHomeBuyer,Update: mortgage goes from $1600 to $3000,"Update: mortgage company is letting us prorate over 4 years rather than 1, bringing the monthly payment to $2400. Much more manageable thankfully. To also address some common comments. My wife and I are still young and new to the workforce. So although we're making good money and don't have large dependencies like kids, we have a good amount of debt that we're trying to pay off quickly. So I didn't just flush that extra money down the toilet on extravagant spending. We put 10k extra toward pay",26,4,2023-01-30,https://reddit.com/r/FirstTimeHomeBuyer/comments/10p7ot1/update_mortgage_goes_from_1600_to_3000/,,,,"Update: mortgage goes from $1600 to $3000 Update: mortgage company is letting us prorate over 4 years rather than 1, bringing the monthly payment to $2400. Much more manageable thankfully. To also address some common comments.",update mortgage goes from 1600 to 3000 update mortgage company is letting us prorate over 4 years rather than 1 bringing the monthly payment to 2400. much more manageable thankfully. to also address some common comments.,Down payment options,0.7326303,True,distilbert_stage1
11eicbe,FirstTimeHomeBuyer,Can I fight appraisal/escrow increase still?,"Is it too late to try and get appraisal lowered or total property tax total? Just got an email saying my escrow increased substantially which is raising my mortgage almost $600 a month. I have homestead exemption in place, but guess that didn’t do much.",1,6,2023-02-28,https://reddit.com/r/FirstTimeHomeBuyer/comments/11eicbe/can_i_fight_appraisalescrow_increase_still/,,,,"Can I fight appraisal/escrow increase still? Is it too late to try and get appraisal lowered or total property tax total? Just got an email saying my escrow increased substantially which is raising my mortgage almost $600 a month. I have homestead exemption in place, but guess that didn’t do much.",can i fight appraisalescrow increase still? is it too late to try and get appraisal lowered or total property tax total? just got an email saying my escrow increased substantially which is raising my mortgage almost 600 a month. i have homestead exemption in place but guess that didnt do much.,Property Taxes,0.77722687,True,distilbert_stage1
11egkp0,FirstTimeHomeBuyer,Interest rate very high,We received our pre approval letter on our home we are buying. Interest rate was 7.125% not sure why? Bf got his loan through his credit union. Can we negotiate this or do we need to apply for a loan elsewhere/is it too late to do this?,4,28,2023-02-28,https://reddit.com/r/FirstTimeHomeBuyer/comments/11egkp0/interest_rate_very_high/,,,,Interest rate very high We received our pre approval letter on our home we are buying. Interest rate was 7.125% not sure why? Bf got his loan through his credit union.,interest rate very high we received our pre approval letter on our home we are buying. interest rate was 7.125 not sure why? bf got his loan through his credit union.,Home Financing,0.7495644,True,distilbert_stage1
11eeb11,FirstTimeHomeBuyer,"Credit has never been frozen, but credit could not be pulled on pre-approval application. Loan officer is stumped as to why. Does anyone have experience with this?","My boyfriend and I applied for a pre-approval a couple of weeks ago and our loan officer called and said my boyfriend’s credit was only pulled from Experian but not TransUnion and Equifax, and he told us that typically this is due to credit having been frozen. He told us that my boyfriend has over 12 months of credit history so lack of history shouldn’t be the issue, but in order to get a pre-approval he will need to have credit pulled from at least two of the three bureaus. My boyfriend has ne",6,8,2023-02-28,https://reddit.com/r/FirstTimeHomeBuyer/comments/11eeb11/credit_has_never_been_frozen_but_credit_could_not/,,,,"Credit has never been frozen, but credit could not be pulled on pre-approval application. Loan officer is stumped as to why. Does anyone have experience with this? My boyfriend and I applied for a pre-approval a couple of weeks ago and our loan officer called and said my boyfriend’s credit was only pulled from Experian but not TransUnion and Equifax, and he told us that typically this is due to credit having been frozen. He told us that my boyfriend has over 12 months of credit history so lack of history shouldn’t be the issue, but in order to get a pre-approval he will need to have credit pulled from at least two of the three bureaus. My boyfriend has never placed a freeze on his credit, so we decided to call the bureaus to see what was going on.",credit has never been frozen but credit could not be pulled on preapproval application. loan officer is stumped as to why. does anyone have experience with this? my boyfriend and i applied for a preapproval a couple of weeks ago and our loan officer called and said my boyfriends credit was only pulled from experian but not transunion and equifax and he told us that typically this is due to credit having been frozen. he told us that my boyfriend has over 12 months of credit history so lack of history shouldnt be the issue but in order to get a preapproval he will need to have credit pulled from at least two of the three bureaus. my boyfriend has never placed a freeze on his credit so we decided to call the bureaus to see what was going on.,Loan pre-approval,0.94791985,True,distilbert_stage1
11e4wwq,FirstTimeHomeBuyer,Thought on these two houses? 1 needs remodel,Morning. We have been looking for a house for a few months. Found one completely done with some questions and another that needs a lot of remodeling to make ours. [House 1]( House 1 is completely move in ready. Biggest drawback is extremely busy road in the summer w/ no parking on street. Small house with smaller living space as well. [House 2](,4,23,2023-02-28,https://reddit.com/r/FirstTimeHomeBuyer/comments/11e4wwq/thought_on_these_two_houses_1_needs_remodel/,,,,Thought on these two houses? 1 needs remodel Morning. We have been looking for a house for a few months. Found one completely done with some questions and another that needs a lot of remodeling to make ours.,thought on these two houses? 1 needs remodel morning. we have been looking for a house for a few months. found one completely done with some questions and another that needs a lot of remodeling to make ours.,Renovations and Upgrades,0.9031585,True,distilbert_stage1
11dyjbl,FirstTimeHomeBuyer,"I want to buy my first property for $1,000,000 in a week, I can put 20% down, but I have a bunch of questions. It has 3 units, is this a good investment? Details in post",,1,1,2023-02-28,https://reddit.com/r/FirstTimeHomeBuyer/comments/11dyjbl/i_want_to_buy_my_first_property_for_1000000_in_a/,,,,"I want to buy my first property for $1,000,000 in a week, I can put 20% down, but I have a bunch of questions. It has 3 units, is this a good investment? Details in post",i want to buy my first property for 1000000 in a week i can put 20 down but i have a bunch of questions. it has 3 units is this a good investment? details in post,Investment Properties,0.709373,True,distilbert_stage1
11dvv4e,FirstTimeHomeBuyer,How did you get your offer accepted?,"I’m wondering what tricks everyone used to get their offer noticed. I put in a competitive offer on a home but wasn’t chosen. Looking for advice on how to make my offer more persuasive so I don’t lose out next time, hopefully.",1,20,2023-02-28,https://reddit.com/r/FirstTimeHomeBuyer/comments/11dvv4e/how_did_you_get_your_offer_accepted/,,,,"How did you get your offer accepted? I’m wondering what tricks everyone used to get their offer noticed. I put in a competitive offer on a home but wasn’t chosen. Looking for advice on how to make my offer more persuasive so I don’t lose out next time, hopefully.",how did you get your offer accepted? im wondering what tricks everyone used to get their offer noticed. i put in a competitive offer on a home but wasnt chosen. looking for advice on how to make my offer more persuasive so i dont lose out next time hopefully.,Buying Process,0.72408295,True,distilbert_stage1
11dqusu,FirstTimeHomeBuyer,How much should we plan to leave in emergency fund after down payment?,,0,2,2023-02-27,https://reddit.com/r/FirstTimeHomeBuyer/comments/11dqusu/how_much_should_we_plan_to_leave_in_emergency/,,,,How much should we plan to leave in emergency fund after down payment?,how much should we plan to leave in emergency fund after down payment?,Down payment options,0.8067856,True,distilbert_stage1
11do04w,FirstTimeHomeBuyer,Would you get another inspection?,"Buying a home from an old woman who is planning to go onto retirement home. She bought the house in November and decided it was too difficult for her. I was planning to do inspection WITH sewer scope but the agent stated she had done an inspection with a sewer scope and I have asked for a copy of it to be sent over. She stated that sewer scope came back with one issue that the repair was finished on. In this case, would you repeat a sewer scope? I personally am leaning towards no at this time d",4,6,2023-02-27,https://reddit.com/r/FirstTimeHomeBuyer/comments/11do04w/would_you_get_another_inspection/,,,,Would you get another inspection? Buying a home from an old woman who is planning to go onto retirement home. She bought the house in November and decided it was too difficult for her. I was planning to do inspection WITH sewer scope but the agent stated she had done an inspection with a sewer scope and I have asked for a copy of it to be sent over.,would you get another inspection? buying a home from an old woman who is planning to go onto retirement home. she bought the house in november and decided it was too difficult for her. i was planning to do inspection with sewer scope but the agent stated she had done an inspection with a sewer scope and i have asked for a copy of it to be sent over.,Home Inspections,0.83459455,True,distilbert_stage1
11djlyd,FirstTimeHomeBuyer,Are These Typical Closing Costs?,,1,5,2023-02-27,https://reddit.com/r/FirstTimeHomeBuyer/comments/11djlyd/are_these_typical_closing_costs/,,,,Are These Typical Closing Costs?,are these typical closing costs?,Closing costs,0.96397334,True,distilbert_stage1
1281n5t,FirstTimeHomeBuyer,I'm very stupid and very lost.,"I don't know who else to ask so why not ask strangers on the internet. Other than looking at houses online, I have no idea where to start. I'm in Michigan and my (very low paying) job allows me to move anywhere so I've looked all over Michigan and found some interesting houses. But where do I go from there if I find a house I'm interested in? I have no idea how to pre qualify or anything. The USDA loan looks like something I'd be qualified for due to my low income but I don't know how to app",6,13,2023-03-31,https://reddit.com/r/FirstTimeHomeBuyer/comments/1281n5t/im_very_stupid_and_very_lost/,,,,"I'm very stupid and very lost. I don't know who else to ask so why not ask strangers on the internet. Other than looking at houses online, I have no idea where to start. I'm in Michigan and my (very low paying) job allows me to move anywhere so I've looked all over Michigan and found some interesting houses.",im very stupid and very lost. i dont know who else to ask so why not ask strangers on the internet. other than looking at houses online i have no idea where to start. im in michigan and my very low paying job allows me to move anywhere so ive looked all over michigan and found some interesting houses.,Relocation Services,0.803182,True,distilbert_stage1
127t7hl,FirstTimeHomeBuyer,Getting your mortgage with a local bank vs. major bank?,I am considering getting my mortgage with a local bank or getting my mortgage with Chase. Is there any pros/cons on doing one vs. the other?,15,28,2023-03-31,https://reddit.com/r/FirstTimeHomeBuyer/comments/127t7hl/getting_your_mortgage_with_a_local_bank_vs_major/,,,,Getting your mortgage with a local bank vs. major bank? I am considering getting my mortgage with a local bank or getting my mortgage with Chase. Is there any pros/cons on doing one vs. the other?,getting your mortgage with a local bank vs. major bank? i am considering getting my mortgage with a local bank or getting my mortgage with chase. is there any proscons on doing one vs. the other?,Home Financing,0.7422299,True,distilbert_stage1
127al3r,FirstTimeHomeBuyer,Anyone have to go back to lender to ask to reconfigure the approval with less down payment?,,1,5,2023-03-31,https://reddit.com/r/FirstTimeHomeBuyer/comments/127al3r/anyone_have_to_go_back_to_lender_to_ask_to/,,,,Anyone have to go back to lender to ask to reconfigure the approval with less down payment?,anyone have to go back to lender to ask to reconfigure the approval with less down payment?,Down payment options,0.94046706,True,distilbert_stage1
12753lj,FirstTimeHomeBuyer,Finally had an offer accepted! What's next?,"Hello everyone! I finally had an offer accepted on a home and I'm just looking for advice to make sure I'm taking care of all my due diligences. So far I'm working on the Home inspection (termite, radon, oil tank scan), as well as getting a survey done. Is there anything we need to do for the title or deed or anything like that? In general if you could help me with anything I might be missing or forgetting it would be awesome. I've never been through this process at all, it's super daunting. A",13,6,2023-03-31,https://reddit.com/r/FirstTimeHomeBuyer/comments/12753lj/finally_had_an_offer_accepted_whats_next/,,,,"Finally had an offer accepted! What's next? Hello everyone! I finally had an offer accepted on a home and I'm just looking for advice to make sure I'm taking care of all my due diligences. So far I'm working on the Home inspection (termite, radon, oil tank scan), as well as getting a survey done.",finally had an offer accepted! whats next? hello everyone! i finally had an offer accepted on a home and im just looking for advice to make sure im taking care of all my due diligences. so far im working on the home inspection termite radon oil tank scan as well as getting a survey done.,Home Inspections,0.9410971,True,distilbert_stage1
127387d,FirstTimeHomeBuyer,Where to find accurate current mortgage rates?,,0,5,2023-03-30,https://reddit.com/r/FirstTimeHomeBuyer/comments/127387d/where_to_find_accurate_current_mortgage_rates/,,,,Where to find accurate current mortgage rates?,where to find accurate current mortgage rates?,Mortgage rates and trends,0.96600014,True,distilbert_stage1
1271i5r,FirstTimeHomeBuyer,Question about closing costs/prepaid costs,,1,3,2023-03-30,https://reddit.com/r/FirstTimeHomeBuyer/comments/1271i5r/question_about_closing_costsprepaid_costs/,,,,Question about closing costs/prepaid costs,question about closing costsprepaid costs,Closing costs,0.962111,True,distilbert_stage1
126ypb9,FirstTimeHomeBuyer,Home appraised significantly above purchase price. Shouldn’t PMI be automatically cancelled?,Bought our home for 170k with 17k (10%) down. We qualified for a conventional loan which will be for 153k but the home was recently appraised for 195k! Woohoo! This puts equity at 78% (someone check my math) which some sources are claiming to be the magic number for PMI removal. Is my bank legally obligated to drop my PMI? I’ll be in touch with my loan officer tomorrow just want to make sure I know what I’m talking about.,0,8,2023-03-30,https://reddit.com/r/FirstTimeHomeBuyer/comments/126ypb9/home_appraised_significantly_above_purchase_price/,,,,Home appraised significantly above purchase price. Shouldn’t PMI be automatically cancelled? Bought our home for 170k with 17k (10%) down. We qualified for a conventional loan which will be for 153k but the home was recently appraised for 195k! Woohoo!,home appraised significantly above purchase price. shouldnt pmi be automatically cancelled? bought our home for 170k with 17k 10 down. we qualified for a conventional loan which will be for 153k but the home was recently appraised for 195k! woohoo!,Home appraisals,0.77233326,True,distilbert_stage1
126ye85,FirstTimeHomeBuyer,"How low can you go from asking price when making an offer in a ""buyers market""?",Has anyone here tried low-balling with good results?,9,18,2023-03-30,https://reddit.com/r/FirstTimeHomeBuyer/comments/126ye85/how_low_can_you_go_from_asking_price_when_making/,,,,"How low can you go from asking price when making an offer in a ""buyers market""? Has anyone here tried low-balling with good results?",how low can you go from asking price when making an offer in a buyers market? has anyone here tried lowballing with good results?,Real estate negotiation,0.85095084,True,distilbert_stage1
126x8hh,FirstTimeHomeBuyer,Affordability calculator vs. pre-approval amount,My significant other and I are in the process of saving and learning about home buying. We’re curious about if the online affordability calculators we’ve used are actually accurate to the pre-approval amount or if we shouldn’t trust the calculators? If it’s not too much to ask I’d love to know what your calculator said and how much you were actually pre-approved for.,8,26,2023-03-30,https://reddit.com/r/FirstTimeHomeBuyer/comments/126x8hh/affordability_calculator_vs_preapproval_amount/,,,,Affordability calculator vs. pre-approval amount My significant other and I are in the process of saving and learning about home buying. We’re curious about if the online affordability calculators we’ve used are actually accurate to the pre-approval amount or if we shouldn’t trust the calculators? If it’s not too much to ask I’d love to know what your calculator said and how much you were actually pre-approved for.,affordability calculator vs. preapproval amount my significant other and i are in the process of saving and learning about home buying. were curious about if the online affordability calculators weve used are actually accurate to the preapproval amount or if we shouldnt trust the calculators? if its not too much to ask id love to know what your calculator said and how much you were actually preapproved for.,Loan pre-approval,0.92477816,True,distilbert_stage1
126q2wb,FirstTimeHomeBuyer,Good credit unions in Los Angeles for eventual 1st time home buyer,"Hi, happy to have found this subreddit. Looking for a good credit union to establish a relationship with as my family and I continue to save for a down payment for our home. We currently bank with a big bank but I heard having a credit union is ideal as well.",4,8,2023-03-30,https://reddit.com/r/FirstTimeHomeBuyer/comments/126q2wb/good_credit_unions_in_los_angeles_for_eventual/,,,,"Good credit unions in Los Angeles for eventual 1st time home buyer Hi, happy to have found this subreddit. Looking for a good credit union to establish a relationship with as my family and I continue to save for a down payment for our home. We currently bank with a big bank but I heard having a credit union is ideal as well.",good credit unions in los angeles for eventual 1st time home buyer hi happy to have found this subreddit. looking for a good credit union to establish a relationship with as my family and i continue to save for a down payment for our home. we currently bank with a big bank but i heard having a credit union is ideal as well.,Down payment options,0.77731633,True,distilbert_stage1
sywy5n,FirstTimeHomeBuyers,First Time Buyer With Student Loans,"Hey gang, Quick question about the mortgage process. I’m currently planning to buy a home in the next month or two, just waiting on my cash reserves to get to a nice place. I have over $45,000 in student loans that have a DTI ratio of 17.5%. This is my only debt. I don’t keep any credit cards. My credit score is in a good place but I’m worried about how these student loans will impact my eligibility. I have a perfect payment record with these loans and they are 6 years old. That said, I hav",3,4,2022-02-22,https://reddit.com/r/FirstTimeHomeBuyers/comments/sywy5n/first_time_buyer_with_student_loans/,,,,"First Time Buyer With Student Loans Hey gang, Quick question about the mortgage process. I’m currently planning to buy a home in the next month or two, just waiting on my cash reserves to get to a nice place. I have over $45,000 in student loans that have a DTI ratio of 17.5%.",first time buyer with student loans hey gang quick question about the mortgage process. im currently planning to buy a home in the next month or two just waiting on my cash reserves to get to a nice place. i have over 45000 in student loans that have a dti ratio of 17.5.,Home Financing,0.7150998,True,distilbert_stage1
thy4tg,FirstTimeHomeBuyers,Closing costs review please - >$1MM in NJ,,2,6,2022-03-19,https://reddit.com/r/FirstTimeHomeBuyers/comments/thy4tg/closing_costs_review_please_1mm_in_nj/,,,,Closing costs review please - >$1MM in NJ,closing costs review please 1mm in nj,Closing costs,0.94716674,True,distilbert_stage1
vuhr0y,FirstTimeHomeBuyers,Home buying prequalification,"How and from where do i get the preapproval letter for hone buying, without hitting my credit score?",2,2,2022-07-08,https://reddit.com/r/FirstTimeHomeBuyers/comments/vuhr0y/home_buying_prequalification/,,,,"Home buying prequalification How and from where do i get the preapproval letter for hone buying, without hitting my credit score?",home buying prequalification how and from where do i get the preapproval letter for hone buying without hitting my credit score?,Loan pre-approval,0.9342685,True,distilbert_stage1
yf57sn,FirstTimeHomeBuyers,Does higher property tax mean better land value and better neighborhood?,,1,0,2022-10-27,https://reddit.com/r/FirstTimeHomeBuyers/comments/yf57sn/does_higher_property_tax_mean_better_land_value/,,,,Does higher property tax mean better land value and better neighborhood?,does higher property tax mean better land value and better neighborhood?,Property taxes,0.96927655,True,distilbert_stage1
yzemip,FirstTimeHomeBuyers,Down payment assistance in California,"Are there any programs to help people that don't have income limits? My husband and I make about $160k per year combined, which is not nearly enough to buy or save easily in this state, but much too much to qualify for any programs I've seen. Does anyone know about assistance programs that aren't for low-income buyers in California?",2,7,2022-11-19,https://reddit.com/r/FirstTimeHomeBuyers/comments/yzemip/down_payment_assistance_in_california/,,,,"Down payment assistance in California Are there any programs to help people that don't have income limits? My husband and I make about $160k per year combined, which is not nearly enough to buy or save easily in this state, but much too much to qualify for any programs I've seen. Does anyone know about assistance programs that aren't for low-income buyers in California?",down payment assistance in california are there any programs to help people that dont have income limits? my husband and i make about 160k per year combined which is not nearly enough to buy or save easily in this state but much too much to qualify for any programs ive seen. does anyone know about assistance programs that arent for lowincome buyers in california?,Down payment options,0.8192743,True,distilbert_stage1
zkdgf6,FirstTimeHomeBuyers,Good Info About Sewer Line Inspections,"Agent/Broker owner here. I regularly advise that my clients get a sewer line inspection. Just got this from one of my fave home inspection companies, it's good info for any homebuyers. **Sewer Problems Are Among the Most Expensive Issues Your Clients Face** Damage to sewer lines can be devastating to a home, causing both health and structural issues. Fortunately, homeowners and buyers can be proactive by having a sewer scope inspection. An inspector with the right equipment will examine the s",3,0,2022-12-12,https://reddit.com/r/FirstTimeHomeBuyers/comments/zkdgf6/good_info_about_sewer_line_inspections/,,,,"Good Info About Sewer Line Inspections Agent/Broker owner here. I regularly advise that my clients get a sewer line inspection. Just got this from one of my fave home inspection companies, it's good info for any homebuyers.",good info about sewer line inspections agentbroker owner here. i regularly advise that my clients get a sewer line inspection. just got this from one of my fave home inspection companies its good info for any homebuyers.,Home Inspections,0.87459046,True,distilbert_stage1
10z34lm,FirstTimeHomeBuyers,How does this look for closing costs?,,1,0,2023-02-10,https://reddit.com/r/FirstTimeHomeBuyers/comments/10z34lm/how_does_this_look_for_closing_costs/,,,,How does this look for closing costs?,how does this look for closing costs?,Closing costs,0.94626606,True,distilbert_stage1
10xuyzv,FirstTimeHomeBuyers,Not sure where to start,I want to start the process of buying a home through FHA or something to get a 1st time home buyers low down payment mortgage but I'm not really sure where to start. I'm looking at a few properties & also was considering building or buying a mobile. Aside from deciding where I want to live what should I take as a next step toward pre-approval/financing?,1,5,2023-02-09,https://reddit.com/r/FirstTimeHomeBuyers/comments/10xuyzv/not_sure_where_to_start/,,,,Not sure where to start I want to start the process of buying a home through FHA or something to get a 1st time home buyers low down payment mortgage but I'm not really sure where to start. I'm looking at a few properties & also was considering building or buying a mobile. Aside from deciding where I want to live what should I take as a next step toward pre-approval/financing?,not sure where to start i want to start the process of buying a home through fha or something to get a 1st time home buyers low down payment mortgage but im not really sure where to start. im looking at a few properties also was considering building or buying a mobile. aside from deciding where i want to live what should i take as a next step toward preapprovalfinancing?,Home Financing,0.7031128,True,distilbert_stage1
11nd0qk,FirstTimeHomeBuyers,Advice on Mortgage Pre-Approval options,,1,4,2023-03-10,https://reddit.com/r/FirstTimeHomeBuyers/comments/11nd0qk/advice_on_mortgage_preapproval_options/,,,,Advice on Mortgage Pre-Approval options,advice on mortgage preapproval options,Loan pre-approval,0.9592914,True,distilbert_stage1
ews00u,RealEstate,Do I have a valid reason to take legal action against the HOA of my townhome community? (GA),,1,6,2020-01-31,https://reddit.com/r/RealEstate/comments/ews00u/do_i_have_a_valid_reason_to_take_legal_action/,,,,Do I have a valid reason to take legal action against the HOA of my townhome community? (GA),do i have a valid reason to take legal action against the hoa of my townhome community? ga,HOAs,0.87159157,True,distilbert_stage1
ewqno6,RealEstate,Real estate agents never get back to me regarding foreclosure properties?,"Hi everyone, I've recently been on the market for homes and have found a few great pre-foreclosure/ foreclosure homes through the net but everytime I reach out to the listing agent theres radio silence. Are they just trying to keep the properties to themselves? How can I circumnavigate this?",1,6,2020-01-31,https://reddit.com/r/RealEstate/comments/ewqno6/real_estate_agents_never_get_back_to_me_regarding/,,,,"Real estate agents never get back to me regarding foreclosure properties? Hi everyone, I've recently been on the market for homes and have found a few great pre-foreclosure/ foreclosure homes through the net but everytime I reach out to the listing agent theres radio silence. Are they just trying to keep the properties to themselves? How can I circumnavigate this?",real estate agents never get back to me regarding foreclosure properties? hi everyone ive recently been on the market for homes and have found a few great preforeclosure foreclosure homes through the net but everytime i reach out to the listing agent theres radio silence. are they just trying to keep the properties to themselves? how can i circumnavigate this?,Foreclosures,0.88158494,True,distilbert_stage1
ewq05s,RealEstate,Buyers are really crazy with wanting “move in condition” these days,"House 1 and house 2 were the same when built House 1- on a busy (40 mph, double yellow) road. 3 bed, 2 bath split level. Interior that was nicely done, but original size. $520,000, sold quickly. House 2- same house as house 1, but has an addition off the kitchen which can either be used as a family room or a very large master bedroom. On a dead end court and has a slightly larger piece of property then house 1 (although both have good size suburban yards). In move in condition, but wa",0,23,2020-01-31,https://reddit.com/r/RealEstate/comments/ewq05s/buyers_are_really_crazy_with_wanting_move_in/,,,,"Buyers are really crazy with wanting “move in condition” these days House 1 and house 2 were the same when built House 1- on a busy (40 mph, double yellow) road. 3 bed, 2 bath split level. Interior that was nicely done, but original size.",buyers are really crazy with wanting move in condition these days house 1 and house 2 were the same when built house 1 on a busy 40 mph double yellow road. 3 bed 2 bath split level. interior that was nicely done but original size.,Moving costs and logistics,0.8112659,True,distilbert_stage1
ewhs6k,RealEstate,First time buyer - What’s a reasonable DTI for first house with my current financial situation?,I’ve been paying off student loans and finally will be in a great position to buy first house. Wife stays at home and I have two kids with one on the way so need a 4-2.5. Average home cost in good school district in my area is about $275-300k. My gross income is ~$130k a year but likely rising the next couple of years and plateauing around $150k if I stay at same position. I have no debt except about $20k in student loan payments that will be gone in next few months. Own a few cars worth in the,4,5,2020-01-31,https://reddit.com/r/RealEstate/comments/ewhs6k/first_time_buyer_whats_a_reasonable_dti_for_first/,,,,First time buyer - What’s a reasonable DTI for first house with my current financial situation? I’ve been paying off student loans and finally will be in a great position to buy first house. Wife stays at home and I have two kids with one on the way so need a 4-2.5. Average home cost in good school district in my area is about $275-300k.,first time buyer whats a reasonable dti for first house with my current financial situation? ive been paying off student loans and finally will be in a great position to buy first house. wife stays at home and i have two kids with one on the way so need a 42.5. average home cost in good school district in my area is about 275300k.,Debt-to-income ratio,0.83682746,True,distilbert_stage1
ewgoqs,RealEstate,How long before renting on a conventionally financed condo?,"Hey all, just picking up my first condo with conventional financing (hooray). Looks like I will be travelling extensively for work this year and wondering it there are any stipulations for how long I have to wait before I can rent? I know FHA has strict rental contingencies, so curious what the deal is with conventional. Our closing date is next week. Happy to provide any other info I can. Thank you!",9,4,2020-01-31,https://reddit.com/r/RealEstate/comments/ewgoqs/how_long_before_renting_on_a_conventionally/,,,,"How long before renting on a conventionally financed condo? Hey all, just picking up my first condo with conventional financing (hooray). Looks like I will be travelling extensively for work this year and wondering it there are any stipulations for how long I have to wait before I can rent? I know FHA has strict rental contingencies, so curious what the deal is with conventional.",how long before renting on a conventionally financed condo? hey all just picking up my first condo with conventional financing hooray. looks like i will be travelling extensively for work this year and wondering it there are any stipulations for how long i have to wait before i can rent? i know fha has strict rental contingencies so curious what the deal is with conventional.,Renting Process,0.83356017,True,distilbert_stage1
ewa8tf,RealEstate,Would you buy a SFH in a HOA with money management issues in the past,I have a potential home I’m looking to buy soon in a hot markets . This home is in a great location and I expect the property value appreciate nicely over the next few years . It’s everything I’ve been looking for but I’ve heard there has been some money management issues in the past . This community has townhomes on one side and SFH on the other . On the SFH side hoa dues are only about $100. It covers at the least water and lawn care but still trying to dig out all of the detail . I haven’t d,1,9,2020-01-30,https://reddit.com/r/RealEstate/comments/ewa8tf/would_you_buy_a_sfh_in_a_hoa_with_money/,,,,Would you buy a SFH in a HOA with money management issues in the past I have a potential home I’m looking to buy soon in a hot markets . This home is in a great location and I expect the property value appreciate nicely over the next few years . It’s everything I’ve been looking for but I’ve heard there has been some money management issues in the past .,would you buy a sfh in a hoa with money management issues in the past i have a potential home im looking to buy soon in a hot markets . this home is in a great location and i expect the property value appreciate nicely over the next few years . its everything ive been looking for but ive heard there has been some money management issues in the past .,HOAs,0.93514544,True,distilbert_stage1
ew7syj,RealEstate,Looking for a mortgage!,"Hi All, My wife and I are pre-approved for a mortgage but I'm wondering if I should be shopping around. We're pre-approved through our Credit Union, but I want to make sure we're getting the best rates/deal, I'm just not sure where to start. I'm nervous about getting caught up in a scheme/ads or a bad deal by just searching online for a mortgage. This is our first home and we can afford about a 100,000 house. We're in Michigan so that buys a decent/fixer-upper home in a good area.",2,9,2020-01-30,https://reddit.com/r/RealEstate/comments/ew7syj/looking_for_a_mortgage/,,,,"Looking for a mortgage! Hi All, My wife and I are pre-approved for a mortgage but I'm wondering if I should be shopping around. We're pre-approved through our Credit Union, but I want to make sure we're getting the best rates/deal, I'm just not sure where to start. I'm nervous about getting caught up in a scheme/ads or a bad deal by just searching online for a mortgage.",looking for a mortgage! hi all my wife and i are preapproved for a mortgage but im wondering if i should be shopping around. were preapproved through our credit union but i want to make sure were getting the best ratesdeal im just not sure where to start. im nervous about getting caught up in a schemeads or a bad deal by just searching online for a mortgage.,Home Financing,0.8375633,True,distilbert_stage1
fbjs7l,RealEstate,Renting a Home to a Relative,"Ok, give me the pros/cons of renting to a home to a relative. Essentially, my sister is getting out of an abusive relationship and moving across state lines to start a new job in my city. We can get her a rental home at $1400-1600 plus utilities in my city. Or.... I can buy a similar home and rent it her to cover the mortgage/taxes. To me, it would at cost around $1100. Is there any steps that I can take to protect myself? Should I be thinking about anything now? She would likely st",1,1,2020-02-29,https://reddit.com/r/RealEstate/comments/fbjs7l/renting_a_home_to_a_relative/,,,,"Renting a Home to a Relative Ok, give me the pros/cons of renting to a home to a relative. Essentially, my sister is getting out of an abusive relationship and moving across state lines to start a new job in my city. We can get her a rental home at $1400-1600 plus utilities in my city.",renting a home to a relative ok give me the proscons of renting to a home to a relative. essentially my sister is getting out of an abusive relationship and moving across state lines to start a new job in my city. we can get her a rental home at 14001600 plus utilities in my city.,Renting Process,0.79352474,True,distilbert_stage1
fbj86f,RealEstate,Is it the right time to invest? Or am I just freaking out?,"Hello, So my situation is rather complicated and I'm going to do my best to not try to sit here and tell you my life story but any advice or tips from those who have real estate experience would be greatly appreciated. So basically here's the gist: I'm a 21 year old nursing student in the midwest. I currently live with my mother, stepfather, and 81 year old grandmother. When I was 16, I was in a horrible car accident which resulted in years of litigation & a settlement of a large amount of m",2,2,2020-02-29,https://reddit.com/r/RealEstate/comments/fbj86f/is_it_the_right_time_to_invest_or_am_i_just/,,,,"Is it the right time to invest? Or am I just freaking out? Hello, So my situation is rather complicated and I'm going to do my best to not try to sit here and tell you my life story but any advice or tips from those who have real estate experience would be greatly appreciated. So basically here's the gist: I'm a 21 year old nursing student in the midwest. I currently live with my mother, stepfather, and 81 year old grandmother.",is it the right time to invest? or am i just freaking out? hello so my situation is rather complicated and im going to do my best to not try to sit here and tell you my life story but any advice or tips from those who have real estate experience would be greatly appreciated. so basically heres the gist im a 21 year old nursing student in the midwest. i currently live with my mother stepfather and 81 year old grandmother.,Investment Properties,0.8518394,True,distilbert_stage1
fbie6i,RealEstate,Affordable land + mercosur residency,,0,0,2020-02-29,https://reddit.com/r/RealEstate/comments/fbie6i/affordable_land_mercosur_residency/,,,,Affordable land + mercosur residency,affordable land mercosur residency,Affordable housing options,0.833564,True,distilbert_stage1
fb8q2i,RealEstate,Will lenders consider liquid assets plus home equity in first home as collateral for new mortgage?,,1,0,2020-02-29,https://reddit.com/r/RealEstate/comments/fb8q2i/will_lenders_consider_liquid_assets_plus_home/,,,,Will lenders consider liquid assets plus home equity in first home as collateral for new mortgage?,will lenders consider liquid assets plus home equity in first home as collateral for new mortgage?,Home equity,0.8375498,True,distilbert_stage1
fb8cz2,RealEstate,Price Dropped on a House We Love - Problem is Our Potential Buyer's Agent is the Seller's Agent,"My husband and I just started looking at houses. We have a loan pre-approval and are interviewing buyers agents right now. The agents that we really like and thought we were going to pick are also the agents for the house we like. We haven't finished with the interview process so right now we don't have a backup agent to go with. When I asked what they would do in the case that they represent a house that we like, they said they could refer us to someone else in their group that isn't part of th",0,11,2020-02-29,https://reddit.com/r/RealEstate/comments/fb8cz2/price_dropped_on_a_house_we_love_problem_is_our/,,,,Price Dropped on a House We Love - Problem is Our Potential Buyer's Agent is the Seller's Agent My husband and I just started looking at houses. We have a loan pre-approval and are interviewing buyers agents right now. The agents that we really like and thought we were going to pick are also the agents for the house we like.,price dropped on a house we love problem is our potential buyers agent is the sellers agent my husband and i just started looking at houses. we have a loan preapproval and are interviewing buyers agents right now. the agents that we really like and thought we were going to pick are also the agents for the house we like.,Loan pre-approval,0.88967466,True,distilbert_stage1
fb4sxp,RealEstate,I'm First home buyer,I was looking around to buy my first house because I'm tired of wasting Martin rent but house prices is ridiculously high these days. Finally I quit. I know the mortgage rate is lowest ever but for me the price f**** matter too. Why I got to buy house of 100k for 180k. I'm Memphis great area. Does anybody have experienced what I'm talking about ?,3,10,2020-02-29,https://reddit.com/r/RealEstate/comments/fb4sxp/im_first_home_buyer/,,,,I'm First home buyer I was looking around to buy my first house because I'm tired of wasting Martin rent but house prices is ridiculously high these days. Finally I quit. I know the mortgage rate is lowest ever but for me the price f**** matter too.,im first home buyer i was looking around to buy my first house because im tired of wasting martin rent but house prices is ridiculously high these days. finally i quit. i know the mortgage rate is lowest ever but for me the price f matter too.,Home Financing,0.70021826,True,distilbert_stage1
fb44g3,RealEstate,Just got my inspection report for pricing negotiations.,"Here is some background information: The house was for sale for 399k and comes with a pool, and an inlaw suite. The only home available in the area that suits my every need, all other homes I looked at are severely lacking. The pool is in shambles and the seller said it was an estimated 20k to fix. I offer 360k cash buy, to cover the pool, some slight renovation costs (it seems they tried to update the home and ran out of money, so it's not in perfect condition) and also the fact that its c",1,9,2020-02-29,https://reddit.com/r/RealEstate/comments/fb44g3/just_got_my_inspection_report_for_pricing/,,,,"Just got my inspection report for pricing negotiations. Here is some background information: The house was for sale for 399k and comes with a pool, and an inlaw suite. The only home available in the area that suits my every need, all other homes I looked at are severely lacking. The pool is in shambles and the seller said it was an estimated 20k to fix.",just got my inspection report for pricing negotiations. here is some background information the house was for sale for 399k and comes with a pool and an inlaw suite. the only home available in the area that suits my every need all other homes i looked at are severely lacking. the pool is in shambles and the seller said it was an estimated 20k to fix.,Home Inspections,0.7179379,True,distilbert_stage1
fazyzd,RealEstate,Anyone invest in STR or flip in big bear/Sugarloaf?,"I'm looking to buy a place up in big bear partially as a vacation home for myself, simply because I can't stay away from the mountains for too long. But I'm also trying to dip my foot into investing. I don't have much capital, and I'll have to finance. It seems that in any case, I'll break even by renting it or at best make a small profit. I'm okay with this, however I'm curious how the appreciation is. Because it DOES matter that I get decent equity out of it. I know this isn't the gre",0,0,2020-02-28,https://reddit.com/r/RealEstate/comments/fazyzd/anyone_invest_in_str_or_flip_in_big_bearsugarloaf/,,,,"Anyone invest in STR or flip in big bear/Sugarloaf? I'm looking to buy a place up in big bear partially as a vacation home for myself, simply because I can't stay away from the mountains for too long. But I'm also trying to dip my foot into investing. I don't have much capital, and I'll have to finance.",anyone invest in str or flip in big bearsugarloaf? im looking to buy a place up in big bear partially as a vacation home for myself simply because i cant stay away from the mountains for too long. but im also trying to dip my foot into investing. i dont have much capital and ill have to finance.,Investment Properties,0.8013872,True,distilbert_stage1
fazljf,RealEstate,Personal flip,"Had anyone done a personal flip? Our realtor said there’s a house coming in the market soon (her listing) that will be sold to a flipper. She mentioned that we could maybe work with a flipper to remodel the house, then buy it from them when the work is complete. I’ve never heard of this before and not sure what to look out for with a transaction like this.",1,3,2020-02-28,https://reddit.com/r/RealEstate/comments/fazljf/personal_flip/,,,,"Personal flip Had anyone done a personal flip? Our realtor said there’s a house coming in the market soon (her listing) that will be sold to a flipper. She mentioned that we could maybe work with a flipper to remodel the house, then buy it from them when the work is complete.",personal flip had anyone done a personal flip? our realtor said theres a house coming in the market soon her listing that will be sold to a flipper. she mentioned that we could maybe work with a flipper to remodel the house then buy it from them when the work is complete.,Real estate flipping,0.9506414,True,distilbert_stage1
faz3jm,RealEstate,How much impact do smaller loan debts have when being approved for a VA loan?,"We are going to be first-time homebuyers this spring and have some money in our savings account that we were planning on saving for moving and new home costs, but we also have 1-2 smaller loans (sub 5K) that we could pay off as well. Income is around $82K, have some other debt as well. Will paying 1-2 smaller loans off prior to approval make any difference or are we better off waiting?",1,8,2020-02-28,https://reddit.com/r/RealEstate/comments/faz3jm/how_much_impact_do_smaller_loan_debts_have_when/,,,,"How much impact do smaller loan debts have when being approved for a VA loan? We are going to be first-time homebuyers this spring and have some money in our savings account that we were planning on saving for moving and new home costs, but we also have 1-2 smaller loans (sub 5K) that we could pay off as well. Income is around $82K, have some other debt as well. Will paying 1-2 smaller loans off prior to approval make any difference or are we better off waiting?",how much impact do smaller loan debts have when being approved for a va loan? we are going to be firsttime homebuyers this spring and have some money in our savings account that we were planning on saving for moving and new home costs but we also have 12 smaller loans sub 5k that we could pay off as well. income is around 82k have some other debt as well. will paying 12 smaller loans off prior to approval make any difference or are we better off waiting?,First-time homebuyer programs,0.7568736,True,distilbert_stage1
fsj56x,RealEstate,First time homebuyer in inspection process,,1,0,2020-03-31,https://reddit.com/r/RealEstate/comments/fsj56x/first_time_homebuyer_in_inspection_process/,,,,First time homebuyer in inspection process,first time homebuyer in inspection process,Property inspections,0.80210596,True,distilbert_stage1
fsie3o,RealEstate,[AZ] Working Remotely and Verification of Employment,"Hi all, I am a first time home buyer and am currently contingent on a house in another state. I started a new job just over a month ago that is fully remote (over half the employees of my company work remotely) and should have no issues working in the other state. We are re-locating to be closer to family and to live in a much lower cost of living area. My position just requires my work laptop and an internet connection and was already a fully remote position prior to the Coronavirus situation.",1,3,2020-03-31,https://reddit.com/r/RealEstate/comments/fsie3o/az_working_remotely_and_verification_of_employment/,,,,"[AZ] Working Remotely and Verification of Employment Hi all, I am a first time home buyer and am currently contingent on a house in another state. I started a new job just over a month ago that is fully remote (over half the employees of my company work remotely) and should have no issues working in the other state. We are re-locating to be closer to family and to live in a much lower cost of living area.",az working remotely and verification of employment hi all i am a first time home buyer and am currently contingent on a house in another state. i started a new job just over a month ago that is fully remote over half the employees of my company work remotely and should have no issues working in the other state. we are relocating to be closer to family and to live in a much lower cost of living area.,Relocation Services,0.7289327,True,distilbert_stage1
fscbeq,RealEstate,"At what point in home sale can I move, and why does this apartment complex refuse to give me a map?","My home is under contract right now and I'd like to go on and square up where I'll be living next. We just got done with inspection and everything is still moving forward. Now I have to get the HOA docs out. We're supposed to close at the beginning of May. So, when can I breathe and look for a new place to rent? I don't have cash on hand to pay a rent and a mortgage. Also, I've been chatting with this apartment complex in town, and I've asked several times if I could know where certain units I'",9,12,2020-03-31,https://reddit.com/r/RealEstate/comments/fscbeq/at_what_point_in_home_sale_can_i_move_and_why/,,,,"At what point in home sale can I move, and why does this apartment complex refuse to give me a map? My home is under contract right now and I'd like to go on and square up where I'll be living next. We just got done with inspection and everything is still moving forward. Now I have to get the HOA docs out.",at what point in home sale can i move and why does this apartment complex refuse to give me a map? my home is under contract right now and id like to go on and square up where ill be living next. we just got done with inspection and everything is still moving forward. now i have to get the hoa docs out.,HOAs,0.7251459,True,distilbert_stage1
fs7pld,RealEstate,"(US, California) Is it worth getting another hard credit check to get a lower mortgage interest rate?","Here's the situation: In Escrow for a house. We close on April 10. Wife's Current Credit Score 810+ My Current Credit Score 805+ We went into escrow right when the mortgage rates went crazy after the recent low. When we were shopping around and looking to lock, the best we could find was 3.625% for 30 year fixed. Our lender (BoA) is floating our rate, and said that if we see a lower rate somewhere else, if we show them the Loan Estimate, they can match it or do better. At this point, we'd lik",1,4,2020-03-31,https://reddit.com/r/RealEstate/comments/fs7pld/us_california_is_it_worth_getting_another_hard/,,,,"(US, California) Is it worth getting another hard credit check to get a lower mortgage interest rate? Here's the situation: In Escrow for a house. We close on April 10. Wife's Current Credit Score 810+ My Current Credit Score 805+ We went into escrow right when the mortgage rates went crazy after the recent low.",us california is it worth getting another hard credit check to get a lower mortgage interest rate? heres the situation in escrow for a house. we close on april 10. wifes current credit score 810 my current credit score 805 we went into escrow right when the mortgage rates went crazy after the recent low.,Credit scores,0.73845744,True,distilbert_stage1
fs6y0c,RealEstate,3 Brothers 1 House return on investment percentage question,"My 2 brothers and myself are going to be investing in a house for 2 out of the 3 of us to live in. We will all be contributing 1/3 of the initial down payment. Since only 2 of us are going to be living in the house and paying for the mortgage and increasing the equity in the house. How would we split up the return on investment for the 1 silent partner and 2 active contributors? Would it just be the overall equity contribution percentage at the time of the sale, including appreciation? Thanks",5,11,2020-03-31,https://reddit.com/r/RealEstate/comments/fs6y0c/3_brothers_1_house_return_on_investment/,,,,3 Brothers 1 House return on investment percentage question My 2 brothers and myself are going to be investing in a house for 2 out of the 3 of us to live in. We will all be contributing 1/3 of the initial down payment. Since only 2 of us are going to be living in the house and paying for the mortgage and increasing the equity in the house.,3 brothers 1 house return on investment percentage question my 2 brothers and myself are going to be investing in a house for 2 out of the 3 of us to live in. we will all be contributing 13 of the initial down payment. since only 2 of us are going to be living in the house and paying for the mortgage and increasing the equity in the house.,Down payment options,0.80173683,True,distilbert_stage1
fs3u1x,RealEstate,Credits/Concessions vs. Down Payment % (USA),"(Assume conventional USA loan) The lender tells you that you aren't able to take full advantage of the seller concessions because it would result in your not coming to the table with 5% of your own $. Which of the following line items on the closing disclosure count toward that 5% requirement? 1. Earnest money deposit 2. Closing costs paid before closing (e.g. appraisal, credit check fees that you've already paid) 3. Adjustment down to reflecting seller's unpaid property taxes from January",1,2,2020-03-31,https://reddit.com/r/RealEstate/comments/fs3u1x/creditsconcessions_vs_down_payment_usa/,,,,Credits/Concessions vs. Down Payment % (USA) (Assume conventional USA loan) The lender tells you that you aren't able to take full advantage of the seller concessions because it would result in your not coming to the table with 5% of your own $. Which of the following line items on the closing disclosure count toward that 5% requirement? 1.,creditsconcessions vs. down payment usa assume conventional usa loan the lender tells you that you arent able to take full advantage of the seller concessions because it would result in your not coming to the table with 5 of your own . which of the following line items on the closing disclosure count toward that 5 requirement? 1.,Down payment options,0.8944409,True,distilbert_stage1
fs1z9x,RealEstate,Where's the best place to get a private-party mortgage loan? If that's even what you call it...,"I'm buying a house from my dad and we have different opinions about where I should get my mortgage loan. I wanted to go to a bank or credit union, but he's claiming those are the worst options for a private sale. Instead, he has me talking to mortgage brokers and places like Quicken Loans. Are banks and credit unions really bad options for a private sale? If possible, please provide detail. My dad is extremely stubborn and he's giving us an incredibly generous deal - I don't want to upset him.",2,24,2020-03-30,https://reddit.com/r/RealEstate/comments/fs1z9x/wheres_the_best_place_to_get_a_privateparty/,,,,"Where's the best place to get a private-party mortgage loan? If that's even what you call it... I'm buying a house from my dad and we have different opinions about where I should get my mortgage loan. I wanted to go to a bank or credit union, but he's claiming those are the worst options for a private sale. Instead, he has me talking to mortgage brokers and places like Quicken Loans.",wheres the best place to get a privateparty mortgage loan? if thats even what you call it... im buying a house from my dad and we have different opinions about where i should get my mortgage loan. i wanted to go to a bank or credit union but hes claiming those are the worst options for a private sale. instead he has me talking to mortgage brokers and places like quicken loans.,Home Financing,0.73503363,True,distilbert_stage1
fs1u4t,RealEstate,Does underwriting ever happen before pre-approval?,,1,3,2020-03-30,https://reddit.com/r/RealEstate/comments/fs1u4t/does_underwriting_ever_happen_before_preapproval/,,,,Does underwriting ever happen before pre-approval?,does underwriting ever happen before preapproval?,Loan pre-approval,0.89447165,True,distilbert_stage1
frzid2,RealEstate,Will this affect me in a few months when I want to apply for a mortgage loan?,Will be laid off for a month or two and will return back to work in either May or June. Meanwhile I’ll collect unemployment and keep saving as I have been. I’m wondering if collecting unemployment will have a negative impact when I try and get qualified for a mortgage? Or if it’s better to apply somewhere like at Costco or amazon instead of collecting unemployment? Thank you in advance!,2,2,2020-03-30,https://reddit.com/r/RealEstate/comments/frzid2/will_this_affect_me_in_a_few_months_when_i_want/,,,,Will this affect me in a few months when I want to apply for a mortgage loan? Will be laid off for a month or two and will return back to work in either May or June. Meanwhile I’ll collect unemployment and keep saving as I have been. I’m wondering if collecting unemployment will have a negative impact when I try and get qualified for a mortgage?,will this affect me in a few months when i want to apply for a mortgage loan? will be laid off for a month or two and will return back to work in either may or june. meanwhile ill collect unemployment and keep saving as i have been. im wondering if collecting unemployment will have a negative impact when i try and get qualified for a mortgage?,Home Financing,0.7309503,True,distilbert_stage1
gb549v,RealEstate,Wells Fargo Will No Longer Accept Applications for Home Equity Lines of Credit,"Link: [ * **Wells Fargo, one of the largest home lenders in the U.S., said it it stepping away from the market for home equity lines of credit because of uncertainty tied to the coronavirus pandemic.** * **“Wells Fargo Home Lending will temporari",1,0,2020-04-30,https://reddit.com/r/RealEstate/comments/gb549v/wells_fargo_will_no_longer_accept_applications/,,,,"Wells Fargo Will No Longer Accept Applications for Home Equity Lines of Credit Link: [ * **Wells Fargo, one of the largest home lenders in the U.S., said it it stepping away from the market for home equity lines of credit because of uncertainty tied to the coronavirus pandemic.** * **“Wells Fargo Home Lending will temporarily stop accepting applications for all new home equity lines of credit (HELOCs) after April 30,” the bank said in a statement.** * **During tough economic times, HELOCs are riskier products for banks because in a foreclosure, the lender who made the primary mortgage is first in line to get paid in a recovery.**",wells fargo will no longer accept applications for home equity lines of credit link wells fargo one of the largest home lenders in the u.s. said it it stepping away from the market for home equity lines of credit because of uncertainty tied to the coronavirus pandemic. wells fargo home lending will temporarily stop accepting applications for all new home equity lines of credit helocs after april 30 the bank said in a statement. during tough economic times helocs are riskier products for banks because in a foreclosure the lender who made the primary mortgage is first in line to get paid in a recovery.,Home equity,0.89639705,True,distilbert_stage1
gb3z9f,RealEstate,Moving to a job [FL] [First time homebuyer],"The setup: My project at work came to an abrupt end, but employer offered a different jobs in Clearwater for me and wife that would make it worth moving (no moving assistance however). We have 10-15K across our various accounts. Recently married, I moved into her existing modest house that she bought about 6 years ago; mortgage about 550/month. My credit score is about 690, hers over 800. So the questions: I'm effectively unemployed until I start the new job; is my offer letter showing my sala",1,0,2020-04-30,https://reddit.com/r/RealEstate/comments/gb3z9f/moving_to_a_job_fl_first_time_homebuyer/,,,,"Moving to a job [FL] [First time homebuyer] The setup: My project at work came to an abrupt end, but employer offered a different jobs in Clearwater for me and wife that would make it worth moving (no moving assistance however). We have 10-15K across our various accounts. Recently married, I moved into her existing modest house that she bought about 6 years ago; mortgage about 550/month.",moving to a job fl first time homebuyer the setup my project at work came to an abrupt end but employer offered a different jobs in clearwater for me and wife that would make it worth moving no moving assistance however. we have 1015k across our various accounts. recently married i moved into her existing modest house that she bought about 6 years ago mortgage about 550month.,Moving costs and logistics,0.88550913,True,distilbert_stage1
gb2poa,RealEstate,I need to sell my house fast in Fort Worth. What are my options?,,1,0,2020-04-30,https://reddit.com/r/RealEstate/comments/gb2poa/i_need_to_sell_my_house_fast_in_fort_worth_what/,,,,I need to sell my house fast in Fort Worth. What are my options?,i need to sell my house fast in fort worth. what are my options?,Selling Process,0.8586145,True,distilbert_stage1
gb146z,RealEstate,Buyers want to delay $600k house purchase over a $100 doorbell... (WA),"We listed our house in a suburb of Seattle 24 hours after the Governor's Stay At Home order went into effect. Because of that, we had a pre-inspection and sewer scope done to provide to potential buyers, along with a 3D Home Tour. 3 days before our offer review date, we received an offer from buyers with strong financing ($11k over ask, big down payment, in underwriting, additional $25k deposit if the appraisal came in below). Since we're in the middle of a pandemic, we took their offer. We're",1,0,2020-04-30,https://reddit.com/r/RealEstate/comments/gb146z/buyers_want_to_delay_600k_house_purchase_over_a/,,,,"Buyers want to delay $600k house purchase over a $100 doorbell... (WA) We listed our house in a suburb of Seattle 24 hours after the Governor's Stay At Home order went into effect. Because of that, we had a pre-inspection and sewer scope done to provide to potential buyers, along with a 3D Home Tour. 3 days before our offer review date, we received an offer from buyers with strong financing ($11k over ask, big down payment, in underwriting, additional $25k deposit if the appraisal came in below).",buyers want to delay 600k house purchase over a 100 doorbell... wa we listed our house in a suburb of seattle 24 hours after the governors stay at home order went into effect. because of that we had a preinspection and sewer scope done to provide to potential buyers along with a 3d home tour. 3 days before our offer review date we received an offer from buyers with strong financing 11k over ask big down payment in underwriting additional 25k deposit if the appraisal came in below.,Down payment options,0.86975974,True,distilbert_stage1
gazotx,RealEstate,PenFed mortgage?,"Does anyone have a mortgage through PenFed? They are offering me (and anyone else who qualities) an amazing rate on their website but I don’t see much about them on this sub and I’m wondering if I am missing something You don’t need to be in the military to use them, you can become a member by joining a military family support organization (~$15/year) Is there anything major here I’m not looking at? I’m a first time home buyer so I’m nervous. They have a 1% origination fee it seems but if r",1,0,2020-04-30,https://reddit.com/r/RealEstate/comments/gazotx/penfed_mortgage/,,,,"PenFed mortgage? Does anyone have a mortgage through PenFed? They are offering me (and anyone else who qualities) an amazing rate on their website but I don’t see much about them on this sub and I’m wondering if I am missing something You don’t need to be in the military to use them, you can become a member by joining a military family support organization (~$15/year) Is there anything major here I’m not looking at? I’m a first time home buyer so I’m nervous.",penfed mortgage? does anyone have a mortgage through penfed? they are offering me and anyone else who qualities an amazing rate on their website but i dont see much about them on this sub and im wondering if i am missing something you dont need to be in the military to use them you can become a member by joining a military family support organization 15year is there anything major here im not looking at? im a first time home buyer so im nervous.,Home Financing,0.8425845,True,distilbert_stage1
gay6ku,RealEstate,Home Inspections,"I have read a lot of horror stories about home inspections going wrong here. What is the proper way to go about them? Hire your own/multiple inspector? Inspect yourself? If an inspector walks away saying the house is fine, how do you know he/she is not BSing you? Is there ever collusion between the inspector/seller? Looking to buy soon and I want to make sure there are no surprises after purchasing.",1,0,2020-04-30,https://reddit.com/r/RealEstate/comments/gay6ku/home_inspections/,,,,Home Inspections I have read a lot of horror stories about home inspections going wrong here. What is the proper way to go about them? Hire your own/multiple inspector?,home inspections i have read a lot of horror stories about home inspections going wrong here. what is the proper way to go about them? hire your ownmultiple inspector?,Home Inspections,0.8398356,True,distilbert_stage1
gaxtqr,RealEstate,Self employed and getting a mortgage,"Hello- wondering how difficult it is to get a mortgage if you are self employed? Ive seen a few threads on here but specifically, heres my situation: &#x200B; Profitable business, started in Nov 2018. If the home is going to be built after this date (ie close after Nov 2020) would we be okay? Ive seen how most lenders want to see 2 years of owning the business. Worked full time w-2 up until Sept 2019 as well. Have not taken any actual pay from our company yet, but plan to when needed. Had en",1,0,2020-04-30,https://reddit.com/r/RealEstate/comments/gaxtqr/self_employed_and_getting_a_mortgage/,,,,"Self employed and getting a mortgage Hello- wondering how difficult it is to get a mortgage if you are self employed? Ive seen a few threads on here but specifically, heres my situation: &#x200B; Profitable business, started in Nov 2018. If the home is going to be built after this date (ie close after Nov 2020) would we be okay?",self employed and getting a mortgage hello wondering how difficult it is to get a mortgage if you are self employed? ive seen a few threads on here but specifically heres my situation x200b profitable business started in nov 2018. if the home is going to be built after this date ie close after nov 2020 would we be okay?,Home Financing,0.78759515,True,distilbert_stage1
gavf3l,RealEstate,"My goal is to lower my DTI for a new application, how should I file taxes?","My lender said I just barely didn't meet their DTI requirements on a refinance because I had a few properties that showed a loss on the previous year's tax return. I don't mind paying more taxes this year if it helps me qualify on a good rate, so what's the best way to do that? All my properties have positive cash flow and only have a loss after deductions like utilities, depreciation, etc. He said he couldn't give me any tax advice but mentioned my accountant did a great job, and this was the",1,0,2020-04-30,https://reddit.com/r/RealEstate/comments/gavf3l/my_goal_is_to_lower_my_dti_for_a_new_application/,,,,"My goal is to lower my DTI for a new application, how should I file taxes? My lender said I just barely didn't meet their DTI requirements on a refinance because I had a few properties that showed a loss on the previous year's tax return. I don't mind paying more taxes this year if it helps me qualify on a good rate, so what's the best way to do that? All my properties have positive cash flow and only have a loss after deductions like utilities, depreciation, etc.",my goal is to lower my dti for a new application how should i file taxes? my lender said i just barely didnt meet their dti requirements on a refinance because i had a few properties that showed a loss on the previous years tax return. i dont mind paying more taxes this year if it helps me qualify on a good rate so whats the best way to do that? all my properties have positive cash flow and only have a loss after deductions like utilities depreciation etc.,Debt-to-income ratio,0.826097,True,distilbert_stage1
gaq5dj,RealEstate,St. Hedwig TX home questions.,"Howdy! I am looking at a manufactured home on about 4 acres outside of San Antonio, it has been on the market for over a hundred days. I am just wondering on an affordability stand point how it will all break down and what an acceptable offer would be. It is listed at $250k and I am thinking of offering $199k. My credit is great and I have been preapproved for much more than the asking price. I will have about $20k total cash on hand for down payment. I currently make $4200 a month and have jus",1,1,2020-04-30,https://reddit.com/r/RealEstate/comments/gaq5dj/st_hedwig_tx_home_questions/,,,,"St. Hedwig TX home questions. Howdy! I am looking at a manufactured home on about 4 acres outside of San Antonio, it has been on the market for over a hundred days. I am just wondering on an affordability stand point how it will all break down and what an acceptable offer would be.",st. hedwig tx home questions. howdy! i am looking at a manufactured home on about 4 acres outside of san antonio it has been on the market for over a hundred days. i am just wondering on an affordability stand point how it will all break down and what an acceptable offer would be.,Affordability,0.79919773,True,distilbert_stage1
gtrfvn,RealEstate,"Selling, offer accepted, inspection done, appraisal pending. Neighbor now about to sell for much lower- should I be worried?","Live in a townhouse community and keep our home in great condition. Just sold for a great price, over $25K higher than the last home in this community (or any other home has sold for) two years ago. Now find out today direct neighbor is going to list their house for $40K lower than what I sold for. Can them listing for so low hurt my appraisal? Our home inspection was last Wednesday and we believe went pretty well. Hoping things keep moving so our appraisal gets done sooner than later. Thanks f",15,9,2020-05-31,https://reddit.com/r/RealEstate/comments/gtrfvn/selling_offer_accepted_inspection_done_appraisal/,,,,"Selling, offer accepted, inspection done, appraisal pending. Neighbor now about to sell for much lower- should I be worried? Live in a townhouse community and keep our home in great condition. Just sold for a great price, over $25K higher than the last home in this community (or any other home has sold for) two years ago. Now find out today direct neighbor is going to list their house for $40K lower than what I sold for.",selling offer accepted inspection done appraisal pending. neighbor now about to sell for much lower should i be worried? live in a townhouse community and keep our home in great condition. just sold for a great price over 25k higher than the last home in this community or any other home has sold for two years ago. now find out today direct neighbor is going to list their house for 40k lower than what i sold for.,Home Inspections,0.7223259,True,distilbert_stage1
gtqk6z,RealEstate,Down Payment for a Home that’s $50-60k?,,1,14,2020-05-31,https://reddit.com/r/RealEstate/comments/gtqk6z/down_payment_for_a_home_thats_5060k/,,,,Down Payment for a Home that’s $50-60k?,down payment for a home thats 5060k?,Down payment options,0.91362435,True,distilbert_stage1
gtnrml,RealEstate,Negotiating Repairs,"My husband and I are first time home buyers. We got our inspection results this week and there were a number of concerns. We requested the following items be repaired, keeping in mind that we ignored all aesthetic and a handful or smaller items we could handle easily. Roof needs replaced - lots of granular loss and missing shingles on the ridge cap. Nothing is leaning but it is at the end of its life. Plumbing Vents also need replaced as they are damaged and have large holes and cracks. ~16 squ",2,7,2020-05-30,https://reddit.com/r/RealEstate/comments/gtnrml/negotiating_repairs/,,,,"Negotiating Repairs My husband and I are first time home buyers. We got our inspection results this week and there were a number of concerns. We requested the following items be repaired, keeping in mind that we ignored all aesthetic and a handful or smaller items we could handle easily.",negotiating repairs my husband and i are first time home buyers. we got our inspection results this week and there were a number of concerns. we requested the following items be repaired keeping in mind that we ignored all aesthetic and a handful or smaller items we could handle easily.,Home Inspections,0.7393825,True,distilbert_stage1
hiywcd,RealEstate,Future Home purchase question.,"First time posting here. I am looking to purchase a house within the next 6 months and am a first time buyer, I don’t have much information on the process jus like probably most first time buyers. I have a question for you, because it could in fact hurt or help my future situation and didn’t know who to ask and if you could please help that would be great. So long story short, My Wife and I have Good credit 755 and 753, anyway like I said I am looking to get the ball rolling on my home buyi",3,8,2020-06-30,https://reddit.com/r/RealEstate/comments/hiywcd/future_home_purchase_question/,,,,"Future Home purchase question. First time posting here. I am looking to purchase a house within the next 6 months and am a first time buyer, I don’t have much information on the process jus like probably most first time buyers. I have a question for you, because it could in fact hurt or help my future situation and didn’t know who to ask and if you could please help that would be great.",future home purchase question. first time posting here. i am looking to purchase a house within the next 6 months and am a first time buyer i dont have much information on the process jus like probably most first time buyers. i have a question for you because it could in fact hurt or help my future situation and didnt know who to ask and if you could please help that would be great.,Buying Process,0.7549784,True,distilbert_stage1
hiyu5s,RealEstate,"Two days after going under contract, received e-mail from random moving company.","Hey guys, just wanted to confirm my suspicions, or see if there are other possibilities. I went under contract on a house a couple days ago. Today, I received an e-mail congratulating me on the move and offering ""moving consierge services"". This email included the address of the property and my email address is not registered to a Zillow, Redfin, Trulia, etc account. The only people (that I know of) that have this e-mail are: My loan officer, my real estate agent, the listing agent, and the",7,12,2020-06-30,https://reddit.com/r/RealEstate/comments/hiyu5s/two_days_after_going_under_contract_received/,,,,"Two days after going under contract, received e-mail from random moving company. Hey guys, just wanted to confirm my suspicions, or see if there are other possibilities. I went under contract on a house a couple days ago. Today, I received an e-mail congratulating me on the move and offering ""moving consierge services"".",two days after going under contract received email from random moving company. hey guys just wanted to confirm my suspicions or see if there are other possibilities. i went under contract on a house a couple days ago. today i received an email congratulating me on the move and offering moving consierge services.,Relocation Services,0.719394,True,distilbert_stage1
hiysyy,RealEstate,Is it time? Roughly 280k saved,"Hey guys, I’m looking for some advice regarding what my next move should be.. I have roughly 280k saved with no debt. I live in California: LA 27 year old male My goal is to buy a house or two in Nevada, rent them out as my brother did and live in California, maybe rent an apartment and have the houses pay for my apartment. Would you say making that move would be good idea? Any suggestions would be freakin amazing",3,14,2020-06-30,https://reddit.com/r/RealEstate/comments/hiysyy/is_it_time_roughly_280k_saved/,,,,"Is it time? Roughly 280k saved Hey guys, I’m looking for some advice regarding what my next move should be.. I have roughly 280k saved with no debt. I live in California: LA 27 year old male My goal is to buy a house or two in Nevada, rent them out as my brother did and live in California, maybe rent an apartment and have the houses pay for my apartment.",is it time? roughly 280k saved hey guys im looking for some advice regarding what my next move should be.. i have roughly 280k saved with no debt. i live in california la 27 year old male my goal is to buy a house or two in nevada rent them out as my brother did and live in california maybe rent an apartment and have the houses pay for my apartment.,Relocation Services,0.88464797,True,distilbert_stage1
hivggn,RealEstate,"Pre-approved, starting new business/side hustle affect approval?","[Austin, TX - First time home buyers] My husband and I signed a contract for new construction Memorial Day weekend. Everything has been smooth so far! Pre-approval, etc and preferred lender w/builder followed through with underwriting the loan to make sure all is well. And now we sit tight until we close on the house in January 2021, right? We are making sure to leave our credit alone and won't be changing jobs etc. But... I don't like my job and am looking into education and starting my own bus",2,8,2020-06-30,https://reddit.com/r/RealEstate/comments/hivggn/preapproved_starting_new_businessside_hustle/,,,,"Pre-approved, starting new business/side hustle affect approval? [Austin, TX - First time home buyers] My husband and I signed a contract for new construction Memorial Day weekend. Everything has been smooth so far! Pre-approval, etc and preferred lender w/builder followed through with underwriting the loan to make sure all is well.",preapproved starting new businessside hustle affect approval? austin tx first time home buyers my husband and i signed a contract for new construction memorial day weekend. everything has been smooth so far! preapproval etc and preferred lender wbuilder followed through with underwriting the loan to make sure all is well.,Loan pre-approval,0.95304286,True,distilbert_stage1
hisrj9,RealEstate,Foundation crack found in basement during home inspection,"Please see images below. I am a first time home buyer, I have no idea of what I'm doing. Inspector highlighted these cracks in the basement foundation. He the went outside and did not see any cracks there. It seems the previous owner patched it up at some point. There is some flaking also. Walls feel sturdy and we noticed no signs of the house tilting and falling one way or another. The house is a little over 80 years old. Any thoughts? I have no idea of this is a big deal and how worried I shou",2,3,2020-06-30,https://reddit.com/r/RealEstate/comments/hisrj9/foundation_crack_found_in_basement_during_home/,,,,"Foundation crack found in basement during home inspection Please see images below. I am a first time home buyer, I have no idea of what I'm doing. Inspector highlighted these cracks in the basement foundation.",foundation crack found in basement during home inspection please see images below. i am a first time home buyer i have no idea of what im doing. inspector highlighted these cracks in the basement foundation.,Home Inspections,0.88330835,True,distilbert_stage1
hir84q,RealEstate,I live in my investment real estate property. Want to buy another one. Help.,,2,6,2020-06-30,https://reddit.com/r/RealEstate/comments/hir84q/i_live_in_my_investment_real_estate_property_want/,,,,I live in my investment real estate property. Want to buy another one. Help.,i live in my investment real estate property. want to buy another one. help.,Investment Properties,0.7924479,True,distilbert_stage1
hipq5e,RealEstate,"Are these normal times, in terms of real state?","This is my first time buying a house so I’m not sure how the whole bidding war works. I live in MA, I’ve gone over asking price by 15-20k on three different houses so far and still lost to other people with higher offer and waived home inspection contingency. Considering I live around Boston, most of these houses are old and I don’t feel comfortable waiving the home inspection contingency. However, I’m wondering does this always happen with people going way over asking in hot markets? Or is it b",24,32,2020-06-30,https://reddit.com/r/RealEstate/comments/hipq5e/are_these_normal_times_in_terms_of_real_state/,,,,"Are these normal times, in terms of real state? This is my first time buying a house so I’m not sure how the whole bidding war works. I live in MA, I’ve gone over asking price by 15-20k on three different houses so far and still lost to other people with higher offer and waived home inspection contingency. Considering I live around Boston, most of these houses are old and I don’t feel comfortable waiving the home inspection contingency.",are these normal times in terms of real state? this is my first time buying a house so im not sure how the whole bidding war works. i live in ma ive gone over asking price by 1520k on three different houses so far and still lost to other people with higher offer and waived home inspection contingency. considering i live around boston most of these houses are old and i dont feel comfortable waiving the home inspection contingency.,Home Inspections,0.8679047,True,distilbert_stage1
hiorz0,RealEstate,Best high balance refi rate in MD,"Anyone seeing <3.25% on 80% LTV, rate/term, no closing costs in Maryland at the moment?",1,1,2020-06-30,https://reddit.com/r/RealEstate/comments/hiorz0/best_high_balance_refi_rate_in_md/,,,,"Best high balance refi rate in MD Anyone seeing <3.25% on 80% LTV, rate/term, no closing costs in Maryland at the moment?",best high balance refi rate in md anyone seeing 3.25 on 80 ltv rateterm no closing costs in maryland at the moment?,Closing costs,0.93320906,True,distilbert_stage1
hiirww,RealEstate,"When a spouse contributes to down payment, is it a gift?",,1,4,2020-06-30,https://reddit.com/r/RealEstate/comments/hiirww/when_a_spouse_contributes_to_down_payment_is_it_a/,,,,"When a spouse contributes to down payment, is it a gift?",when a spouse contributes to down payment is it a gift?,Down payment options,0.96683896,True,distilbert_stage1
i1fw9m,RealEstate,Question regarding NYC's HomeFirst Down Payment Assistance Program,"I had a question regarding NYC's HomeFirst Down Payment Assistance Program. One of the rules states that you must live at the residence for 10 years. What exactly counts as ""living"", what if you lived there for a few years and then decided to rent it out but had everything in your name? Would this disqualify you? Thanks for any help.",0,3,2020-07-31,https://reddit.com/r/RealEstate/comments/i1fw9m/question_regarding_nycs_homefirst_down_payment/,,,,"Question regarding NYC's HomeFirst Down Payment Assistance Program I had a question regarding NYC's HomeFirst Down Payment Assistance Program. One of the rules states that you must live at the residence for 10 years. What exactly counts as ""living"", what if you lived there for a few years and then decided to rent it out but had everything in your name?",question regarding nycs homefirst down payment assistance program i had a question regarding nycs homefirst down payment assistance program. one of the rules states that you must live at the residence for 10 years. what exactly counts as living what if you lived there for a few years and then decided to rent it out but had everything in your name?,Down payment options,0.7301625,True,distilbert_stage1
i1c9az,RealEstate,Can anyone actually afford buying a house these days?,"Is owning a home only for the rich nowadays? So I’ve long hated the whole idea of renting, it irritates me to throw a sizeable chunk of money away to pay someone else’s mortgage every month. I really want to buy a house in the next year or so, I recently landed my dream job as a firefighter in the greater boston area, making ( what I thought was) decent money at ~78k a year, and Will have about 50k in savings by december with a credit score of about 760, only to come to the realization that I c",0,25,2020-07-31,https://reddit.com/r/RealEstate/comments/i1c9az/can_anyone_actually_afford_buying_a_house_these/,,,,"Can anyone actually afford buying a house these days? Is owning a home only for the rich nowadays? So I’ve long hated the whole idea of renting, it irritates me to throw a sizeable chunk of money away to pay someone else’s mortgage every month. I really want to buy a house in the next year or so, I recently landed my dream job as a firefighter in the greater boston area, making ( what I thought was) decent money at ~78k a year, and Will have about 50k in savings by december with a credit score of about 760, only to come to the realization that I can’t afford a house even remotely close to work on that salary ( I’m legally obligated to live within 15 miles of the city I work in) , The low end of what will qualify for financing ( I’m eligible for a VA loan) is about 350,000, which I thought was doable, but just about every online calculator tells me otherwise.",can anyone actually afford buying a house these days? is owning a home only for the rich nowadays? so ive long hated the whole idea of renting it irritates me to throw a sizeable chunk of money away to pay someone elses mortgage every month. i really want to buy a house in the next year or so i recently landed my dream job as a firefighter in the greater boston area making what i thought was decent money at 78k a year and will have about 50k in savings by december with a credit score of about 760 only to come to the realization that i cant afford a house even remotely close to work on that salary im legally obligated to live within 15 miles of the city i work in the low end of what will qualify for financing im eligible for a va loan is about 350000 which i thought was doable but just about every online calculator tells me otherwise.,Affordability,0.7398414,True,distilbert_stage1
i19vxy,RealEstate,"First time homebuyer, looking for input on my pre-approved interest rate.",,11,17,2020-07-31,https://reddit.com/r/RealEstate/comments/i19vxy/first_time_homebuyer_looking_for_input_on_my/,,,,"First time homebuyer, looking for input on my pre-approved interest rate.",first time homebuyer looking for input on my preapproved interest rate.,Loan pre-approval,0.8682821,True,distilbert_stage1
i15oz6,RealEstate,How do I get into real estate investing?,,0,18,2020-07-31,https://reddit.com/r/RealEstate/comments/i15oz6/how_do_i_get_into_real_estate_investing/,,,,How do I get into real estate investing?,how do i get into real estate investing?,Investment Properties,0.7728841,True,distilbert_stage1
i118f6,RealEstate,Removing deceased person from deed.,I need information on how to remove a deceased stepfather from a deed that I'm on as well. He had no other family that I can find. Location is Texas. I do not need a realtor.,0,4,2020-07-31,https://reddit.com/r/RealEstate/comments/i118f6/removing_deceased_person_from_deed/,,,,Removing deceased person from deed. I need information on how to remove a deceased stepfather from a deed that I'm on as well. He had no other family that I can find. Location is Texas.,removing deceased person from deed. i need information on how to remove a deceased stepfather from a deed that im on as well. he had no other family that i can find. location is texas.,Legal Issues,0.7466365,True,distilbert_stage1
ijzsjr,RealEstate,"If I buy a house with my father, a veteran, can we get the ""no down payment"" program? If he dies before the house is paid off what happens to that arrangement?",Would my father need to change address? Would he need to live there full time? What if we're buying out of state?,7,5,2020-08-31,https://reddit.com/r/RealEstate/comments/ijzsjr/if_i_buy_a_house_with_my_father_a_veteran_can_we/,,,,"If I buy a house with my father, a veteran, can we get the ""no down payment"" program? If he dies before the house is paid off what happens to that arrangement? Would my father need to change address? Would he need to live there full time? What if we're buying out of state?",if i buy a house with my father a veteran can we get the no down payment program? if he dies before the house is paid off what happens to that arrangement? would my father need to change address? would he need to live there full time? what if were buying out of state?,Down payment options,0.8945399,True,distilbert_stage1
ijyum5,RealEstate,Mortgage and Pre-approval Questions,,1,3,2020-08-31,https://reddit.com/r/RealEstate/comments/ijyum5/mortgage_and_preapproval_questions/,,,,Mortgage and Pre-approval Questions,mortgage and preapproval questions,Loan pre-approval,0.8957401,True,distilbert_stage1
j2xdbj,RealEstate,Is this a feasible plan?,"I’m a 30 year old professional that is looking for the next step in my financial journey. I’m looking at investing in some real estate, but have a lot of questions about the timing, what order I should consider, or if this is something I should put off for a little later down the road. First a little about my financial situation: 1) My salary is about $125,000 annually. I bring home between $5400 and $6000 monthly after taxes and all of my other deductions (insurance, IRA, HSA, etc) 2) I max",2,4,2020-09-30,https://reddit.com/r/RealEstate/comments/j2xdbj/is_this_a_feasible_plan/,,,,"Is this a feasible plan? I’m a 30 year old professional that is looking for the next step in my financial journey. I’m looking at investing in some real estate, but have a lot of questions about the timing, what order I should consider, or if this is something I should put off for a little later down the road. First a little about my financial situation: 1) My salary is about $125,000 annually.",is this a feasible plan? im a 30 year old professional that is looking for the next step in my financial journey. im looking at investing in some real estate but have a lot of questions about the timing what order i should consider or if this is something i should put off for a little later down the road. first a little about my financial situation 1 my salary is about 125000 annually.,Investment Properties,0.85340697,True,distilbert_stage1
j2qhre,RealEstate,Broker paying points...,We recently received our closing disclosure from our lender and noted that discount points were added in order to achieve the rate that our mortgage broker had negotiated with us. This added a substantial amount to our cash to close total. Our broker said the points had to be added because our credit fell out of a particular pricing tier. Broker agreed to pay a portion of the added points to keep our cash needed to close around the original estimate. Is this normal? Im essentially taking mon,1,1,2020-09-30,https://reddit.com/r/RealEstate/comments/j2qhre/broker_paying_points/,,,,Broker paying points... We recently received our closing disclosure from our lender and noted that discount points were added in order to achieve the rate that our mortgage broker had negotiated with us. This added a substantial amount to our cash to close total. Our broker said the points had to be added because our credit fell out of a particular pricing tier.,broker paying points... we recently received our closing disclosure from our lender and noted that discount points were added in order to achieve the rate that our mortgage broker had negotiated with us. this added a substantial amount to our cash to close total. our broker said the points had to be added because our credit fell out of a particular pricing tier.,Closing costs,0.9189592,True,distilbert_stage1
j2puxi,RealEstate,Condo HOA Rules Help!,Ok so I have a client that put an offer in on a condo. Offer was accepted and the inspection is being done in a few days time. My client however wants to see the HOA rules prior to inspection just in case she doesn’t like something she can pull out of the deal before paying inspection. I asked the other agent for the rules but it’s a huge book that if lost costs a few hundred bucks. Is it unreasonable to ask to maybe borrow the rule book and bring it back in a few days maybe during the inspectio,1,9,2020-09-30,https://reddit.com/r/RealEstate/comments/j2puxi/condo_hoa_rules_help/,,,,Condo HOA Rules Help! Ok so I have a client that put an offer in on a condo. Offer was accepted and the inspection is being done in a few days time. My client however wants to see the HOA rules prior to inspection just in case she doesn’t like something she can pull out of the deal before paying inspection.,condo hoa rules help! ok so i have a client that put an offer in on a condo. offer was accepted and the inspection is being done in a few days time. my client however wants to see the hoa rules prior to inspection just in case she doesnt like something she can pull out of the deal before paying inspection.,HOAs,0.927855,True,distilbert_stage1
j2m2up,RealEstate,FSBO: Informal Agreement to Purchase?,"Follow-up on earlier posts: I'm working with a seller of a for sale by owner house myself since we cannot find a local agent (it's very remote). My mortgage company (I have pre-approval) has said ""We can get you in touch with our for sale by owner assist team once you have a verbal agreement to buy a house & we can also lock in a rate at that time"" and they've also said ""Write Purchase Agreement on the top of a page, describe the property and sale price, have both you and the seller sign it,",1,11,2020-09-30,https://reddit.com/r/RealEstate/comments/j2m2up/fsbo_informal_agreement_to_purchase/,,,,"FSBO: Informal Agreement to Purchase? Follow-up on earlier posts: I'm working with a seller of a for sale by owner house myself since we cannot find a local agent (it's very remote). My mortgage company (I have pre-approval) has said ""We can get you in touch with our for sale by owner assist team once you have a verbal agreement to buy a house & we can also lock in a rate at that time"" and they've also said ""Write Purchase Agreement on the top of a page, describe the property and sale price, have both you and the seller sign it, and give it to us and we can work on converting it to a final Purchase Agreement and get started."" Does this make sense at all?",fsbo informal agreement to purchase? followup on earlier posts im working with a seller of a for sale by owner house myself since we cannot find a local agent its very remote. my mortgage company i have preapproval has said we can get you in touch with our for sale by owner assist team once you have a verbal agreement to buy a house we can also lock in a rate at that time and theyve also said write purchase agreement on the top of a page describe the property and sale price have both you and the seller sign it and give it to us and we can work on converting it to a final purchase agreement and get started. does this make sense at all?,Loan pre-approval,0.92389315,True,distilbert_stage1
j2lwmy,RealEstate,"For fresh grad, when would I become qualified to start a mortgage?",I heard that I need 1-2 years of work history.,0,6,2020-09-30,https://reddit.com/r/RealEstate/comments/j2lwmy/for_fresh_grad_when_would_i_become_qualified_to/,,,,"For fresh grad, when would I become qualified to start a mortgage? I heard that I need 1-2 years of work history.",for fresh grad when would i become qualified to start a mortgage? i heard that i need 12 years of work history.,Home Financing,0.8598603,True,distilbert_stage1
j2fyxv,RealEstate,Realtor underpricing home [Can],"We are looking to sell our duplex that we have lived in for five years. The previous owner bought it new and lived there for three years, so it is eight years old. Our property tax assessment was $346,000, we originally paid $355,000 but we knew the housing market was dropping. However, our realtor provided comparable home sales from the past few months and thinks we will only get about $320,000. We are listing for $329,000. When I look at current sales, comparables are more around $334,900, and",1,5,2020-09-30,https://reddit.com/r/RealEstate/comments/j2fyxv/realtor_underpricing_home_can/,,,,"Realtor underpricing home [Can] We are looking to sell our duplex that we have lived in for five years. The previous owner bought it new and lived there for three years, so it is eight years old. Our property tax assessment was $346,000, we originally paid $355,000 but we knew the housing market was dropping.",realtor underpricing home can we are looking to sell our duplex that we have lived in for five years. the previous owner bought it new and lived there for three years so it is eight years old. our property tax assessment was 346000 we originally paid 355000 but we knew the housing market was dropping.,Property taxes,0.9092928,True,distilbert_stage1
j2cs7k,RealEstate,"""High Value"" Home Inspection. Anyone familiar with this?","Hello, home inspector here from a small province in Canada. Our market is very hot right now and house values are sky rocketing. I got a phone call from someone from outside the province looking to purchase a $1.2 million dollar home. It's roughly 5500 sq/ft, several out buildings, indoor and outdoor pools, large hot tub, theater room, two kitchens etc etc etc. It's much bigger and much more elaborate than I'm use to dealing with and the buyer wanted to know if I offered ""High Value"" real",6,1,2020-09-30,https://reddit.com/r/RealEstate/comments/j2cs7k/high_value_home_inspection_anyone_familiar_with/,,,,"""High Value"" Home Inspection. Anyone familiar with this? Hello, home inspector here from a small province in Canada. Our market is very hot right now and house values are sky rocketing. I got a phone call from someone from outside the province looking to purchase a $1.2 million dollar home.",high value home inspection. anyone familiar with this? hello home inspector here from a small province in canada. our market is very hot right now and house values are sky rocketing. i got a phone call from someone from outside the province looking to purchase a 1.2 million dollar home.,Home Inspections,0.92466366,True,distilbert_stage1
j2cl1s,RealEstate,Should I shop around for better rate,"We are locked in at 2.99 with 5% down on an offer letter mortgage and now that I’m looking around on here I’m seeing people with much better rates.. not sure if I should be looking around at lenders again or ride with the 2.99 we have.. 30 year, conventional, in Northern California",8,8,2020-09-30,https://reddit.com/r/RealEstate/comments/j2cl1s/should_i_shop_around_for_better_rate/,,,,"Should I shop around for better rate We are locked in at 2.99 with 5% down on an offer letter mortgage and now that I’m looking around on here I’m seeing people with much better rates.. not sure if I should be looking around at lenders again or ride with the 2.99 we have.. 30 year, conventional, in Northern California",should i shop around for better rate we are locked in at 2.99 with 5 down on an offer letter mortgage and now that im looking around on here im seeing people with much better rates.. not sure if i should be looking around at lenders again or ride with the 2.99 we have.. 30 year conventional in northern california,Home Financing,0.73179424,True,distilbert_stage1
j2ckoa,RealEstate,Experience with multiple pre-approval letters?,,1,2,2020-09-30,https://reddit.com/r/RealEstate/comments/j2ckoa/experience_with_multiple_preapproval_letters/,,,,Experience with multiple pre-approval letters?,experience with multiple preapproval letters?,Loan pre-approval,0.96491474,True,distilbert_stage1
jlsfjd,RealEstate,How can I be a successful real estate agent without advertising myself on social media?,"Hi, no offense to real estate agents who use their Instagram and Facebook accounts to advertise themselves, but I don't want to do that. I feel like it's unattractive and annoying, with all the forced exaggerated slimes. NO offense! Is there a way to be a real estate agent without advertising yourself like that?",0,10,2020-10-31,https://reddit.com/r/RealEstate/comments/jlsfjd/how_can_i_be_a_successful_real_estate_agent/,,,,"How can I be a successful real estate agent without advertising myself on social media? Hi, no offense to real estate agents who use their Instagram and Facebook accounts to advertise themselves, but I don't want to do that. I feel like it's unattractive and annoying, with all the forced exaggerated slimes. NO offense!",how can i be a successful real estate agent without advertising myself on social media? hi no offense to real estate agents who use their instagram and facebook accounts to advertise themselves but i dont want to do that. i feel like its unattractive and annoying with all the forced exaggerated slimes. no offense!,Real Estate Agents,0.8210788,True,distilbert_stage1
jlriuq,RealEstate,Buying my first home. Property tax confusion??!,Can you write off your property taxes? My taxes are 4K a year. Is it worth writing them off?,0,3,2020-10-31,https://reddit.com/r/RealEstate/comments/jlriuq/buying_my_first_home_property_tax_confusion/,,,,Buying my first home. Property tax confusion??! Can you write off your property taxes? My taxes are 4K a year. Is it worth writing them off?,buying my first home. property tax confusion??! can you write off your property taxes? my taxes are 4k a year. is it worth writing them off?,Property Taxes,0.88365763,True,distilbert_stage1
jlqzu9,RealEstate,What can we afford?,"Couple, average about 120k combined. What should be our price range?",1,22,2020-10-31,https://reddit.com/r/RealEstate/comments/jlqzu9/what_can_we_afford/,,,,"What can we afford? Couple, average about 120k combined. What should be our price range?",what can we afford? couple average about 120k combined. what should be our price range?,Affordability,0.8327948,True,distilbert_stage1
jlmmzy,RealEstate,Confused about downpayment for bank-owned property,"Reddit, as title states, I’m confused about amount of down-payment I’d need to put down for a bank-owned property and how that could affect my chances of getting the property. Assuming the property is 200k, and my bank has pre-approved me for a home loan with 5% down payment, does it matter if I make an offer for the property with 5% down or 10% down? Doesn’t the seller get the full amount anyway? What am I missing here? Some advice would be greatly appreciated.",1,8,2020-10-31,https://reddit.com/r/RealEstate/comments/jlmmzy/confused_about_downpayment_for_bankowned_property/,,,,"Confused about downpayment for bank-owned property Reddit, as title states, I’m confused about amount of down-payment I’d need to put down for a bank-owned property and how that could affect my chances of getting the property. Assuming the property is 200k, and my bank has pre-approved me for a home loan with 5% down payment, does it matter if I make an offer for the property with 5% down or 10% down? Doesn’t the seller get the full amount anyway?",confused about downpayment for bankowned property reddit as title states im confused about amount of downpayment id need to put down for a bankowned property and how that could affect my chances of getting the property. assuming the property is 200k and my bank has preapproved me for a home loan with 5 down payment does it matter if i make an offer for the property with 5 down or 10 down? doesnt the seller get the full amount anyway?,Down payment options,0.7018357,True,distilbert_stage1
jll0lp,RealEstate,Using invested money on down payment,,1,3,2020-10-31,https://reddit.com/r/RealEstate/comments/jll0lp/using_invested_money_on_down_payment/,,,,Using invested money on down payment,using invested money on down payment,Down payment options,0.94862795,True,distilbert_stage1
jljksi,RealEstate,Helping a friend with a down payment,I have a friend who is currently under contract to buy a new and has his current house on the market. He doesn't have the 20% to put down in cash without selling securities so I told him I would lend him the money. He is buying his new house for less than his current house will sell and his current house is probably at 50% LTV so plenty of equity in it. He was going to roll most of the equity from the sale of his current house into his new house so he will be less than 50% LTV on the new house o,1,49,2020-10-31,https://reddit.com/r/RealEstate/comments/jljksi/helping_a_friend_with_a_down_payment/,,,,Helping a friend with a down payment I have a friend who is currently under contract to buy a new and has his current house on the market. He doesn't have the 20% to put down in cash without selling securities so I told him I would lend him the money. He is buying his new house for less than his current house will sell and his current house is probably at 50% LTV so plenty of equity in it.,helping a friend with a down payment i have a friend who is currently under contract to buy a new and has his current house on the market. he doesnt have the 20 to put down in cash without selling securities so i told him i would lend him the money. he is buying his new house for less than his current house will sell and his current house is probably at 50 ltv so plenty of equity in it.,Down payment options,0.8324892,True,distilbert_stage1
jl5wgo,RealEstate,"Closing in about 40 days. Didnt shop around for mortgage rates as first was 2.75 30yr Conv no points, should I look for a better rate?",Hi all Aiming to close on new construction in about 40 days. I just locked in 2.75% 30 yr conventional with no points this afternoon (still need to sign paperwork). This is with new american finance and was the first and only company I looked at(due to low rate). My credit score is ~750. Should i still look around at this point? Tbh new american dropped the ball and the initial loan agent left the department so I had to start relatively fresh again so not exactly loyal at this point. This is,2,9,2020-10-30,https://reddit.com/r/RealEstate/comments/jl5wgo/closing_in_about_40_days_didnt_shop_around_for/,,,,"Closing in about 40 days. Didnt shop around for mortgage rates as first was 2.75 30yr Conv no points, should I look for a better rate? Hi all Aiming to close on new construction in about 40 days. I just locked in 2.75% 30 yr conventional with no points this afternoon (still need to sign paperwork). This is with new american finance and was the first and only company I looked at(due to low rate).",closing in about 40 days. didnt shop around for mortgage rates as first was 2.75 30yr conv no points should i look for a better rate? hi all aiming to close on new construction in about 40 days. i just locked in 2.75 30 yr conventional with no points this afternoon still need to sign paperwork. this is with new american finance and was the first and only company i looked atdue to low rate.,Home Financing,0.7274198,True,distilbert_stage1
jl5h2v,RealEstate,Confused about change in cash to close,"I just completed a refinance on a rental property I own and was surprised by a pretty significant increase in the cash to close at the title office compared to what I was show in the disclosures earlier this week. On Tuesday I received the closing cost disclosures showing about $3200 cash to close. At the title office the cash to close was around $3,700. The closing costs themselves were not different from the disclosure I received on Tuesday. When I asked the person at the title office why",2,2,2020-10-30,https://reddit.com/r/RealEstate/comments/jl5h2v/confused_about_change_in_cash_to_close/,,,,"Confused about change in cash to close I just completed a refinance on a rental property I own and was surprised by a pretty significant increase in the cash to close at the title office compared to what I was show in the disclosures earlier this week. On Tuesday I received the closing cost disclosures showing about $3200 cash to close. At the title office the cash to close was around $3,700.",confused about change in cash to close i just completed a refinance on a rental property i own and was surprised by a pretty significant increase in the cash to close at the title office compared to what i was show in the disclosures earlier this week. on tuesday i received the closing cost disclosures showing about 3200 cash to close. at the title office the cash to close was around 3700.,Closing costs,0.908986,True,distilbert_stage1
jl374f,RealEstate,Is it better to wait for December 31st with a lot of houses going to foreclosure?,"For those that don't know the delay for mortgage payments due to covid will force homeowners to pay the entirety of the mortgage they are due to pay over the course of the pandemic by this date. (6 months of mortgage will be due on december 31st, those who can't pay will go on foreclosure) I've been looking for a place for about 3 months now, as a first time homebuyer that needs my own place, have made 4 offers on places but constantly get outbid although we sometimes even went above listing. T",0,19,2020-10-30,https://reddit.com/r/RealEstate/comments/jl374f/is_it_better_to_wait_for_december_31st_with_a_lot/,,,,"Is it better to wait for December 31st with a lot of houses going to foreclosure? For those that don't know the delay for mortgage payments due to covid will force homeowners to pay the entirety of the mortgage they are due to pay over the course of the pandemic by this date. (6 months of mortgage will be due on december 31st, those who can't pay will go on foreclosure) I've been looking for a place for about 3 months now, as a first time homebuyer that needs my own place, have made 4 offers on places but constantly get outbid although we sometimes even went above listing. The market is crazy right now but the mortgage rate is so low it makes me nervous about waiting in case that changes.",is it better to wait for december 31st with a lot of houses going to foreclosure? for those that dont know the delay for mortgage payments due to covid will force homeowners to pay the entirety of the mortgage they are due to pay over the course of the pandemic by this date. 6 months of mortgage will be due on december 31st those who cant pay will go on foreclosure ive been looking for a place for about 3 months now as a first time homebuyer that needs my own place have made 4 offers on places but constantly get outbid although we sometimes even went above listing. the market is crazy right now but the mortgage rate is so low it makes me nervous about waiting in case that changes.,Foreclosure processes,0.78621346,True,distilbert_stage1
jl2kmk,RealEstate,Withholding on Rental Property Sale,"This is specifically for form 593 in California.. If you are selling an investment rental property and have had no ""taxable income"" on it for the duration of holding that property, would you have to enter depreciation or can it be left out in order to save on withholding?",1,4,2020-10-30,https://reddit.com/r/RealEstate/comments/jl2kmk/withholding_on_rental_property_sale/,,,,"Withholding on Rental Property Sale This is specifically for form 593 in California.. If you are selling an investment rental property and have had no ""taxable income"" on it for the duration of holding that property, would you have to enter depreciation or can it be left out in order to save on withholding?",withholding on rental property sale this is specifically for form 593 in california.. if you are selling an investment rental property and have had no taxable income on it for the duration of holding that property would you have to enter depreciation or can it be left out in order to save on withholding?,Real estate tax deductions,0.8254707,True,distilbert_stage1
jl1rlf,RealEstate,Do I have a legal recourse here - HOA Compliance Question - Texas - Crossposted from legaladvice,,1,0,2020-10-30,https://reddit.com/r/RealEstate/comments/jl1rlf/do_i_have_a_legal_recourse_here_hoa_compliance/,,,,Do I have a legal recourse here - HOA Compliance Question - Texas - Crossposted from legaladvice,do i have a legal recourse here hoa compliance question texas crossposted from legaladvice,HOAs,0.9015502,True,distilbert_stage1
k426di,RealEstate,When will seller deliver home reports/disclosures,"Hello, after getting outbid 5 times in this competitive California maker we finally got an offer accepted. We are happy but a bit nervous as we lowered the inspection contingency from 17 -> 10 days. We went into escrow on Saturday 11/28 and the inspector will be on site on 12/04. I have heard that the seller has to disclose if there is any knows issues with the house such as plumbing, HVAC etc. I am reading the contract and it states “Seller has 7 days after acceptance to deliver to buyer all re",1,2,2020-11-30,https://reddit.com/r/RealEstate/comments/k426di/when_will_seller_deliver_home_reportsdisclosures/,,,,"When will seller deliver home reports/disclosures Hello, after getting outbid 5 times in this competitive California maker we finally got an offer accepted. We are happy but a bit nervous as we lowered the inspection contingency from 17 -> 10 days. We went into escrow on Saturday 11/28 and the inspector will be on site on 12/04.",when will seller deliver home reportsdisclosures hello after getting outbid 5 times in this competitive california maker we finally got an offer accepted. we are happy but a bit nervous as we lowered the inspection contingency from 17 10 days. we went into escrow on saturday 1128 and the inspector will be on site on 1204.,Home Inspections,0.798342,True,distilbert_stage1
k3zs74,RealEstate,Converting tub to shower in 1BR/1BA condo - hurt resale?,"I keep hearing contradictions on this. Is it just a matter of preference? I live in this unit which is about 720 sq ft. I never take baths and the tub is outdated and starting to fall apart. I wanted to convert it to a nice, walk in shower with bench and glass door. My thinking is that families with kids will generally look for a larger place than a 1 bedroom. And I think younger people and those disabled, would prefer a shower for convenience. I plan to live here for at least 5 more years but",1,7,2020-11-30,https://reddit.com/r/RealEstate/comments/k3zs74/converting_tub_to_shower_in_1br1ba_condo_hurt/,,,,Converting tub to shower in 1BR/1BA condo - hurt resale? I keep hearing contradictions on this. Is it just a matter of preference? I live in this unit which is about 720 sq ft.,converting tub to shower in 1br1ba condo hurt resale? i keep hearing contradictions on this. is it just a matter of preference? i live in this unit which is about 720 sq ft.,Renovations and Upgrades,0.75852084,True,distilbert_stage1
k3wwyd,RealEstate,Question: How much money saved up a month is enough?,"I live in NC and am looking into transitioning into real estate and investments since things are looking sketchy at work due to an on going workers comp case. I have a few properties that are being rented out and some money invested from my parents 401ks after they passed. I have made a spreadsheet that I have set up to account for all my bills, property tax, income tax, ext to give me an idea of what I could potentially net at the end of the year. As it stands, I am potentially looking at be",6,7,2020-11-30,https://reddit.com/r/RealEstate/comments/k3wwyd/question_how_much_money_saved_up_a_month_is_enough/,,,,"Question: How much money saved up a month is enough? I live in NC and am looking into transitioning into real estate and investments since things are looking sketchy at work due to an on going workers comp case. I have a few properties that are being rented out and some money invested from my parents 401ks after they passed. I have made a spreadsheet that I have set up to account for all my bills, property tax, income tax, ext to give me an idea of what I could potentially net at the end of the year.",question how much money saved up a month is enough? i live in nc and am looking into transitioning into real estate and investments since things are looking sketchy at work due to an on going workers comp case. i have a few properties that are being rented out and some money invested from my parents 401ks after they passed. i have made a spreadsheet that i have set up to account for all my bills property tax income tax ext to give me an idea of what i could potentially net at the end of the year.,Property Taxes,0.8726505,True,distilbert_stage1
k3v6bs,RealEstate,First Time Buyers - home appraised for $150k above our purchase price - what do we do?,,1,4,2020-11-30,https://reddit.com/r/RealEstate/comments/k3v6bs/first_time_buyers_home_appraised_for_150k_above/,,,,First Time Buyers - home appraised for $150k above our purchase price - what do we do?,first time buyers home appraised for 150k above our purchase price what do we do?,Home appraisals,0.932564,True,distilbert_stage1
k3rzd7,RealEstate,Paying for Additional Home Inspection?,"The home inspection was done on the home we offered on a few days ago. I was present for the home inspection, but didn’t have too many questions as I am first time buyer. He reported some minor deficiencies nothing major. Now I am feeling that he didn’t do that thorough of a job. He didn’t go into the attic he just looked inside and took some photos (maybe there wasn’t space?), he didn’t go on the roof just did a visual inspection(my fault didn’t read the contract throughly). He sounded knowl",1,4,2020-11-30,https://reddit.com/r/RealEstate/comments/k3rzd7/paying_for_additional_home_inspection/,,,,"Paying for Additional Home Inspection? The home inspection was done on the home we offered on a few days ago. I was present for the home inspection, but didn’t have too many questions as I am first time buyer. He reported some minor deficiencies nothing major.",paying for additional home inspection? the home inspection was done on the home we offered on a few days ago. i was present for the home inspection but didnt have too many questions as i am first time buyer. he reported some minor deficiencies nothing major.,Home Inspections,0.8574352,True,distilbert_stage1
k3nq8w,RealEstate,Sellers and realtor scam buyers. 💸💰💸,,0,20,2020-11-30,https://reddit.com/r/RealEstate/comments/k3nq8w/sellers_and_realtor_scam_buyers/,,,,Sellers and realtor scam buyers. 💸💰💸,sellers and realtor scam buyers. ,Real estate scams and fraud prevention,0.94270325,True,distilbert_stage1
k3j8bx,RealEstate,How accurate is this mortgage calculator?,"[ Hi, first time home buyer here. I want to buy a house and am checking the mortgage calculator but on Zillow, it says 4.1k. Which one of these estimates are more accurate? Thanks.",3,9,2020-11-29,https://reddit.com/r/RealEstate/comments/k3j8bx/how_accurate_is_this_mortgage_calculator/,,,,"How accurate is this mortgage calculator? [ Hi, first time home buyer here. I want to buy a house and am checking the mortgage calculator but on Zillow, it says 4.1k. Which one of these estimates are more accurate?",how accurate is this mortgage calculator? hi first time home buyer here. i want to buy a house and am checking the mortgage calculator but on zillow it says 4.1k. which one of these estimates are more accurate?,Home Financing,0.805552,True,distilbert_stage1
ko0r1u,RealEstate,(SF Bay Area) What questions can I ask a real estate agent when interviewing to sell a house?,"I'm a first-time home seller looking to sell my house in the SF Bay Area in the next couple of months. I'm starting the process now and calling some real estate agents in my area. I'm wondering what kind of questions I can ask the agents without getting too intrusive. I don't want them to think I'm trying to squeeze free advice from them. Can I ask how much they think they can sell the house for, how much of a discount they would offer in terms of commissions, what sort of techniques or advanta",6,30,2020-12-31,https://reddit.com/r/RealEstate/comments/ko0r1u/sf_bay_area_what_questions_can_i_ask_a_real/,,,,(SF Bay Area) What questions can I ask a real estate agent when interviewing to sell a house? I'm a first-time home seller looking to sell my house in the SF Bay Area in the next couple of months. I'm starting the process now and calling some real estate agents in my area. I'm wondering what kind of questions I can ask the agents without getting too intrusive.,sf bay area what questions can i ask a real estate agent when interviewing to sell a house? im a firsttime home seller looking to sell my house in the sf bay area in the next couple of months. im starting the process now and calling some real estate agents in my area. im wondering what kind of questions i can ask the agents without getting too intrusive.,Real Estate Agents,0.7964431,True,distilbert_stage1
kns66e,RealEstate,First time home buyer - Can someone review my estimated closing costs for any concerns?,,1,16,2020-12-31,https://reddit.com/r/RealEstate/comments/kns66e/first_time_home_buyer_can_someone_review_my/,,,,First time home buyer - Can someone review my estimated closing costs for any concerns?,first time home buyer can someone review my estimated closing costs for any concerns?,Closing costs,0.9521941,True,distilbert_stage1
kni7xd,RealEstate,"My roommate/tennant's girlfriend is basically living here, but we don't have a lease. What is the best way to address this? (Virginia)",,1,0,2020-12-31,https://reddit.com/r/RealEstate/comments/kni7xd/my_roommatetennants_girlfriend_is_basically/,,,,"My roommate/tennant's girlfriend is basically living here, but we don't have a lease. What is the best way to address this? (Virginia)",my roommatetennants girlfriend is basically living here but we dont have a lease. what is the best way to address this? virginia,Renting Process,0.72180045,True,distilbert_stage1
knhrkh,RealEstate,HUD Home with $100 down payment?,Has anyone purchased a HUD home with this little of a down payment? The program is called Denver Home Ownership. The only stipulation that I know of is that it has to be owner occupied for you to use this.,4,6,2020-12-31,https://reddit.com/r/RealEstate/comments/knhrkh/hud_home_with_100_down_payment/,,,,HUD Home with $100 down payment? Has anyone purchased a HUD home with this little of a down payment? The program is called Denver Home Ownership. The only stipulation that I know of is that it has to be owner occupied for you to use this.,hud home with 100 down payment? has anyone purchased a hud home with this little of a down payment? the program is called denver home ownership. the only stipulation that i know of is that it has to be owner occupied for you to use this.,Down payment options,0.93965936,True,distilbert_stage1
knhp7x,RealEstate,Backing out before closing day,"My parents are in the process of getting a home but there have been some issues coming up with the company who builds the homes and also does the lending. The major one is that the down payment has changed. Mt parents signed for a down payment of 26k and now its 30k. Due to some other issues, is there any way of for them to back out without losing anything or how would it work? Thank you for your help!",5,6,2020-12-31,https://reddit.com/r/RealEstate/comments/knhp7x/backing_out_before_closing_day/,,,,Backing out before closing day My parents are in the process of getting a home but there have been some issues coming up with the company who builds the homes and also does the lending. The major one is that the down payment has changed. Mt parents signed for a down payment of 26k and now its 30k.,backing out before closing day my parents are in the process of getting a home but there have been some issues coming up with the company who builds the homes and also does the lending. the major one is that the down payment has changed. mt parents signed for a down payment of 26k and now its 30k.,Down payment options,0.92663175,True,distilbert_stage1
knhice,RealEstate,Is being a “professional” photographer/videographer great for real estate?,"Don’t know what flair to put for this but I’m in the middle of taking my real estate courses, and thought about it. Would being a photographer/videographer good for being a real estate agent? I’m new to this but I know I’m able to get clients that way, and can also do work when I do get property I’m pretty sure. Are there any good uses for this profession as well! If this topic or question is not allowed, so sorry! Thanks!",1,4,2020-12-31,https://reddit.com/r/RealEstate/comments/knhice/is_being_a_professional_photographervideographer/,,,,"Is being a “professional” photographer/videographer great for real estate? Don’t know what flair to put for this but I’m in the middle of taking my real estate courses, and thought about it. Would being a photographer/videographer good for being a real estate agent? I’m new to this but I know I’m able to get clients that way, and can also do work when I do get property I’m pretty sure.",is being a professional photographervideographer great for real estate? dont know what flair to put for this but im in the middle of taking my real estate courses and thought about it. would being a photographervideographer good for being a real estate agent? im new to this but i know im able to get clients that way and can also do work when i do get property im pretty sure.,Real Estate Agents,0.7202898,True,distilbert_stage1
knfn4g,RealEstate,Anyone want to take a stab at this and give worst case/best case scenario,"Investor bid for $390? **State**: Maryland **Principal owed**: $335,000 **Status**: Pre-foreclosure (forbearance until 5/31/2021) **Interest Rate:** 4.25% **Past Due Balance:** $121,462.42 **Accelerated amount due listed on foreclosure doc:** $415\~ (late fees, back interest, attorney costs) * actual payoff was requested but it won't be back until the 6th of Jan **Condition:** About $5k in repairs **HOA Lien:** $1800 ($700 of is dues, rest is fees) / monthly HOA $125 **Front Foot Pas",1,3,2020-12-31,https://reddit.com/r/RealEstate/comments/knfn4g/anyone_want_to_take_a_stab_at_this_and_give_worst/,,,,"Anyone want to take a stab at this and give worst case/best case scenario Investor bid for $390? **State**: Maryland **Principal owed**: $335,000 **Status**: Pre-foreclosure (forbearance until 5/31/2021) **Interest Rate:** 4.25% **Past Due Balance:** $121,462.42 **Accelerated amount due listed on foreclosure doc:** $415\~ (late fees, back interest, attorney costs) * actual payoff was requested but it won't be back until the 6th of Jan **Condition:** About $5k in repairs **HOA Lien:** $1800 ($700 of is dues, rest is fees) / monthly HOA $125 **Front Foot Past due:** $3700 (includes late fees) **Potential Property Value:** $390,000(pre-pandemic) -$440,000 (Nov of this year)",anyone want to take a stab at this and give worst casebest case scenario investor bid for 390? state maryland principal owed 335000 status preforeclosure forbearance until 5312021 interest rate 4.25 past due balance 121462.42 accelerated amount due listed on foreclosure doc 415 late fees back interest attorney costs actual payoff was requested but it wont be back until the 6th of jan condition about 5k in repairs hoa lien 1800 700 of is dues rest is fees monthly hoa 125 front foot past due 3700 includes late fees potential property value 390000prepandemic 440000 nov of this year,Foreclosure processes,0.8526618,True,distilbert_stage1
knbf1k,RealEstate,"Permit: ""not inspected at the time, it is considered closed""- what does this mean?","**Location:** Connecticut **House age**: 1933 I put a request in for public permit records from the town hall on a house I am in a little back and forth offer war with, because I wanted to know many things, but one thing is that the disclosure says the roof is less than 10-years-old, but it doesn't look like it from touring. **Here were two of the permit responses:** ""Roofing and Residing Permit 11/2/2004 (these were not inspected at that time, it is considered closed) Roofing and attic",1,4,2020-12-30,https://reddit.com/r/RealEstate/comments/knbf1k/permit_not_inspected_at_the_time_it_is_considered/,,,,"Permit: ""not inspected at the time, it is considered closed""- what does this mean? **Location:** Connecticut **House age**: 1933 I put a request in for public permit records from the town hall on a house I am in a little back and forth offer war with, because I wanted to know many things, but one thing is that the disclosure says the roof is less than 10-years-old, but it doesn't look like it from touring. **Here were two of the permit responses:** ""Roofing and Residing Permit 11/2/2004 (these were not inspected at that time, it is considered closed) Roofing and attic insulation Permit 4/7/17 (these were not inspected at that time, it is considered closed)"" &#x200B; **What does it mean when a permit is ""not inspected at that time, it is considered closed""?** The owner had no other permits from when she owned the house (it's clear she didn't do a whole lot of work on the house-- there isn't even laundry) except for a permit for solar insulation that she then changed her mind on.",permit not inspected at the time it is considered closed what does this mean? location connecticut house age 1933 i put a request in for public permit records from the town hall on a house i am in a little back and forth offer war with because i wanted to know many things but one thing is that the disclosure says the roof is less than 10yearsold but it doesnt look like it from touring. here were two of the permit responses roofing and residing permit 1122004 these were not inspected at that time it is considered closed roofing and attic insulation permit 4717 these were not inspected at that time it is considered closed x200b what does it mean when a permit is not inspected at that time it is considered closed? the owner had no other permits from when she owned the house its clear she didnt do a whole lot of work on the house there isnt even laundry except for a permit for solar insulation that she then changed her mind on.,Property inspections,0.901857,True,distilbert_stage1
l9o688,RealEstate,"Put in offer on a house, almost a week later","Hi all, I put in an offer on a house (280K, home listed at 279K) last Monday Jan 25th, waited until Friday to hear back that someone put in 285K and gave us a chance to counter their offer to which we did at 292500, then told they were going to continue showings throughout the weekend. Maybe I’m just impatient, but is it normal to be waiting this long? At this point I’m ready to say screw this house and keep on looking. What would you guys do?",7,19,2021-01-31,https://reddit.com/r/RealEstate/comments/l9o688/put_in_offer_on_a_house_almost_a_week_later/,,,,"Put in offer on a house, almost a week later Hi all, I put in an offer on a house (280K, home listed at 279K) last Monday Jan 25th, waited until Friday to hear back that someone put in 285K and gave us a chance to counter their offer to which we did at 292500, then told they were going to continue showings throughout the weekend. Maybe I’m just impatient, but is it normal to be waiting this long? At this point I’m ready to say screw this house and keep on looking.",put in offer on a house almost a week later hi all i put in an offer on a house 280k home listed at 279k last monday jan 25th waited until friday to hear back that someone put in 285k and gave us a chance to counter their offer to which we did at 292500 then told they were going to continue showings throughout the weekend. maybe im just impatient but is it normal to be waiting this long? at this point im ready to say screw this house and keep on looking.,Buying Process,0.7478512,True,distilbert_stage1
l9ngaa,RealEstate,How soon after starting a new job can I get a Mortgage?,"Hi, so to elaborate on the title, let me explain a bit about my situation. I'm 21, recently graduated from college, and got a job in my field making far more than I was making before. I have no debt and excellent credit (\~780). I've always known I wanted to get into real estate as soon as possible, and in my research, most people seem to say that lenders will require 2 years of work history. I've been working consistently since I was 16, but not really making enough to be approved for anything",4,3,2021-01-31,https://reddit.com/r/RealEstate/comments/l9ngaa/how_soon_after_starting_a_new_job_can_i_get_a/,,,,"How soon after starting a new job can I get a Mortgage? Hi, so to elaborate on the title, let me explain a bit about my situation. I'm 21, recently graduated from college, and got a job in my field making far more than I was making before. I have no debt and excellent credit (\~780).",how soon after starting a new job can i get a mortgage? hi so to elaborate on the title let me explain a bit about my situation. im 21 recently graduated from college and got a job in my field making far more than i was making before. i have no debt and excellent credit 780.,Home Financing,0.89226377,True,distilbert_stage1
l9lafn,RealEstate,10 payments or less left on a refinanced student loan.. will this be taken out of DTI ?,"Partner and I (late twenties) have found ourselves in a unique situation to potentially purchase a home (first home ) private sale. However, my partner has high student loan debt from law school which drives our DTI right to the threshold of 43% .. in looking at Freddie I know they may use a calculation of .5% but not sure we qualify as my knowledge here is limited. The other potential saving grace is I have a private student loan at $557 monthly (current )that will be done on 1/13/22 .. meani",1,17,2021-01-31,https://reddit.com/r/RealEstate/comments/l9lafn/10_payments_or_less_left_on_a_refinanced_student/,,,,"10 payments or less left on a refinanced student loan.. will this be taken out of DTI ? Partner and I (late twenties) have found ourselves in a unique situation to potentially purchase a home (first home ) private sale. However, my partner has high student loan debt from law school which drives our DTI right to the threshold of 43% .. in looking at Freddie I know they may use a calculation of .5% but not sure we qualify as my knowledge here is limited.",10 payments or less left on a refinanced student loan.. will this be taken out of dti ? partner and i late twenties have found ourselves in a unique situation to potentially purchase a home first home private sale. however my partner has high student loan debt from law school which drives our dti right to the threshold of 43 .. in looking at freddie i know they may use a calculation of .5 but not sure we qualify as my knowledge here is limited.,Debt-to-income ratio,0.7756569,True,distilbert_stage1
l9jcdm,RealEstate,Selling a home empty,My family is planning on moving across the country and need to sell our home. Anything worth taking we are taking. Everything else is second hand and in poor condition and I’m planning on either throwing out or donating. I was planning moving and leaving the empty house to show. However my realtor told me to stop packing because she doesn’t want to show our “hand”. I really am just looking to get rid of this house. The market like everywhere is “hot” but it’s still a tough market where we are.,3,18,2021-01-31,https://reddit.com/r/RealEstate/comments/l9jcdm/selling_a_home_empty/,,,,Selling a home empty My family is planning on moving across the country and need to sell our home. Anything worth taking we are taking. Everything else is second hand and in poor condition and I’m planning on either throwing out or donating.,selling a home empty my family is planning on moving across the country and need to sell our home. anything worth taking we are taking. everything else is second hand and in poor condition and im planning on either throwing out or donating.,Selling Process,0.745813,True,distilbert_stage1
l9e077,RealEstate,First time homebuyer with military partner,"I am a first time homebuyer debating purchasing a home or continuing to rent. I have a set income, salary grid and seniority to protect me. In addition, I have two cosigners (my parents) who allow me to qualify for roughly 1 million with our three incomes. My partner is a military member, and would be renting from me, not purchasing the home with me. My partner has six years left at our current location, there is potential to be reposted here after the six years as it's a big site/but we have",2,3,2021-01-31,https://reddit.com/r/RealEstate/comments/l9e077/first_time_homebuyer_with_military_partner/,,,,"First time homebuyer with military partner I am a first time homebuyer debating purchasing a home or continuing to rent. I have a set income, salary grid and seniority to protect me. In addition, I have two cosigners (my parents) who allow me to qualify for roughly 1 million with our three incomes.",first time homebuyer with military partner i am a first time homebuyer debating purchasing a home or continuing to rent. i have a set income salary grid and seniority to protect me. in addition i have two cosigners my parents who allow me to qualify for roughly 1 million with our three incomes.,First-time homebuyer programs,0.9258757,True,distilbert_stage1
l9dafp,RealEstate,Should I include wife’s name on lease?,"I’m getting ready to sign a lease for a new apartment. Is there any reason to include my wife’s name on the lease? Are there any considerations I should take into account? We will qualify for the lease under either of our incomes alone, so I think I it would be simpler to put it under one of our names vs. both. But maybe I’m overlooking something. One hypothetical advantage to having one name on the lease that I came up with was if we need to take a loan out in the future. Would it be better t",1,8,2021-01-31,https://reddit.com/r/RealEstate/comments/l9dafp/should_i_include_wifes_name_on_lease/,,,,Should I include wife’s name on lease? I’m getting ready to sign a lease for a new apartment. Is there any reason to include my wife’s name on the lease? Are there any considerations I should take into account?,should i include wifes name on lease? im getting ready to sign a lease for a new apartment. is there any reason to include my wifes name on the lease? are there any considerations i should take into account?,Renting Process,0.7990305,True,distilbert_stage1
l96098,RealEstate,How can I meet with real estate agents?,,1,0,2021-01-31,https://reddit.com/r/RealEstate/comments/l96098/how_can_i_meet_with_real_estate_agents/,,,,How can I meet with real estate agents?,how can i meet with real estate agents?,Real Estate Agents,0.83852243,True,distilbert_stage1
l95o71,RealEstate,Putting in a park model home or small home?,I'm 30 years old and I live in Florida. I have about $130k in savings but I only make about $40k a year. I'd buy a house but lately it has gotten to where I can't find a halfway decent house that I can afford on my salary and it's just me so I don't need anything big. Like many places inventory is low so prices are high and I just don't feel comfortable taking on $100k+ mortgage debt and spending all of my savings on the down payment with nothing left. Everyone I know seems to have gone wild an,1,4,2021-01-31,https://reddit.com/r/RealEstate/comments/l95o71/putting_in_a_park_model_home_or_small_home/,,,,Putting in a park model home or small home? I'm 30 years old and I live in Florida. I have about $130k in savings but I only make about $40k a year. I'd buy a house but lately it has gotten to where I can't find a halfway decent house that I can afford on my salary and it's just me so I don't need anything big.,putting in a park model home or small home? im 30 years old and i live in florida. i have about 130k in savings but i only make about 40k a year. id buy a house but lately it has gotten to where i cant find a halfway decent house that i can afford on my salary and its just me so i dont need anything big.,Affordability,0.7220725,True,distilbert_stage1
l91f5i,RealEstate,"A ""Virtual Tour"" DOES NOT mean putting your listing photos into a Slide Show with a Zoom Feature",,1022,107,2021-01-31,https://reddit.com/r/RealEstate/comments/l91f5i/a_virtual_tour_does_not_mean_putting_your_listing/,,,,"A ""Virtual Tour"" DOES NOT mean putting your listing photos into a Slide Show with a Zoom Feature",a virtual tour does not mean putting your listing photos into a slide show with a zoom feature,Real estate photography,0.8851308,True,distilbert_stage1
luu3be,RealEstate,Should I rent for another year or is 3% down good enough?,"Single, 31 year old male who moved back home last June because of the pandemic. Currently I am looking for a house around the 350k range. I have a great credit score and have about $20,000 for a down payment/closing costs. I've been looking the past few months but there hasn't been much out there as far as houses go. I told myself that if I don't buy one by April/May I'm going to back to renting for a year and save more money for a down payment. I found an apartment that I could rent for about $",0,7,2021-02-28,https://reddit.com/r/RealEstate/comments/luu3be/should_i_rent_for_another_year_or_is_3_down_good/,,,,"Should I rent for another year or is 3% down good enough? Single, 31 year old male who moved back home last June because of the pandemic. Currently I am looking for a house around the 350k range. I have a great credit score and have about $20,000 for a down payment/closing costs.",should i rent for another year or is 3 down good enough? single 31 year old male who moved back home last june because of the pandemic. currently i am looking for a house around the 350k range. i have a great credit score and have about 20000 for a down paymentclosing costs.,Down payment options,0.72579926,True,distilbert_stage1
lutmwn,RealEstate,New Construction Builders who did upgrades: what was your appraisal experience?,"Trying to get a gauge on others' new build experience, particularly if you had room in your budget for a fair amount of upgrades over the base model. &#x200B; * Did your appraisal come in on target or under? * Did you use the builder's lender or your own? * Were you buying in a new or maybe 1/2 done development? * Did you do an end loan or construction loan?",7,17,2021-02-28,https://reddit.com/r/RealEstate/comments/lutmwn/new_construction_builders_who_did_upgrades_what/,,,,"New Construction Builders who did upgrades: what was your appraisal experience? Trying to get a gauge on others' new build experience, particularly if you had room in your budget for a fair amount of upgrades over the base model. &#x200B; * Did your appraisal come in on target or under? * Did you use the builder's lender or your own?",new construction builders who did upgrades what was your appraisal experience? trying to get a gauge on others new build experience particularly if you had room in your budget for a fair amount of upgrades over the base model. x200b did your appraisal come in on target or under? did you use the builders lender or your own?,Home appraisals,0.8931313,True,distilbert_stage1
lutdug,RealEstate,VA Gift Question,"Scenario: Pre-approved for a VA Loan for the amount desired. Immediate family member is my agent. Was told by lender that deposits less than 4% of loan do not need any letter or explanation/gift letter/documentation. Same immediate family member gave me deposit that was under the 4%. Application sent to underwriting. Underwriter added a condition that a gift letter is needed. This just came through, so have not talked to my lender directly, but read VA guidelines that large deposit or gift mus",0,2,2021-02-28,https://reddit.com/r/RealEstate/comments/lutdug/va_gift_question/,,,,VA Gift Question Scenario: Pre-approved for a VA Loan for the amount desired. Immediate family member is my agent. Was told by lender that deposits less than 4% of loan do not need any letter or explanation/gift letter/documentation.,va gift question scenario preapproved for a va loan for the amount desired. immediate family member is my agent. was told by lender that deposits less than 4 of loan do not need any letter or explanationgift letterdocumentation.,Loan pre-approval,0.8882603,True,distilbert_stage1
luszjd,RealEstate,Quick question on a re-fi (USA - GA),"If I were to re-fi my home, what kind of closing costs would I be looking at? Currently owe ~$50k on a 30-year @ 3.5%, bought the house in Dec 2012. I'm running some numbers on some options to see how beneficial it would be to re-fi my loan at different rates nd terms, or to cash-out re-fi and use the equity as a down payment for another home and turn this one into a rental. Basically, I'm just looking for what I should be expecting for fees & closing costs for a re-fi, so I can put that into",1,5,2021-02-28,https://reddit.com/r/RealEstate/comments/luszjd/quick_question_on_a_refi_usa_ga/,,,,"Quick question on a re-fi (USA - GA) If I were to re-fi my home, what kind of closing costs would I be looking at? Currently owe ~$50k on a 30-year @ 3.5%, bought the house in Dec 2012. I'm running some numbers on some options to see how beneficial it would be to re-fi my loan at different rates nd terms, or to cash-out re-fi and use the equity as a down payment for another home and turn this one into a rental.",quick question on a refi usa ga if i were to refi my home what kind of closing costs would i be looking at? currently owe 50k on a 30year 3.5 bought the house in dec 2012. im running some numbers on some options to see how beneficial it would be to refi my loan at different rates nd terms or to cashout refi and use the equity as a down payment for another home and turn this one into a rental.,Down payment options,0.73007274,True,distilbert_stage1
luqtqy,RealEstate,Which is the best company for homeowners insurance? At what point during home buying process do you purchase homeowners insurance?,"Can anyone recommend one homeowners insurance company over another? e.g. USAA, State farm, Progressive, etc. Any companies to avoid? Also at what point would you purchase the homeowners insurance? When do you want your policy start date to be? Immediately after the seller accepts your offer? Or would you want your policy start after the inspection and appraisal were successful? Since if your home failed inspection and you backed out of the sale, there would be no need to purchase homeowners in",3,14,2021-02-28,https://reddit.com/r/RealEstate/comments/luqtqy/which_is_the_best_company_for_homeowners/,,,,"Which is the best company for homeowners insurance? At what point during home buying process do you purchase homeowners insurance? Can anyone recommend one homeowners insurance company over another? e.g. USAA, State farm, Progressive, etc.",which is the best company for homeowners insurance? at what point during home buying process do you purchase homeowners insurance? can anyone recommend one homeowners insurance company over another? e.g. usaa state farm progressive etc.,Home insurance,0.8867859,True,distilbert_stage1
lupnlm,RealEstate,Will I have to worry about bidding wars on a new property??,"Hello, everyone. Thank you in advance for taking the time to read this. I'm new to buying a home so I really don't know what to expect. I found a home that I am in love with, and it will be built in a new community. The homebuilders plan on releasing the plots of land hopefully in the next few months. It's my understanding that I need to act quickly once they open up the plots of land to ensure that I can get the home I want to be built. I have a friend who keeps telling me to be careful of bi",13,24,2021-02-28,https://reddit.com/r/RealEstate/comments/lupnlm/will_i_have_to_worry_about_bidding_wars_on_a_new/,,,,"Will I have to worry about bidding wars on a new property?? Hello, everyone. Thank you in advance for taking the time to read this. I'm new to buying a home so I really don't know what to expect.",will i have to worry about bidding wars on a new property?? hello everyone. thank you in advance for taking the time to read this. im new to buying a home so i really dont know what to expect.,Buying Process,0.7907873,True,distilbert_stage1
lui7aw,RealEstate,Home inspections. Tell me what I need to know!,"Tuesday, we have our contracted house inspected. Wednesday, our current house goes on the market and will have to go through an inspection. I've read a bunch of articles but in reality, how in depth do inspections get? For example, the little flaps in my outside dryer vent cap are cracked up and pieces are missing. Will that be listed? I just have a screen insert and no stopper on the lower level bath sink (how DO kids lose a sink stopper??) Will that be tagged? Is it worth it to go throu",5,5,2021-02-28,https://reddit.com/r/RealEstate/comments/lui7aw/home_inspections_tell_me_what_i_need_to_know/,,,,"Home inspections. Tell me what I need to know! Tuesday, we have our contracted house inspected. Wednesday, our current house goes on the market and will have to go through an inspection. I've read a bunch of articles but in reality, how in depth do inspections get?",home inspections. tell me what i need to know! tuesday we have our contracted house inspected. wednesday our current house goes on the market and will have to go through an inspection. ive read a bunch of articles but in reality how in depth do inspections get?,Home Inspections,0.9379773,True,distilbert_stage1
luaoe5,RealEstate,Higher hoa/lower property tax or lower hoa/high property tax,,2,9,2021-02-28,https://reddit.com/r/RealEstate/comments/luaoe5/higher_hoalower_property_tax_or_lower_hoahigh/,,,,Higher hoa/lower property tax or lower hoa/high property tax,higher hoalower property tax or lower hoahigh property tax,Property taxes,0.92778337,True,distilbert_stage1
lu7e6v,RealEstate,Bad Roof Inspection,"Hey guys, I’m a first time homebuyer and I was lucky enough to get an offer accepted and I was super excited about it until we got the roof inspection report back. Now I did not waive the inspection contingency and after the roofing company did their inspection they determined that the roof had been improperly installed and needed to be completely replaced. I’m wondering how I should proceed in negotiations because obviously I’m not going to pay what I offered when I need to get a whole new ro",2,9,2021-02-28,https://reddit.com/r/RealEstate/comments/lu7e6v/bad_roof_inspection/,,,,"Bad Roof Inspection Hey guys, I’m a first time homebuyer and I was lucky enough to get an offer accepted and I was super excited about it until we got the roof inspection report back. Now I did not waive the inspection contingency and after the roofing company did their inspection they determined that the roof had been improperly installed and needed to be completely replaced. I’m wondering how I should proceed in negotiations because obviously I’m not going to pay what I offered when I need to get a whole new roof.",bad roof inspection hey guys im a first time homebuyer and i was lucky enough to get an offer accepted and i was super excited about it until we got the roof inspection report back. now i did not waive the inspection contingency and after the roofing company did their inspection they determined that the roof had been improperly installed and needed to be completely replaced. im wondering how i should proceed in negotiations because obviously im not going to pay what i offered when i need to get a whole new roof.,Home Inspections,0.90087485,True,distilbert_stage1
lu7bbw,RealEstate,Where to get true mortgage rate to compare against offers frombrokers?,,5,16,2021-02-28,https://reddit.com/r/RealEstate/comments/lu7bbw/where_to_get_true_mortgage_rate_to_compare/,,,,Where to get true mortgage rate to compare against offers frombrokers?,where to get true mortgage rate to compare against offers frombrokers?,Mortgage rates and trends,0.8852833,True,distilbert_stage1
lu31xg,RealEstate,Appraisals with lenders,"I have recently been Preapproved for a mortgage and have some questions refuseding how the apprasial factors into buying. Let's say I find a house for 250k, get an offer accepted for 240k and submit to my lender. Part of the process will be the house getting a proper appraisal. How close does the property have to be to the proper appraisal value? If it appraises at 220k, or 200k would that likely shut the whole deal down? Does it have to be within a certain percentage of the loan amount or ho",1,12,2021-02-28,https://reddit.com/r/RealEstate/comments/lu31xg/appraisals_with_lenders/,,,,"Appraisals with lenders I have recently been Preapproved for a mortgage and have some questions refuseding how the apprasial factors into buying. Let's say I find a house for 250k, get an offer accepted for 240k and submit to my lender. Part of the process will be the house getting a proper appraisal.",appraisals with lenders i have recently been preapproved for a mortgage and have some questions refuseding how the apprasial factors into buying. lets say i find a house for 250k get an offer accepted for 240k and submit to my lender. part of the process will be the house getting a proper appraisal.,Loan pre-approval,0.7274876,True,distilbert_stage1
lu1isf,RealEstate,Buyer certified letter vs underwritten pre-approval?,I made an offer on a house and lost because they said the other buyer had underwritten pre-approval. I asked my lender and they said they could send me a buyer certified letter. Is that as strong as having underwritten pre- approval? They seemed hesitant on giving my underwritten until I have an offer accepted.,2,6,2021-02-28,https://reddit.com/r/RealEstate/comments/lu1isf/buyer_certified_letter_vs_underwritten_preapproval/,,,,Buyer certified letter vs underwritten pre-approval? I made an offer on a house and lost because they said the other buyer had underwritten pre-approval. I asked my lender and they said they could send me a buyer certified letter. Is that as strong as having underwritten pre- approval?,buyer certified letter vs underwritten preapproval? i made an offer on a house and lost because they said the other buyer had underwritten preapproval. i asked my lender and they said they could send me a buyer certified letter. is that as strong as having underwritten pre approval?,Loan pre-approval,0.89637196,True,distilbert_stage1
mhhxz5,RealEstate,Should i go for it?,"I’ve been thinking about whether or not i should be a real estate agent, since it takes a lot of commitment and hard work. I just wouldn’t know where to start and how to work my way up. I believe in myself but i would like to know if i would still get time for family, having children and what not. Does being an agent take your life away?",3,5,2021-03-31,https://reddit.com/r/RealEstate/comments/mhhxz5/should_i_go_for_it/,,,,"Should i go for it? I’ve been thinking about whether or not i should be a real estate agent, since it takes a lot of commitment and hard work. I just wouldn’t know where to start and how to work my way up. I believe in myself but i would like to know if i would still get time for family, having children and what not.",should i go for it? ive been thinking about whether or not i should be a real estate agent since it takes a lot of commitment and hard work. i just wouldnt know where to start and how to work my way up. i believe in myself but i would like to know if i would still get time for family having children and what not.,Real Estate Agents,0.88595945,True,distilbert_stage1
mhh224,RealEstate,Seller Didn't Disclose Insurance Claim in Disclosure,"We are under contract to buy a house. While shopping for home insurance, our insurance broker told us that an insurance claim was made against the house for water damage a couple years ago and he needed to know what it was for. This was a surprise to me as the seller had stated in the disclosure that they had filed no insurance claims. The line specifically in the disclosure is: Have you ever had an insurance claim(s) against your Homeowner’s Insurance Policy? The seller had responded ""No"" t",19,12,2021-03-31,https://reddit.com/r/RealEstate/comments/mhh224/seller_didnt_disclose_insurance_claim_in/,,,,"Seller Didn't Disclose Insurance Claim in Disclosure We are under contract to buy a house. While shopping for home insurance, our insurance broker told us that an insurance claim was made against the house for water damage a couple years ago and he needed to know what it was for. This was a surprise to me as the seller had stated in the disclosure that they had filed no insurance claims.",seller didnt disclose insurance claim in disclosure we are under contract to buy a house. while shopping for home insurance our insurance broker told us that an insurance claim was made against the house for water damage a couple years ago and he needed to know what it was for. this was a surprise to me as the seller had stated in the disclosure that they had filed no insurance claims.,Home insurance,0.7839714,True,distilbert_stage1
mhgtj4,RealEstate,"Signed a 6 month lease and paid first months rent + Security Deposit but changed my mind, what to do?",Hi! I signed a 6 month lease and paid the first months rent and security deposit but now I can no longer take the apartment because I am moving to another city for a new job offer that came after I signed my lease. I'm not sure if this means I will be losing all of my money? Should I at least ask for my first months rent back? How should I go about this?,1,1,2021-03-31,https://reddit.com/r/RealEstate/comments/mhgtj4/signed_a_6_month_lease_and_paid_first_months_rent/,,,,"Signed a 6 month lease and paid first months rent + Security Deposit but changed my mind, what to do? Hi! I signed a 6 month lease and paid the first months rent and security deposit but now I can no longer take the apartment because I am moving to another city for a new job offer that came after I signed my lease. I'm not sure if this means I will be losing all of my money?",signed a 6 month lease and paid first months rent security deposit but changed my mind what to do? hi! i signed a 6 month lease and paid the first months rent and security deposit but now i can no longer take the apartment because i am moving to another city for a new job offer that came after i signed my lease. im not sure if this means i will be losing all of my money?,Renting Process,0.7028787,True,distilbert_stage1
mhgpix,RealEstate,Do I not pay my rent in CA?,"I have 3 months of rent left on my lease ending in July totaling to about $1500. I have student loans to pay of $3000. I'm graduating but no job lined up. I have close to that right now. If I do, I won't get my deposit back which is half of the total rent left. If I don't pay, will they send the debt to collections even before the eviction moratorium ends? What are other possible implications? Should I not pay my rent?",0,10,2021-03-31,https://reddit.com/r/RealEstate/comments/mhgpix/do_i_not_pay_my_rent_in_ca/,,,,Do I not pay my rent in CA? I have 3 months of rent left on my lease ending in July totaling to about $1500. I have student loans to pay of $3000. I'm graduating but no job lined up.,do i not pay my rent in ca? i have 3 months of rent left on my lease ending in july totaling to about 1500. i have student loans to pay of 3000. im graduating but no job lined up.,Renting Process,0.7579639,True,distilbert_stage1
mhdq7a,RealEstate,Buying from wholesaler,"I recently put in an offer on a house (~49k) that was first listed as a Bank REO property and then relisted after a wholesaler bought it. The house needs 30-40k worth of work needed to complete flip it and the comparables are selling for ~120k. My family has flipped houses in the past, so this isn't totally unfamiliar territory. However, we've never dealt with a wholesaler. Long story short, there's mold damage in the attached garage and mold damage under 2 out for the 3 sinks. Additional, the",1,2,2021-03-31,https://reddit.com/r/RealEstate/comments/mhdq7a/buying_from_wholesaler/,,,,"Buying from wholesaler I recently put in an offer on a house (~49k) that was first listed as a Bank REO property and then relisted after a wholesaler bought it. The house needs 30-40k worth of work needed to complete flip it and the comparables are selling for ~120k. My family has flipped houses in the past, so this isn't totally unfamiliar territory.",buying from wholesaler i recently put in an offer on a house 49k that was first listed as a bank reo property and then relisted after a wholesaler bought it. the house needs 3040k worth of work needed to complete flip it and the comparables are selling for 120k. my family has flipped houses in the past so this isnt totally unfamiliar territory.,Real estate flipping,0.9719144,True,distilbert_stage1
mhdnsp,RealEstate,Moving out of state and buying a home,Hello all! My wife and I are planning to move to Texas and we are currently in Arizona. We have family there and love the state. I am now 100% remote working and I have the flexibility to work from wherever now. Will this be an issue for buying a house in Texas? I don’t have any transfer papers from work since I’m not technically transferring. I just don’t know if proving occupancy will be an issue. First time moving to another state. Any help would be appreciated!!,0,5,2021-03-31,https://reddit.com/r/RealEstate/comments/mhdnsp/moving_out_of_state_and_buying_a_home/,,,,Moving out of state and buying a home Hello all! My wife and I are planning to move to Texas and we are currently in Arizona. We have family there and love the state.,moving out of state and buying a home hello all! my wife and i are planning to move to texas and we are currently in arizona. we have family there and love the state.,Relocation Services,0.8663587,True,distilbert_stage1
mhdhsb,RealEstate,Is PMI worth the cost?,"Essentially PMI for me is 84/month and over the course of 6 years this equates to around 6k, loan cost due to this is about 3800 total. This equates out to a total of 9800 but I'm getting around 5000 in credits so this is a total of 4800 which if I do the math comes out to 67 bucks a month to not pay 10% (70k) of the loan upfront. If I increase down payment by 70k, I can get rid of 9800 completely and get the 5k towards closing costs and save around 4800/ year in mortgage costs. Any thoughts",4,9,2021-03-31,https://reddit.com/r/RealEstate/comments/mhdhsb/is_pmi_worth_the_cost/,,,,"Is PMI worth the cost? Essentially PMI for me is 84/month and over the course of 6 years this equates to around 6k, loan cost due to this is about 3800 total. This equates out to a total of 9800 but I'm getting around 5000 in credits so this is a total of 4800 which if I do the math comes out to 67 bucks a month to not pay 10% (70k) of the loan upfront. If I increase down payment by 70k, I can get rid of 9800 completely and get the 5k towards closing costs and save around 4800/ year in mortgage costs.",is pmi worth the cost? essentially pmi for me is 84month and over the course of 6 years this equates to around 6k loan cost due to this is about 3800 total. this equates out to a total of 9800 but im getting around 5000 in credits so this is a total of 4800 which if i do the math comes out to 67 bucks a month to not pay 10 70k of the loan upfront. if i increase down payment by 70k i can get rid of 9800 completely and get the 5k towards closing costs and save around 4800 year in mortgage costs.,Down payment options,0.92602164,True,distilbert_stage1
mhd5wg,RealEstate,Wells Fargo as a lender,"I was told that some sellers/seller agents will not entertain an offer because the lender is Wells Fargo. Is this true? My spouse is an employee so we get 0.125% reduction on current rates and $1,000 credit towards closing costs. Do the discounts outweigh potentially being declined? Thank you!",2,12,2021-03-31,https://reddit.com/r/RealEstate/comments/mhd5wg/wells_fargo_as_a_lender/,,,,"Wells Fargo as a lender I was told that some sellers/seller agents will not entertain an offer because the lender is Wells Fargo. Is this true? My spouse is an employee so we get 0.125% reduction on current rates and $1,000 credit towards closing costs.",wells fargo as a lender i was told that some sellersseller agents will not entertain an offer because the lender is wells fargo. is this true? my spouse is an employee so we get 0.125 reduction on current rates and 1000 credit towards closing costs.,Closing costs,0.8324744,True,distilbert_stage1
mhbuqk,RealEstate,"The so-called ""impending foreclosure wave""","Someone help me understand this: I've seen lots of people talk about the forbearance period ending, which will generate a ton of inventory because of a huge backlog in foreclosures. But in this hot market, and with demand so great, I'm assuming most of these properties ""in danger of foreclosure"" are not actually underwater, right? Prices have gone up such that the homes are probably worth more now than the owners bought them for. So my question is: will these homes even foreclose? Or will the d",281,270,2021-03-31,https://reddit.com/r/RealEstate/comments/mhbuqk/the_socalled_impending_foreclosure_wave/,,,,"The so-called ""impending foreclosure wave"" Someone help me understand this: I've seen lots of people talk about the forbearance period ending, which will generate a ton of inventory because of a huge backlog in foreclosures. But in this hot market, and with demand so great, I'm assuming most of these properties ""in danger of foreclosure"" are not actually underwater, right? Prices have gone up such that the homes are probably worth more now than the owners bought them for.",the socalled impending foreclosure wave someone help me understand this ive seen lots of people talk about the forbearance period ending which will generate a ton of inventory because of a huge backlog in foreclosures. but in this hot market and with demand so great im assuming most of these properties in danger of foreclosure are not actually underwater right? prices have gone up such that the homes are probably worth more now than the owners bought them for.,Foreclosures,0.7606825,True,distilbert_stage1
mh9vcj,RealEstate,"3.5m Mortgage delinquencies (3.2m of which are seriously delinquent). If only half go into foreclosure or sell before foreclosure, that's 1.75m homes added to inventory of homes (Dec 2020 inventory was 1,070,000). Surely we'll see a correction after the eviction moratorium ends?",,77,115,2021-03-31,https://reddit.com/r/RealEstate/comments/mh9vcj/35m_mortgage_delinquencies_32m_of_which_are/,,,,"3.5m Mortgage delinquencies (3.2m of which are seriously delinquent). If only half go into foreclosure or sell before foreclosure, that's 1.75m homes added to inventory of homes (Dec 2020 inventory was 1,070,000). Surely we'll see a correction after the eviction moratorium ends?",3.5m mortgage delinquencies 3.2m of which are seriously delinquent. if only half go into foreclosure or sell before foreclosure thats 1.75m homes added to inventory of homes dec 2020 inventory was 1070000. surely well see a correction after the eviction moratorium ends?,Foreclosure processes,0.74209124,True,distilbert_stage1
mh83t7,RealEstate,Mortgage Financing,"Buying a house. Just got my disclosure from the lender. Are these numbers considered bad, average or good? $189k purchase price. 2.75% interest rate. 3.271% APR and 47.188% TIP. $0 down and getting $200 back at closing. USDA loan. Also $55.71 monthly mortgage insurance",2,7,2021-03-31,https://reddit.com/r/RealEstate/comments/mh83t7/mortgage_financing/,,,,"Mortgage Financing Buying a house. Just got my disclosure from the lender. Are these numbers considered bad, average or good?",mortgage financing buying a house. just got my disclosure from the lender. are these numbers considered bad average or good?,Home Financing,0.70420533,True,distilbert_stage1
mh7tt2,RealEstate,New Construction Appraised $50k low based on listing change?,"We just got our appraisal back and the sq footage of the house dropped 10% from 2000 to 1800. Based on the appraisal report, this has a big impact on the appraised price. The MLS listing online actually is updated now with 1800. We saved the OG listing with the 2000 sq ft. Some of the comps they used were houses OUR builder sold in the last 6mo - the houses are nearly identical and in neighboring town only 5miles away. One sold in sept one sold in jan. The sept one sold for 375, and the Jan on",3,18,2021-03-31,https://reddit.com/r/RealEstate/comments/mh7tt2/new_construction_appraised_50k_low_based_on/,,,,"New Construction Appraised $50k low based on listing change? We just got our appraisal back and the sq footage of the house dropped 10% from 2000 to 1800. Based on the appraisal report, this has a big impact on the appraised price. The MLS listing online actually is updated now with 1800.",new construction appraised 50k low based on listing change? we just got our appraisal back and the sq footage of the house dropped 10 from 2000 to 1800. based on the appraisal report this has a big impact on the appraised price. the mls listing online actually is updated now with 1800.,Home appraisals,0.91829103,True,distilbert_stage1
mh5o1i,RealEstate,Foreclosure Moratorium Exceptions?,"Are there any exceptions to the current foreclosure moratorium implemented because of Covid? Fraud perhaps? Or do even people who got their loans through less-than-ideal paperwork get to stay in them for a while until this moratorium is lifted? Or what about if the owner is deceased, and no one else lives with them? There wouldn’t be anybody to “kick out of their home” so what good would it do to wait to settle any mortgages in default?",1,2,2021-03-31,https://reddit.com/r/RealEstate/comments/mh5o1i/foreclosure_moratorium_exceptions/,,,,Foreclosure Moratorium Exceptions? Are there any exceptions to the current foreclosure moratorium implemented because of Covid? Fraud perhaps? Or do even people who got their loans through less-than-ideal paperwork get to stay in them for a while until this moratorium is lifted?,foreclosure moratorium exceptions? are there any exceptions to the current foreclosure moratorium implemented because of covid? fraud perhaps? or do even people who got their loans through lessthanideal paperwork get to stay in them for a while until this moratorium is lifted?,Foreclosure processes,0.8972151,True,distilbert_stage1
mh167h,RealEstate,Would I be able to qualify for a mortgage loan? Fresh engineering grad,"Hi everyone! I am graduating in May with my degree, and I am starting full-time professional employment in mid April (around 65k). I have interned at the same company for the past year and a half (paid). I recently moved out of my parent's house (this past November). I have a 750 credit score. I don't have any debts (school or credit cards). I'm entitled to a good inheritance if I \*BUY\* real estate. This inheritance is between 150k to 200k. I want to use it as a down payment (20% or more...)",3,34,2021-03-31,https://reddit.com/r/RealEstate/comments/mh167h/would_i_be_able_to_qualify_for_a_mortgage_loan/,,,,"Would I be able to qualify for a mortgage loan? Fresh engineering grad Hi everyone! I am graduating in May with my degree, and I am starting full-time professional employment in mid April (around 65k). I have interned at the same company for the past year and a half (paid).",would i be able to qualify for a mortgage loan? fresh engineering grad hi everyone! i am graduating in may with my degree and i am starting fulltime professional employment in mid april around 65k. i have interned at the same company for the past year and a half paid.,Home Financing,0.7578159,True,distilbert_stage1
mh152r,RealEstate,FTHB: Thoughts on what should I do about these Inspection items,,1,0,2021-03-31,https://reddit.com/r/RealEstate/comments/mh152r/fthb_thoughts_on_what_should_i_do_about_these/,,,,FTHB: Thoughts on what should I do about these Inspection items,fthb thoughts on what should i do about these inspection items,Home Inspections,0.8168676,True,distilbert_stage1
mgzu7o,RealEstate,Property Tax Appreciation (Homestead),Let’s say in 2016 John buys a house for $300K and pays annual tax of $10K a year. He filed homestead at purchase and in 2020 taxes increased and he now pays 12k a year. Homes in Johns neighborhood increases and Johns house is now worth 1 million. Now Peter goes to Johns neighborhood and purchases a house similar in size and value to John’s house for 1 million. How much will Peter pay in taxes? Will he pay close to what Peter pays or he ll pay taxes on the current price of 1 million? If 1 mi,0,10,2021-03-31,https://reddit.com/r/RealEstate/comments/mgzu7o/property_tax_appreciation_homestead/,,,,Property Tax Appreciation (Homestead) Let’s say in 2016 John buys a house for $300K and pays annual tax of $10K a year. He filed homestead at purchase and in 2020 taxes increased and he now pays 12k a year. Homes in Johns neighborhood increases and Johns house is now worth 1 million.,property tax appreciation homestead lets say in 2016 john buys a house for 300k and pays annual tax of 10k a year. he filed homestead at purchase and in 2020 taxes increased and he now pays 12k a year. homes in johns neighborhood increases and johns house is now worth 1 million.,Property taxes,0.87175715,True,distilbert_stage1
n241d3,RealEstate,Mortgage Question - am I thinking about this right?,,1,0,2021-04-30,https://reddit.com/r/RealEstate/comments/n241d3/mortgage_question_am_i_thinking_about_this_right/,,,,Mortgage Question - am I thinking about this right?,mortgage question am i thinking about this right?,Home Financing,0.7040698,True,distilbert_stage1
n23u16,RealEstate,Mortgage Question - Am I thinking about this right?,,1,0,2021-04-30,https://reddit.com/r/RealEstate/comments/n23u16/mortgage_question_am_i_thinking_about_this_right/,,,,Mortgage Question - Am I thinking about this right?,mortgage question am i thinking about this right?,Home Financing,0.7040698,True,distilbert_stage1
n23q4r,RealEstate,How much advantage does a cash offer have vs a large down payment?,"I understand that sellers usually prefer all cash because they don't have to worry about the financing falling apart due to appraisal. So a $580k cash offer might be more appealing than $600k with 5% down. What about cases where the down payment is large enough that appraisal won't impact the deal. E.g., $600k with 50% down vs $580k cash. Is the cash offer likely to still be seen as preferable?",5,13,2021-04-30,https://reddit.com/r/RealEstate/comments/n23q4r/how_much_advantage_does_a_cash_offer_have_vs_a/,,,,How much advantage does a cash offer have vs a large down payment? I understand that sellers usually prefer all cash because they don't have to worry about the financing falling apart due to appraisal. So a $580k cash offer might be more appealing than $600k with 5% down. What about cases where the down payment is large enough that appraisal won't impact the deal.,how much advantage does a cash offer have vs a large down payment? i understand that sellers usually prefer all cash because they dont have to worry about the financing falling apart due to appraisal. so a 580k cash offer might be more appealing than 600k with 5 down. what about cases where the down payment is large enough that appraisal wont impact the deal.,Down payment options,0.94320744,True,distilbert_stage1
n21x2y,RealEstate,"Buying a condo in NYC, fully renovated without permits","The seller has accepted our offer. We are conducting a home inspection next week. The unit was fully renovated recently and looks very nice. It was a fixer upper. The building is from the sixties. But our search on the DOB suggests that there is no permit on this unit. We wished that there were permits. We would have skipped the home inspection then. But we got very concerned not seeing any permits. So, we wanted to prepare ourselves so that we can ask the right questions during the home insp",2,6,2021-04-30,https://reddit.com/r/RealEstate/comments/n21x2y/buying_a_condo_in_nyc_fully_renovated_without/,,,,"Buying a condo in NYC, fully renovated without permits The seller has accepted our offer. We are conducting a home inspection next week. The unit was fully renovated recently and looks very nice.",buying a condo in nyc fully renovated without permits the seller has accepted our offer. we are conducting a home inspection next week. the unit was fully renovated recently and looks very nice.,Home Inspections,0.841634,True,distilbert_stage1
n21vmr,RealEstate,Has anyone noticed an increase in the number of homes listed with major inspection concerns?,"I have seen multiple houses this year come through with a lot of undisclosed inspection issues. (The worst one I’ve seen was a 4,000 sqft two story house that turned out to be built on 6 repurposed trailer frames, when it should have only been a 1,900 sqft house according to county permits.) At the same time I’ve had several buyers lose out to offers waiving inspections due to the crazy market. Could sellers be waiting for markets like this to offload problem properties with the hopes of getting",42,15,2021-04-30,https://reddit.com/r/RealEstate/comments/n21vmr/has_anyone_noticed_an_increase_in_the_number_of/,,,,"Has anyone noticed an increase in the number of homes listed with major inspection concerns? I have seen multiple houses this year come through with a lot of undisclosed inspection issues. (The worst one I’ve seen was a 4,000 sqft two story house that turned out to be built on 6 repurposed trailer frames, when it should have only been a 1,900 sqft house according to county permits.) At the same time I’ve had several buyers lose out to offers waiving inspections due to the crazy market. Could sellers be waiting for markets like this to offload problem properties with the hopes of getting an offer with waived inspection?",has anyone noticed an increase in the number of homes listed with major inspection concerns? i have seen multiple houses this year come through with a lot of undisclosed inspection issues. the worst one ive seen was a 4000 sqft two story house that turned out to be built on 6 repurposed trailer frames when it should have only been a 1900 sqft house according to county permits. at the same time ive had several buyers lose out to offers waiving inspections due to the crazy market. could sellers be waiting for markets like this to offload problem properties with the hopes of getting an offer with waived inspection?,Property inspections,0.80958766,True,distilbert_stage1
n1z04m,RealEstate,HOA/Golf Communities Central Florida,"I've read plenty of horror stories about HOAs, HOA board members acting oddly, etc. Am planning a move to Central Florida - Lakeland area - and am considering golf communities that, obviously, will have an HOA or something similar. I know there's more than enough golf in the area to accommodate my interest without living in a community with a course, but there's an attraction to having the course basically in your backyard. Having never lived in an area with more than some basic restrictive co",1,13,2021-04-30,https://reddit.com/r/RealEstate/comments/n1z04m/hoagolf_communities_central_florida/,,,,"HOA/Golf Communities Central Florida I've read plenty of horror stories about HOAs, HOA board members acting oddly, etc. Am planning a move to Central Florida - Lakeland area - and am considering golf communities that, obviously, will have an HOA or something similar. I know there's more than enough golf in the area to accommodate my interest without living in a community with a course, but there's an attraction to having the course basically in your backyard.",hoagolf communities central florida ive read plenty of horror stories about hoas hoa board members acting oddly etc. am planning a move to central florida lakeland area and am considering golf communities that obviously will have an hoa or something similar. i know theres more than enough golf in the area to accommodate my interest without living in a community with a course but theres an attraction to having the course basically in your backyard.,HOAs,0.81918615,True,distilbert_stage1
n1uj2j,RealEstate,Why are there no new houses without HOA?,"I lived in Colorado where all new developments have an HOA. I thought maybe that was regional. I moved to the East Coast and all new neighborhoods have HOAs as well. I'm not really trying to argue why HOAs are good or bad. But I would like to live in a newer house without covenants and I absolutely find no options in the market. I understand some people like HOAs but there are those who don't. However, I don't see any new developments without them. I'm genuinely curious on why that is the case.",50,58,2021-04-30,https://reddit.com/r/RealEstate/comments/n1uj2j/why_are_there_no_new_houses_without_hoa/,,,,Why are there no new houses without HOA? I lived in Colorado where all new developments have an HOA. I thought maybe that was regional. I moved to the East Coast and all new neighborhoods have HOAs as well.,why are there no new houses without hoa? i lived in colorado where all new developments have an hoa. i thought maybe that was regional. i moved to the east coast and all new neighborhoods have hoas as well.,HOAs,0.84570426,True,distilbert_stage1
n1stz1,RealEstate,a plea for advice. getting agent to take you seriously.,"good morning. posting this in hopes that someone can give me insight on what we can do right now. backstory: we were approved for $900k in an area where the median house price is right around $400k and we are looking to buy our forever home. &#x200B; our issue right now: no agent seems to be taking us seriously. as stated, we're currently seeking our forever home. we understand that the market is crazy right now, and we are in no rush, but we also don't want to miss out on a great opportu",0,31,2021-04-30,https://reddit.com/r/RealEstate/comments/n1stz1/a_plea_for_advice_getting_agent_to_take_you/,,,,a plea for advice. getting agent to take you seriously. good morning. posting this in hopes that someone can give me insight on what we can do right now. backstory: we were approved for $900k in an area where the median house price is right around $400k and we are looking to buy our forever home.,a plea for advice. getting agent to take you seriously. good morning. posting this in hopes that someone can give me insight on what we can do right now. backstory we were approved for 900k in an area where the median house price is right around 400k and we are looking to buy our forever home.,Real Estate Agents,0.7581703,True,distilbert_stage1
n1nrzs,RealEstate,What is the best down payment/mortgage length for house-hacking?,"I am looking into the possibility of house-hacking in the future and want to see what the financials would look like. For this scenario, the home price is $250,000, 5 bedrooms (rent 4, occupy 1). I have always been told to put as much as I can in my down payment to eliminate PMI and to have smaller mortgages and save interest. Is this also the case for house-hacking, where the roommates would pay my monthly payment, except for the down payment I placed? What is the best length, 15 years or 30 ye",0,10,2021-04-30,https://reddit.com/r/RealEstate/comments/n1nrzs/what_is_the_best_down_paymentmortgage_length_for/,,,,"What is the best down payment/mortgage length for house-hacking? I am looking into the possibility of house-hacking in the future and want to see what the financials would look like. For this scenario, the home price is $250,000, 5 bedrooms (rent 4, occupy 1). I have always been told to put as much as I can in my down payment to eliminate PMI and to have smaller mortgages and save interest.",what is the best down paymentmortgage length for househacking? i am looking into the possibility of househacking in the future and want to see what the financials would look like. for this scenario the home price is 250000 5 bedrooms rent 4 occupy 1. i have always been told to put as much as i can in my down payment to eliminate pmi and to have smaller mortgages and save interest.,Down payment options,0.9039982,True,distilbert_stage1
n1n9xg,RealEstate,Just looking for guidance/advice,Hello fine folks of r/RealEstate. I honestly am coming in pretty fresh with this and if anyone has any insight or point me in a direction where I cant start making a plan I would appreciate it. So currently my friend has been renting the same house for about 6 years now and he's moving out in July and I'm trying to put my self in an advantage situation on buying this home. So a little background this home has a tax assessment of 170k and is in an area where people BRRRR hard and I'm sure it coul,0,4,2021-04-30,https://reddit.com/r/RealEstate/comments/n1n9xg/just_looking_for_guidanceadvice/,,,,Just looking for guidance/advice Hello fine folks of r/RealEstate. I honestly am coming in pretty fresh with this and if anyone has any insight or point me in a direction where I cant start making a plan I would appreciate it. So currently my friend has been renting the same house for about 6 years now and he's moving out in July and I'm trying to put my self in an advantage situation on buying this home.,just looking for guidanceadvice hello fine folks of rrealestate. i honestly am coming in pretty fresh with this and if anyone has any insight or point me in a direction where i cant start making a plan i would appreciate it. so currently my friend has been renting the same house for about 6 years now and hes moving out in july and im trying to put my self in an advantage situation on buying this home.,Renting Process,0.76950794,True,distilbert_stage1
np8glx,RealEstate,"First time home buyer, lived in apartments only since leaving parents house","My lease is ending in a couple months and my complex sent me a letter increasing my rent from $2050 --> $2160 if I renew my lease. I'm too young for the 55 plus communities that have wonderful prices on houses, so I'm stuck battling it out with everybody else on homes that are way overpriced. I can't afford a home over $400k So I was thinking about condos or trailers. During the 2008 crash where condos and trailers affected as much as homes were? I'm looking at a 1600 sqft 3b2b trailer in a nice",1,24,2021-05-31,https://reddit.com/r/RealEstate/comments/np8glx/first_time_home_buyer_lived_in_apartments_only/,,,,"First time home buyer, lived in apartments only since leaving parents house My lease is ending in a couple months and my complex sent me a letter increasing my rent from $2050 --> $2160 if I renew my lease. I'm too young for the 55 plus communities that have wonderful prices on houses, so I'm stuck battling it out with everybody else on homes that are way overpriced. I can't afford a home over $400k So I was thinking about condos or trailers.",first time home buyer lived in apartments only since leaving parents house my lease is ending in a couple months and my complex sent me a letter increasing my rent from 2050 2160 if i renew my lease. im too young for the 55 plus communities that have wonderful prices on houses so im stuck battling it out with everybody else on homes that are way overpriced. i cant afford a home over 400k so i was thinking about condos or trailers.,Affordability,0.83415806,True,distilbert_stage1
np7tdj,RealEstate,New construction appraisal high - what down payment to make,"I am curious to know what people in this situation are doing.. If you signed contract for a new construction say in December 2020 and move in date is August 2021, chances are that at the time of appraisal, your property would have significantly increased in value as the current market conditions for 2021 are crazy. So how much did you put down? Hypothetical if your property value increased by 20%, and you put 5% down in the beginning, in a few months (6 months, maybe a year???) you should be abl",1,4,2021-05-31,https://reddit.com/r/RealEstate/comments/np7tdj/new_construction_appraisal_high_what_down_payment/,,,,"New construction appraisal high - what down payment to make I am curious to know what people in this situation are doing.. If you signed contract for a new construction say in December 2020 and move in date is August 2021, chances are that at the time of appraisal, your property would have significantly increased in value as the current market conditions for 2021 are crazy. So how much did you put down?",new construction appraisal high what down payment to make i am curious to know what people in this situation are doing.. if you signed contract for a new construction say in december 2020 and move in date is august 2021 chances are that at the time of appraisal your property would have significantly increased in value as the current market conditions for 2021 are crazy. so how much did you put down?,Down payment options,0.9098292,True,distilbert_stage1
np5usd,RealEstate,"For those who are on the sidelines, how are your down payment funds invested ?","I know many couples who have decided to wait until the market cools off. There are a lot of buyers waiting for more inventory and lower prices. A lot! The stock market is more volatile than the RE markets. Stock market is at historical 40+ PE, which is leveraged nosebleed territory. However, anyone's guess, but you can risk a 30% drop in your downpayment if stocks. Bonds are subject to interest rate risk. Safer bet may be to hold downpayments in cash for the next 2 years. If you ar",8,17,2021-05-31,https://reddit.com/r/RealEstate/comments/np5usd/for_those_who_are_on_the_sidelines_how_are_your/,,,,"For those who are on the sidelines, how are your down payment funds invested ? I know many couples who have decided to wait until the market cools off. There are a lot of buyers waiting for more inventory and lower prices. A lot!",for those who are on the sidelines how are your down payment funds invested ? i know many couples who have decided to wait until the market cools off. there are a lot of buyers waiting for more inventory and lower prices. a lot!,Down payment options,0.711991,True,distilbert_stage1
now1hq,RealEstate,House with foundation issues,"Hi guys, buying a house and a couple foundation issues surfaced in the inspection, do you guys know if they are fixable? Especially the horizontal cracking. Thanks in advance",1,6,2021-05-31,https://reddit.com/r/RealEstate/comments/now1hq/house_with_foundation_issues/,,,,"House with foundation issues Hi guys, buying a house and a couple foundation issues surfaced in the inspection, do you guys know if they are fixable? Especially the horizontal cracking. Thanks in advance",house with foundation issues hi guys buying a house and a couple foundation issues surfaced in the inspection do you guys know if they are fixable? especially the horizontal cracking. thanks in advance,Home Inspections,0.8990623,True,distilbert_stage1
nopun1,RealEstate,Are HOA clubhouses (non-condo/townhome communities) ever worth it?,"Seems fairly common for SFHs in the area to have a monthly HOA which cost is primarily driven by the cost to maintain a ""clubhouse"". Small pools, gyms, and rec centers, etc. While HOAs are typically not ideal, I'm not opposed to a few hundred dollars to support an association without a clubhouse. The idea of a clubhouse that I likely wouldn't use and likely increase in cost annually is something that typically deters me from looking at homes in that subdivision. Interested to hear experiences",8,27,2021-05-31,https://reddit.com/r/RealEstate/comments/nopun1/are_hoa_clubhouses_noncondotownhome_communities/,,,,"Are HOA clubhouses (non-condo/townhome communities) ever worth it? Seems fairly common for SFHs in the area to have a monthly HOA which cost is primarily driven by the cost to maintain a ""clubhouse"". Small pools, gyms, and rec centers, etc. While HOAs are typically not ideal, I'm not opposed to a few hundred dollars to support an association without a clubhouse.",are hoa clubhouses noncondotownhome communities ever worth it? seems fairly common for sfhs in the area to have a monthly hoa which cost is primarily driven by the cost to maintain a clubhouse. small pools gyms and rec centers etc. while hoas are typically not ideal im not opposed to a few hundred dollars to support an association without a clubhouse.,Homeowners associations (HOAs),0.9804372,True,distilbert_stage1
non7px,RealEstate,What rate have you gotten recently (past two weeks or so) for a 30 year mortgage?,We just locked in at 2.99% with .625 points and will close at the end of June. We went with a local lender and have liked the service so far. I know that we took a little hit on rates because of it. I'm interested to hear other people's rates over the past couple of weeks?,1,11,2021-05-30,https://reddit.com/r/RealEstate/comments/non7px/what_rate_have_you_gotten_recently_past_two_weeks/,,,,What rate have you gotten recently (past two weeks or so) for a 30 year mortgage? We just locked in at 2.99% with .625 points and will close at the end of June. We went with a local lender and have liked the service so far. I know that we took a little hit on rates because of it.,what rate have you gotten recently past two weeks or so for a 30 year mortgage? we just locked in at 2.99 with .625 points and will close at the end of june. we went with a local lender and have liked the service so far. i know that we took a little hit on rates because of it.,Home Financing,0.8014149,True,distilbert_stage1
ob99un,RealEstate,Should I (Buyer) call the Seller's Agent to check if my offer was actually considered?,,2,22,2021-06-30,https://reddit.com/r/RealEstate/comments/ob99un/should_i_buyer_call_the_sellers_agent_to_check_if/,,,,Should I (Buyer) call the Seller's Agent to check if my offer was actually considered?,should i buyer call the sellers agent to check if my offer was actually considered?,Real estate negotiation,0.77261066,True,distilbert_stage1
ob5a96,RealEstate,Opportunity Cost,"So I am between two lenders right now, and about to go under contract, so it is crunch time. I did a friend a favor by putting a bill in my name and they dropped the ball, so my credit took a heavy hit when it went to collections; nice guys really finish last. With that being said, the 1st Lender, ""Lender A"" , approved me for a mortgage at 3.25% interest rate, but offers no down payment/closing cost assistance and I would have to put down a large enough sum for the down payment that my reserves",1,1,2021-06-30,https://reddit.com/r/RealEstate/comments/ob5a96/opportunity_cost/,,,,"Opportunity Cost So I am between two lenders right now, and about to go under contract, so it is crunch time. I did a friend a favor by putting a bill in my name and they dropped the ball, so my credit took a heavy hit when it went to collections; nice guys really finish last. With that being said, the 1st Lender, ""Lender A"" , approved me for a mortgage at 3.25% interest rate, but offers no down payment/closing cost assistance and I would have to put down a large enough sum for the down payment that my reserves would be almost wiped out, and the house needs a little work, but not a ton.",opportunity cost so i am between two lenders right now and about to go under contract so it is crunch time. i did a friend a favor by putting a bill in my name and they dropped the ball so my credit took a heavy hit when it went to collections nice guys really finish last. with that being said the 1st lender lender a approved me for a mortgage at 3.25 interest rate but offers no down paymentclosing cost assistance and i would have to put down a large enough sum for the down payment that my reserves would be almost wiped out and the house needs a little work but not a ton.,Down payment options,0.7402185,True,distilbert_stage1
ob4v0j,RealEstate,How The Real Estate Inspection SHOULD Go,"Hi everyone! I got a lot of really weird comments about stuff Realtors are doing that just isn't right, so I wanted to share, as a Realtor, what I believe the inspection period SHOULD be like. Your Realtor should recommend 3 inspectors. Personally, I usually try and nudge folks towards my favorite one, but as long as you pick the top 3 I am happy. The top 3 get there from doing a good job. One of my biggest peeves is when a client picks their own inspector. Very often, the inspector they ge",0,26,2021-06-30,https://reddit.com/r/RealEstate/comments/ob4v0j/how_the_real_estate_inspection_should_go/,,,,"How The Real Estate Inspection SHOULD Go Hi everyone! I got a lot of really weird comments about stuff Realtors are doing that just isn't right, so I wanted to share, as a Realtor, what I believe the inspection period SHOULD be like. Your Realtor should recommend 3 inspectors.",how the real estate inspection should go hi everyone! i got a lot of really weird comments about stuff realtors are doing that just isnt right so i wanted to share as a realtor what i believe the inspection period should be like. your realtor should recommend 3 inspectors.,Home Inspections,0.920536,True,distilbert_stage1
ob32rj,RealEstate,How to safely invest money saved for down payment?,"Been looking for a house for about 6 months in the 500k price range, have 175k saved for down payment+closing costs+emergency fund. It is sitting in a savings account earning 0.5% interest. I have made a few offers so far and gotten rejected. I hope to close sometime this year. The market is cooling around me, and I suspect once the kiddies have started school in September, and the manhattan folk are back to work in the city, I will have more options. What do I do with this cash in the meant",5,17,2021-06-30,https://reddit.com/r/RealEstate/comments/ob32rj/how_to_safely_invest_money_saved_for_down_payment/,,,,"How to safely invest money saved for down payment? Been looking for a house for about 6 months in the 500k price range, have 175k saved for down payment+closing costs+emergency fund. It is sitting in a savings account earning 0.5% interest. I have made a few offers so far and gotten rejected.",how to safely invest money saved for down payment? been looking for a house for about 6 months in the 500k price range have 175k saved for down paymentclosing costsemergency fund. it is sitting in a savings account earning 0.5 interest. i have made a few offers so far and gotten rejected.,Down payment options,0.78194314,True,distilbert_stage1
ob29ku,RealEstate,What happens if you get lucrative offers AFTER you have a contract?,When selling your home -- if you get a lucrative offer well over the asking price after you have gone into a contract with someone do you just lose out or do you retain the right to entertain that offer so long as you give the buyer a chance to match or bid over?,1,64,2021-06-30,https://reddit.com/r/RealEstate/comments/ob29ku/what_happens_if_you_get_lucrative_offers_after/,,,,What happens if you get lucrative offers AFTER you have a contract? When selling your home -- if you get a lucrative offer well over the asking price after you have gone into a contract with someone do you just lose out or do you retain the right to entertain that offer so long as you give the buyer a chance to match or bid over?,what happens if you get lucrative offers after you have a contract? when selling your home if you get a lucrative offer well over the asking price after you have gone into a contract with someone do you just lose out or do you retain the right to entertain that offer so long as you give the buyer a chance to match or bid over?,Real estate negotiation,0.79844576,True,distilbert_stage1
ob0oli,RealEstate,Renting Residential Lot?,"I have some paid for land, however I’m not able to build anything on it for the time being. I’ve seen schemes where people buy a trailer and put it on a lot that they don’t own, and then they pay a rental fee. Has anyone done this before? I’m thinking about a way to use the land even though I won’t be building anything on it for some time. How would someone go about renting their land out? Edit: Most of the homes are manufactured, but there are other types of homes in the neighborhood too. T",1,2,2021-06-30,https://reddit.com/r/RealEstate/comments/ob0oli/renting_residential_lot/,,,,"Renting Residential Lot? I have some paid for land, however I’m not able to build anything on it for the time being. I’ve seen schemes where people buy a trailer and put it on a lot that they don’t own, and then they pay a rental fee. Has anyone done this before?",renting residential lot? i have some paid for land however im not able to build anything on it for the time being. ive seen schemes where people buy a trailer and put it on a lot that they dont own and then they pay a rental fee. has anyone done this before?,Renting Process,0.78751254,True,distilbert_stage1
oaw8yw,RealEstate,Mortgage demand continues to decline,,91,150,2021-06-30,https://reddit.com/r/RealEstate/comments/oaw8yw/mortgage_demand_continues_to_decline/,,,,Mortgage demand continues to decline,mortgage demand continues to decline,Mortgage rates and trends,0.9185998,True,distilbert_stage1
oas81a,RealEstate,Share inspection report with appraiser? Pros and Cons?,"Bit of an odd question, should I (the buyer) share the inspection report with the appraiser? The house is being sold 'as is' and needs some work, per the as-is the seller's said they will not negotiate on anything in the inspection report. However, they proposed a clause that they would negotiate if the house doesn't appraise - is sharing the report (and thus the issues of the home) a way to help prompt this negotiation? To my knowledge the appraiser didn't even walk through the house. Th",4,9,2021-06-30,https://reddit.com/r/RealEstate/comments/oas81a/share_inspection_report_with_appraiser_pros_and/,,,,"Share inspection report with appraiser? Pros and Cons? Bit of an odd question, should I (the buyer) share the inspection report with the appraiser? The house is being sold 'as is' and needs some work, per the as-is the seller's said they will not negotiate on anything in the inspection report. However, they proposed a clause that they would negotiate if the house doesn't appraise - is sharing the report (and thus the issues of the home) a way to help prompt this negotiation?",share inspection report with appraiser? pros and cons? bit of an odd question should i the buyer share the inspection report with the appraiser? the house is being sold as is and needs some work per the asis the sellers said they will not negotiate on anything in the inspection report. however they proposed a clause that they would negotiate if the house doesnt appraise is sharing the report and thus the issues of the home a way to help prompt this negotiation?,Property inspections,0.82991016,True,distilbert_stage1
oart45,RealEstate,*Good* mortgage lenders for first-time homebuyers in the Los Angeles area,"Hi Reddit folks, I have landed a job in Los Angeles, and my wife and I are moving there by Sept. We are thinking of buying a house for \~ $1,300,000 in LA. We make 210k per annum, have excellent credit scores, can afford a down payment of \~$100k, and don't have children. We've been researching for several weeks and have not found a good lender (based on the reviews) yet. Are there any \*good\* mortgage lenders for first-time homebuyers? We are very cautious about approaching lenders because we",0,7,2021-06-30,https://reddit.com/r/RealEstate/comments/oart45/good_mortgage_lenders_for_firsttime_homebuyers_in/,,,,"*Good* mortgage lenders for first-time homebuyers in the Los Angeles area Hi Reddit folks, I have landed a job in Los Angeles, and my wife and I are moving there by Sept. We are thinking of buying a house for \~ $1,300,000 in LA. We make 210k per annum, have excellent credit scores, can afford a down payment of \~$100k, and don't have children.",good mortgage lenders for firsttime homebuyers in the los angeles area hi reddit folks i have landed a job in los angeles and my wife and i are moving there by sept. we are thinking of buying a house for 1300000 in la. we make 210k per annum have excellent credit scores can afford a down payment of 100k and dont have children.,Down payment options,0.9169995,True,distilbert_stage1
ovgy9w,RealEstate,Personal Info,"I’ll try and be brief with the backstory and then ask my question. My wife and I are selling our home in New York state . We have buyers. It looks like the closing date will pass beyond the date the buyers lease ends. We were open to having a conversation about prepossession or garage storage. There was a lot of miscommunication and bungling from the realtors. Here is where the messed up part is, in my view. The buyers agent gave out my information and I was contacted directly but the b",0,6,2021-07-31,https://reddit.com/r/RealEstate/comments/ovgy9w/personal_info/,,,,Personal Info I’ll try and be brief with the backstory and then ask my question. My wife and I are selling our home in New York state . We have buyers.,personal info ill try and be brief with the backstory and then ask my question. my wife and i are selling our home in new york state . we have buyers.,Selling Process,0.8868017,True,distilbert_stage1
pfhi3s,RealEstate,Why should I not buy if I know I'm leaving in three years?,"Sorry for a ""dumb question"" but please read my specific situation to see if this makes sense...it seems to but I am clueless. Moving this spring to a location where I will live for three years. This will be the longest I have continuously lived somewhere. Obviously it depends on the market, but IN GENERAL....I keep hearing not to buy if you will only be somewhere five years or less. That doesn't make sense to me. Assuming 2k in rent per month, by the end of three years I will have spent abou",4,39,2021-08-31,https://reddit.com/r/RealEstate/comments/pfhi3s/why_should_i_not_buy_if_i_know_im_leaving_in/,,,,"Why should I not buy if I know I'm leaving in three years? Sorry for a ""dumb question"" but please read my specific situation to see if this makes sense...it seems to but I am clueless. Moving this spring to a location where I will live for three years. This will be the longest I have continuously lived somewhere.",why should i not buy if i know im leaving in three years? sorry for a dumb question but please read my specific situation to see if this makes sense...it seems to but i am clueless. moving this spring to a location where i will live for three years. this will be the longest i have continuously lived somewhere.,Relocation Services,0.7182442,True,distilbert_stage1
pfgwbi,RealEstate,How much does home remodel affect property tax?,"Let’s say you do a complete renovation of the kitchen and 2 bathrooms, all new floorings and paint throughout. About $150k in remodeling. How much should we expect property taxes to increase by? This is in state of CA",2,9,2021-08-31,https://reddit.com/r/RealEstate/comments/pfgwbi/how_much_does_home_remodel_affect_property_tax/,,,,"How much does home remodel affect property tax? Let’s say you do a complete renovation of the kitchen and 2 bathrooms, all new floorings and paint throughout. About $150k in remodeling. How much should we expect property taxes to increase by?",how much does home remodel affect property tax? lets say you do a complete renovation of the kitchen and 2 bathrooms all new floorings and paint throughout. about 150k in remodeling. how much should we expect property taxes to increase by?,Property taxes,0.91919404,True,distilbert_stage1
pf8tan,RealEstate,"Regarding condition-how are your transactions going with outdated roofs, wiring, and/or plumbing?","Florida Home Insurance has been tougher to insure with standard shingle roofs older than 10 years (nearly impossible). How are sellers/buyers not recognizing this as an immediate mandatory remediation and cost? Same goes with polybutylene plumbing. I see a majority of listings (looking at you OpenDoor, Zillow, etc) with out-of-date fundamentals that will double out of pocket costs for buyers AND they must have a very narrow window to remediate before occupancy and insurance. I am in RE here I Ce",5,18,2021-08-31,https://reddit.com/r/RealEstate/comments/pf8tan/regarding_conditionhow_are_your_transactions/,,,,"Regarding condition-how are your transactions going with outdated roofs, wiring, and/or plumbing? Florida Home Insurance has been tougher to insure with standard shingle roofs older than 10 years (nearly impossible). How are sellers/buyers not recognizing this as an immediate mandatory remediation and cost? Same goes with polybutylene plumbing.",regarding conditionhow are your transactions going with outdated roofs wiring andor plumbing? florida home insurance has been tougher to insure with standard shingle roofs older than 10 years nearly impossible. how are sellersbuyers not recognizing this as an immediate mandatory remediation and cost? same goes with polybutylene plumbing.,Property insurance types and options,0.70785445,True,distilbert_stage1
pf8alb,RealEstate,HOA master insurance policy holding up loan. Options?,"I am currently under escrow to buy a condo where everything has gone smoothly up to this point. After reviewing the HOA docs, my lender has notified me that the HOA's master insurance policy only covers 75% replacement cost for the building, while they require 100% replacement cost under Fannie Mae guidelines. I am now worried that I won't be able to get the loan and close. My lender has already called the HOA to ask if they will increase their policy, but they have declined. I am planning on c",1,4,2021-08-31,https://reddit.com/r/RealEstate/comments/pf8alb/hoa_master_insurance_policy_holding_up_loan/,,,,"HOA master insurance policy holding up loan. Options? I am currently under escrow to buy a condo where everything has gone smoothly up to this point. After reviewing the HOA docs, my lender has notified me that the HOA's master insurance policy only covers 75% replacement cost for the building, while they require 100% replacement cost under Fannie Mae guidelines. I am now worried that I won't be able to get the loan and close.",hoa master insurance policy holding up loan. options? i am currently under escrow to buy a condo where everything has gone smoothly up to this point. after reviewing the hoa docs my lender has notified me that the hoas master insurance policy only covers 75 replacement cost for the building while they require 100 replacement cost under fannie mae guidelines. i am now worried that i wont be able to get the loan and close.,HOAs,0.90321213,True,distilbert_stage1
pf85ve,RealEstate,HELOC on primary residence and new purchase mortgage,,3,1,2021-08-31,https://reddit.com/r/RealEstate/comments/pf85ve/heloc_on_primary_residence_and_new_purchase/,,,,HELOC on primary residence and new purchase mortgage,heloc on primary residence and new purchase mortgage,Home equity,0.9275262,True,distilbert_stage1
pf7t8w,RealEstate,Who am I offending by not getting a pre-approval,"So as I've been planning and prepping my home purchase I've been working with a mortgage broker and a loan officer for a mortgage lender (who also acts as a broker) to answer my financial questions. Both are fairly pushy about getting me to get a pre-approval from them, but I've held off over the last 8 months so that I can improve my credit and stack cash, amongst other things. Now it's time to go through pre-approval and I'm wondering if I'm stepping on anyone's toes by using the other for",4,12,2021-08-31,https://reddit.com/r/RealEstate/comments/pf7t8w/who_am_i_offending_by_not_getting_a_preapproval/,,,,"Who am I offending by not getting a pre-approval So as I've been planning and prepping my home purchase I've been working with a mortgage broker and a loan officer for a mortgage lender (who also acts as a broker) to answer my financial questions. Both are fairly pushy about getting me to get a pre-approval from them, but I've held off over the last 8 months so that I can improve my credit and stack cash, amongst other things. Now it's time to go through pre-approval and I'm wondering if I'm stepping on anyone's toes by using the other for a preapproval.",who am i offending by not getting a preapproval so as ive been planning and prepping my home purchase ive been working with a mortgage broker and a loan officer for a mortgage lender who also acts as a broker to answer my financial questions. both are fairly pushy about getting me to get a preapproval from them but ive held off over the last 8 months so that i can improve my credit and stack cash amongst other things. now its time to go through preapproval and im wondering if im stepping on anyones toes by using the other for a preapproval.,Loan pre-approval,0.9208056,True,distilbert_stage1
pyqjmb,RealEstate,Wiring Cash to Close questions,"We are closing on our 1st house in a couple of weeks (woo!). We have instructions to wire (called and confirmed it is legit). Can't believe how often fraud occurs in this step! Scary. We have our money in multiple accounts (individual checking accounts, a joint checking account, individual savings accounts). I keep reading about ""seasoned"" money and that wiring should be in 1 lump sum. * Does this mean we need to transfer all our ""cash for close"" to 1 bank account and then wire from there?",2,3,2021-09-30,https://reddit.com/r/RealEstate/comments/pyqjmb/wiring_cash_to_close_questions/,,,,Wiring Cash to Close questions We are closing on our 1st house in a couple of weeks (woo!). We have instructions to wire (called and confirmed it is legit). Can't believe how often fraud occurs in this step!,wiring cash to close questions we are closing on our 1st house in a couple of weeks woo!. we have instructions to wire called and confirmed it is legit. cant believe how often fraud occurs in this step!,Real estate scams and fraud prevention,0.7306152,True,distilbert_stage1
pyjq1w,RealEstate,Attic mold,"I'm interested in a house that checks all the boxes, except the seller has disclosed that there's mold in the attic on the plywood ceiling (roof), and that quotes to get it fixed are available. I know that attic mold is pretty common and isn't a gigantic issue...so long as it's just in the attic (and not in the insulation, etc) and the cause of the high moisture can be fixed in addition to cleaning the mold. If I did go under contract here I would get my own inspections. My 2 questions are: \",6,8,2021-09-30,https://reddit.com/r/RealEstate/comments/pyjq1w/attic_mold/,,,,"Attic mold I'm interested in a house that checks all the boxes, except the seller has disclosed that there's mold in the attic on the plywood ceiling (roof), and that quotes to get it fixed are available. I know that attic mold is pretty common and isn't a gigantic issue...so long as it's just in the attic (and not in the insulation, etc) and the cause of the high moisture can be fixed in addition to cleaning the mold. If I did go under contract here I would get my own inspections.",attic mold im interested in a house that checks all the boxes except the seller has disclosed that theres mold in the attic on the plywood ceiling roof and that quotes to get it fixed are available. i know that attic mold is pretty common and isnt a gigantic issue...so long as its just in the attic and not in the insulation etc and the cause of the high moisture can be fixed in addition to cleaning the mold. if i did go under contract here i would get my own inspections.,Home Inspections,0.71142507,True,distilbert_stage1
py5ytv,RealEstate,Seller credit higher than closing costs,"We are closing on a home tomorrow and the final numbers have been sent. Weeks ago the seller agreed to bring $15k to closing to assist with a new roof. The lender was informed of this addendum and given a copy of the signed agreement. We have now found out that the seller credit cannot exceed $14,215 due to the closing costs. How do we get the difference in amount? We literally have a signed agreement for $15k.",5,15,2021-09-29,https://reddit.com/r/RealEstate/comments/py5ytv/seller_credit_higher_than_closing_costs/,,,,Seller credit higher than closing costs We are closing on a home tomorrow and the final numbers have been sent. Weeks ago the seller agreed to bring $15k to closing to assist with a new roof. The lender was informed of this addendum and given a copy of the signed agreement.,seller credit higher than closing costs we are closing on a home tomorrow and the final numbers have been sent. weeks ago the seller agreed to bring 15k to closing to assist with a new roof. the lender was informed of this addendum and given a copy of the signed agreement.,Closing costs,0.7655726,True,distilbert_stage1
py463p,RealEstate,Mortgage sold to Chase,"Got my mortgage through Ruoff and just received word it was sold to Chase. I have a couple Chase credit cards, will I be able to link it to my existing Chase account? Thanks!",0,18,2021-09-29,https://reddit.com/r/RealEstate/comments/py463p/mortgage_sold_to_chase/,,,,"Mortgage sold to Chase Got my mortgage through Ruoff and just received word it was sold to Chase. I have a couple Chase credit cards, will I be able to link it to my existing Chase account? Thanks!",mortgage sold to chase got my mortgage through ruoff and just received word it was sold to chase. i have a couple chase credit cards will i be able to link it to my existing chase account? thanks!,Home Financing,0.7841661,True,distilbert_stage1
qjz55j,RealEstate,"Lender charging mortgage release fee, not on closing disclosure","I'm about to make my last mortgage payment and my lender has warned me that there is a final ""mortgage release fee"" due. I checked my original Closing Disclosure paperwork and there is a line item for ""mortgage and deed recording"" which we already paid at closing. Are they allowed to tack on other fees? There is nothing in any of the paperwork I can find that describes extra fees beyond what is in the closing disclosure. (It's the same lender as we originally used... the mortgage hasn't been sol",3,9,2021-10-31,https://reddit.com/r/RealEstate/comments/qjz55j/lender_charging_mortgage_release_fee_not_on/,,,,"Lender charging mortgage release fee, not on closing disclosure I'm about to make my last mortgage payment and my lender has warned me that there is a final ""mortgage release fee"" due. I checked my original Closing Disclosure paperwork and there is a line item for ""mortgage and deed recording"" which we already paid at closing. Are they allowed to tack on other fees?",lender charging mortgage release fee not on closing disclosure im about to make my last mortgage payment and my lender has warned me that there is a final mortgage release fee due. i checked my original closing disclosure paperwork and there is a line item for mortgage and deed recording which we already paid at closing. are they allowed to tack on other fees?,Closing costs,0.79809767,True,distilbert_stage1
qjtdf1,RealEstate,I hate my new build house and having an anxiety attack,"I’m having anxiety, I doubt there’s much I can do at this point. I went to the new house site today and We are first time home buyers and close in 18 days, loan is locked in at 3.5% 15K down already in earnest money already. We live in Mn. We did a conventional loan, no special financing or anything. So without taking a financial loss, I think we are stuck and have to stay. I hate it, it feels small for being a 4 bed, 1 full, 2 baths with just showers (2300 sq ft), and like we paid way too muc",90,221,2021-10-31,https://reddit.com/r/RealEstate/comments/qjtdf1/i_hate_my_new_build_house_and_having_an_anxiety/,,,,"I hate my new build house and having an anxiety attack I’m having anxiety, I doubt there’s much I can do at this point. I went to the new house site today and We are first time home buyers and close in 18 days, loan is locked in at 3.5% 15K down already in earnest money already. We live in Mn.",i hate my new build house and having an anxiety attack im having anxiety i doubt theres much i can do at this point. i went to the new house site today and we are first time home buyers and close in 18 days loan is locked in at 3.5 15k down already in earnest money already. we live in mn.,Home Financing,0.7361116,True,distilbert_stage1
qjg3p3,RealEstate,When do you get a LO,"So we are looking at houses across the country and have a agent in place. For the process we do have pre-approval letter that we ask from the guys with whom we have bank primarily. For some things the agent does ask us to confirm with our LO, but I am not completely sure if our primary bank will be the one with whom we will end up getting a mortgage from...I am under impression that once you are under contract is when you finalize the lender and start the mortgage application process...am I wro",7,11,2021-10-31,https://reddit.com/r/RealEstate/comments/qjg3p3/when_do_you_get_a_lo/,,,,"When do you get a LO So we are looking at houses across the country and have a agent in place. For the process we do have pre-approval letter that we ask from the guys with whom we have bank primarily. For some things the agent does ask us to confirm with our LO, but I am not completely sure if our primary bank will be the one with whom we will end up getting a mortgage from...I am under impression that once you are under contract is when you finalize the lender and start the mortgage application process...am I wrong and do we need to finalize our lender now while we are looking at houses?",when do you get a lo so we are looking at houses across the country and have a agent in place. for the process we do have preapproval letter that we ask from the guys with whom we have bank primarily. for some things the agent does ask us to confirm with our lo but i am not completely sure if our primary bank will be the one with whom we will end up getting a mortgage from...i am under impression that once you are under contract is when you finalize the lender and start the mortgage application process...am i wrong and do we need to finalize our lender now while we are looking at houses?,Loan pre-approval,0.8223309,True,distilbert_stage1
qjcek2,RealEstate,Home mortgage lender recommendations,"Looking for recommendations for a home mortgage lender with competitive rates. Bonus if they are located in the San Francisco Bay Area/ Northern California. How many lenders does one typically get pre-approval from, one or multiple? How do you recommend finding a lender as rates fluctuate? Looking for a conventional loan in the 750-850k range, great/excellent credit score",3,26,2021-10-30,https://reddit.com/r/RealEstate/comments/qjcek2/home_mortgage_lender_recommendations/,,,,"Home mortgage lender recommendations Looking for recommendations for a home mortgage lender with competitive rates. Bonus if they are located in the San Francisco Bay Area/ Northern California. How many lenders does one typically get pre-approval from, one or multiple?",home mortgage lender recommendations looking for recommendations for a home mortgage lender with competitive rates. bonus if they are located in the san francisco bay area northern california. how many lenders does one typically get preapproval from one or multiple?,Loan pre-approval,0.96583843,True,distilbert_stage1
qj27a7,RealEstate,Advise on Real Estate - Purchasing a Rental Out of State,"Hello all First of all, thank you for taking the time in reading this. I am new to the game and I'm very interested in purchasing a rental property out of state to make extra income. I have 20K that I would like to invest. I was thinking of partnering with 5 people 20K each so we can buy a property in NC, FL, TX, etc. (<- example states and I live in CA). The goal is to buy in full so we don't have to pay mortgage, get a property management company to manage the property, get paid,",6,12,2021-10-30,https://reddit.com/r/RealEstate/comments/qj27a7/advise_on_real_estate_purchasing_a_rental_out_of/,,,,"Advise on Real Estate - Purchasing a Rental Out of State Hello all First of all, thank you for taking the time in reading this. I am new to the game and I'm very interested in purchasing a rental property out of state to make extra income. I have 20K that I would like to invest.",advise on real estate purchasing a rental out of state hello all first of all thank you for taking the time in reading this. i am new to the game and im very interested in purchasing a rental property out of state to make extra income. i have 20k that i would like to invest.,Investment Properties,0.7639951,True,distilbert_stage1
qj02sa,RealEstate,Millennials Will Drive Home Prices Up for Years to Come,"Text from article: Housing is hot, but who’s driving the frenzy? Millennials. Yes, despite more than a decade of depressing anecdotes about parental-basement living and too many roommates, this group now leads the U.S. housing boom. This is no flash in the pan: Millennials will probably stoke housing demand for years. What is driving the millennial housing boom? Shrinking debt, expanding wealth, growing families",150,268,2021-10-30,https://reddit.com/r/RealEstate/comments/qj02sa/millennials_will_drive_home_prices_up_for_years/,,,,"Millennials Will Drive Home Prices Up for Years to Come Text from article: Housing is hot, but who’s driving the frenzy? Millennials. Yes, despite more than a decade of depressing anecdotes about parental-basement living and too many roommates, this group now leads the U.S.",millennials will drive home prices up for years to come text from article housing is hot but whos driving the frenzy? millennials. yes despite more than a decade of depressing anecdotes about parentalbasement living and too many roommates this group now leads the u.s.,Roommate situations,0.849659,True,distilbert_stage1
r614u5,RealEstate,Which is the better offer?,If one offer is for 925k with a the buyer’s house selling contingency and a preapproval but no proof of funds or 900k with no such contingency and proof of funds.,2,20,2021-11-30,https://reddit.com/r/RealEstate/comments/r614u5/which_is_the_better_offer/,,,,Which is the better offer? If one offer is for 925k with a the buyer’s house selling contingency and a preapproval but no proof of funds or 900k with no such contingency and proof of funds.,which is the better offer? if one offer is for 925k with a the buyers house selling contingency and a preapproval but no proof of funds or 900k with no such contingency and proof of funds.,Loan pre-approval,0.9638325,True,distilbert_stage1
r5ys8i,RealEstate,I feel like i got a really lazy appraisal for my refinance. Please help,"I'm not happy at all, the comparable homes used to value mine for my refinance are questionable. I've triple checked everything. and most of the homes are similar besides when they sold and how much per square foot. My house 856 square ft at $253 a sq. ft. lot size 7000 square ft - Appraised at 240k Comparable 1. 732 square ft. at $355 a sq. ft. lot size 7841 sq. ft. sold 3 months ago - 260k sold price Comparable 2. 836 sq. ft. at $287 a sq. ft. lot size 4966 sq. ft. sold 2 months ago - 2",2,16,2021-11-30,https://reddit.com/r/RealEstate/comments/r5ys8i/i_feel_like_i_got_a_really_lazy_appraisal_for_my/,,,,"I feel like i got a really lazy appraisal for my refinance. Please help I'm not happy at all, the comparable homes used to value mine for my refinance are questionable. I've triple checked everything. and most of the homes are similar besides when they sold and how much per square foot.",i feel like i got a really lazy appraisal for my refinance. please help im not happy at all the comparable homes used to value mine for my refinance are questionable. ive triple checked everything. and most of the homes are similar besides when they sold and how much per square foot.,Property Valuation,0.8736135,True,distilbert_stage1
r5yind,RealEstate,Why does it seem that Zillow postings don't list the HOA monthly fees for condos.,"I've been doing research on condos in the NJ area. Some of them don't have a value for the HOA fees. Is this a marketing technique, or do these condos/apartments for sale just not have HOA fees?",9,27,2021-11-30,https://reddit.com/r/RealEstate/comments/r5yind/why_does_it_seem_that_zillow_postings_dont_list/,,,,"Why does it seem that Zillow postings don't list the HOA monthly fees for condos. I've been doing research on condos in the NJ area. Some of them don't have a value for the HOA fees. Is this a marketing technique, or do these condos/apartments for sale just not have HOA fees?",why does it seem that zillow postings dont list the hoa monthly fees for condos. ive been doing research on condos in the nj area. some of them dont have a value for the hoa fees. is this a marketing technique or do these condosapartments for sale just not have hoa fees?,Homeowners associations (HOAs),0.86299926,True,distilbert_stage1
r5x4li,RealEstate,Managing Properties?,"Hey I'm looking for a software or website that can help me out managing my rentals, do you guys have any recommendations? I know Uplisting [ but I want more references.",1,1,2021-11-30,https://reddit.com/r/RealEstate/comments/r5x4li/managing_properties/,,,,"Managing Properties? Hey I'm looking for a software or website that can help me out managing my rentals, do you guys have any recommendations? I know Uplisting [ but I want more references.",managing properties? hey im looking for a software or website that can help me out managing my rentals do you guys have any recommendations? i know uplisting but i want more references.,Renting Process,0.87360907,True,distilbert_stage1
r5t7br,RealEstate,Refinance Now or Contingency Later,"Hello All. I hope this is the correct place for my question. I'll try to make it quick and simple: I own a house (mortgage) with about $200K in equity. My family is growing and we want to move within 2-5 years to a bigger (more expensive) home. The vast majority of the downpayment funds would have to come from the equity in our current home. So, it looks like we'd end up in a contingent buy/sell scenario, or simply have our offer on a new house rejected all together. Would it make any sense to",0,4,2021-11-30,https://reddit.com/r/RealEstate/comments/r5t7br/refinance_now_or_contingency_later/,,,,Refinance Now or Contingency Later Hello All. I hope this is the correct place for my question. I'll try to make it quick and simple: I own a house (mortgage) with about $200K in equity.,refinance now or contingency later hello all. i hope this is the correct place for my question. ill try to make it quick and simple i own a house mortgage with about 200k in equity.,Home Financing,0.86157566,True,distilbert_stage1
r5s63j,RealEstate,Mortgage qualification ?,My wife and I are planning to buy a home next summer. My wife co-borrowed for a home for her mother about three years ago. The home was around 535K. My wife has no other debt and makes roughy around 81k a year. I have very little debt and make around 110k a year. The price range of the homes we are looking at are between 500k-600k. Will we be able to qualify for a home in this range with her being attached to another home? Will she need to have her mother refinance and take her off the mo,4,9,2021-11-30,https://reddit.com/r/RealEstate/comments/r5s63j/mortgage_qualification/,,,,Mortgage qualification ? My wife and I are planning to buy a home next summer. My wife co-borrowed for a home for her mother about three years ago. The home was around 535K.,mortgage qualification ? my wife and i are planning to buy a home next summer. my wife coborrowed for a home for her mother about three years ago. the home was around 535k.,Home Financing,0.74724114,True,distilbert_stage1
r5ghia,RealEstate,Getting into real estate,"I want to get into real estate. How do I start, what advice do you have and how can I become an agent?",0,4,2021-11-30,https://reddit.com/r/RealEstate/comments/r5ghia/getting_into_real_estate/,,,,"Getting into real estate I want to get into real estate. How do I start, what advice do you have and how can I become an agent?",getting into real estate i want to get into real estate. how do i start what advice do you have and how can i become an agent?,Real Estate Agents,0.87396985,True,distilbert_stage1
r5f9jw,RealEstate,Pre-Forclosures,Confused about what pre-foreclosures actually are. Can I trust realtytrac that the homes they have listed are going to foreclosure? Are there any steps you can take when it says “pre” foreclosure? Many of the homes that say this have a history of posting for sale and the listing getting removed multiple times within a year. Just looking for some insight! Thank you!,2,4,2021-11-30,https://reddit.com/r/RealEstate/comments/r5f9jw/preforclosures/,,,,Pre-Forclosures Confused about what pre-foreclosures actually are. Can I trust realtytrac that the homes they have listed are going to foreclosure? Are there any steps you can take when it says “pre” foreclosure?,preforclosures confused about what preforeclosures actually are. can i trust realtytrac that the homes they have listed are going to foreclosure? are there any steps you can take when it says pre foreclosure?,Foreclosures,0.75609195,True,distilbert_stage1
r5ddig,RealEstate,Property for investment,"Hello.. I am looking to invest in a property but I am not sure whether it should be a condo/townhouse/single family residence/apartment. I have never bought any property and have no idea what I should be looking for when buying a piece of property. I have friends who have invested in real estate and make $500 cash flow. From what I have noticed in the market, all the mortgage amount is higher than the expected rent. How the hell is anyone making profit/cash flow on a property other than gainin",5,3,2021-11-30,https://reddit.com/r/RealEstate/comments/r5ddig/property_for_investment/,,,,Property for investment Hello.. I am looking to invest in a property but I am not sure whether it should be a condo/townhouse/single family residence/apartment. I have never bought any property and have no idea what I should be looking for when buying a piece of property.,property for investment hello.. i am looking to invest in a property but i am not sure whether it should be a condotownhousesingle family residenceapartment. i have never bought any property and have no idea what i should be looking for when buying a piece of property.,Investment Properties,0.8359835,True,distilbert_stage1
r58uzp,RealEstate,Opendoor never sent an inspector out in person?,We close Friday. In Austin area. Panicking reading a bunch of reviews about people getting delayed over not getting the in person inspection in time. We never had someone in person. Was the virtual tour the inspection? There were already repair costs included in our offer that we signed to go under contract.,1,28,2021-11-29,https://reddit.com/r/RealEstate/comments/r58uzp/opendoor_never_sent_an_inspector_out_in_person/,,,,Opendoor never sent an inspector out in person? We close Friday. In Austin area. Panicking reading a bunch of reviews about people getting delayed over not getting the in person inspection in time.,opendoor never sent an inspector out in person? we close friday. in austin area. panicking reading a bunch of reviews about people getting delayed over not getting the in person inspection in time.,Home Inspections,0.82566065,True,distilbert_stage1
r573u6,RealEstate,need help with a refinance offer,I got a call from a mortgage broker which is able to give me a 15yr loan at 1.75% (for sure points purchase involved). I am not sure if there is a sweeter deal other than this. I am pushing to get lender credits. Would really appreciate y'all's guidance.,0,2,2021-11-29,https://reddit.com/r/RealEstate/comments/r573u6/need_help_with_a_refinance_offer/,,,,need help with a refinance offer I got a call from a mortgage broker which is able to give me a 15yr loan at 1.75% (for sure points purchase involved). I am not sure if there is a sweeter deal other than this. I am pushing to get lender credits.,need help with a refinance offer i got a call from a mortgage broker which is able to give me a 15yr loan at 1.75 for sure points purchase involved. i am not sure if there is a sweeter deal other than this. i am pushing to get lender credits.,Home Financing,0.77637064,True,distilbert_stage1
r573h6,RealEstate,Losing bids out to larger down payments,"I had been trying to buy a new home for a few months. Found a few I liked and put in some offers but several times, I lost out (even some where I was the highest bidder) to others who put *more down* according to my realtor. This makes no sense to me. The seller is getting the same amount in the end, what do they care how I work it out with my mortgage company, whether that means putting 20, 30, or 50 down. My mortgage broker said it's irrational, but some sellers think (incorrectly), you're les",0,13,2021-11-29,https://reddit.com/r/RealEstate/comments/r573h6/losing_bids_out_to_larger_down_payments/,,,,"Losing bids out to larger down payments I had been trying to buy a new home for a few months. Found a few I liked and put in some offers but several times, I lost out (even some where I was the highest bidder) to others who put *more down* according to my realtor. This makes no sense to me.",losing bids out to larger down payments i had been trying to buy a new home for a few months. found a few i liked and put in some offers but several times i lost out even some where i was the highest bidder to others who put more down according to my realtor. this makes no sense to me.,Down payment options,0.83467525,True,distilbert_stage1
rsqi4x,RealEstate,I’m new to real estate investing but I want to buy properties and make them into rental units but I don’t know which path to start on. Is their any certain courses someone can recommend for me to get into and any tips or advice ?,,0,3,2021-12-31,https://reddit.com/r/RealEstate/comments/rsqi4x/im_new_to_real_estate_investing_but_i_want_to_buy/,,,,I’m new to real estate investing but I want to buy properties and make them into rental units but I don’t know which path to start on. Is their any certain courses someone can recommend for me to get into and any tips or advice ?,im new to real estate investing but i want to buy properties and make them into rental units but i dont know which path to start on. is their any certain courses someone can recommend for me to get into and any tips or advice ?,Investment Properties,0.8680555,True,distilbert_stage1
rsmkch,RealEstate,Buying a foreclosure at public auction,"Looking at purchasing a home that is being offered at public auction due to foreclosure. I would owe $5k deposit 24hrs after auction end, then balance +5% buyers premium in 30 days. The terms I am not completely understanding: Because the property is subject to a court proceeding, the auction might be cancelled or postponed at any time or the court might vacate the sale after the auction takes place or decide to not confirm the sale. If you are the highest bidder, your purchase of the property",0,11,2021-12-31,https://reddit.com/r/RealEstate/comments/rsmkch/buying_a_foreclosure_at_public_auction/,,,,"Buying a foreclosure at public auction Looking at purchasing a home that is being offered at public auction due to foreclosure. I would owe $5k deposit 24hrs after auction end, then balance +5% buyers premium in 30 days. The terms I am not completely understanding: Because the property is subject to a court proceeding, the auction might be cancelled or postponed at any time or the court might vacate the sale after the auction takes place or decide to not confirm the sale.",buying a foreclosure at public auction looking at purchasing a home that is being offered at public auction due to foreclosure. i would owe 5k deposit 24hrs after auction end then balance 5 buyers premium in 30 days. the terms i am not completely understanding because the property is subject to a court proceeding the auction might be cancelled or postponed at any time or the court might vacate the sale after the auction takes place or decide to not confirm the sale.,Foreclosure processes,0.761716,True,distilbert_stage1
rsk0st,RealEstate,What is a corporate lease and how does it work?,Will I know who will be living in the home I’m renting out? What are the pros and cons for the homeowner?,0,0,2021-12-31,https://reddit.com/r/RealEstate/comments/rsk0st/what_is_a_corporate_lease_and_how_does_it_work/,,,,What is a corporate lease and how does it work? Will I know who will be living in the home I’m renting out? What are the pros and cons for the homeowner?,what is a corporate lease and how does it work? will i know who will be living in the home im renting out? what are the pros and cons for the homeowner?,Renting Process,0.8005089,True,distilbert_stage1
rsjgs4,RealEstate,How to generate leads as an agent without being annoying?,So I’m a new agent and I’ve had my license for about 2 months. So far I’ve only got 1 client and that lead came from fb marketplace. I also post listings in local FB groups but I don’t like posting much because o don’t want to be that annoying realtor. Any tips that get good leads?,2,5,2021-12-31,https://reddit.com/r/RealEstate/comments/rsjgs4/how_to_generate_leads_as_an_agent_without_being/,,,,How to generate leads as an agent without being annoying? So I’m a new agent and I’ve had my license for about 2 months. So far I’ve only got 1 client and that lead came from fb marketplace. I also post listings in local FB groups but I don’t like posting much because o don’t want to be that annoying realtor.,how to generate leads as an agent without being annoying? so im a new agent and ive had my license for about 2 months. so far ive only got 1 client and that lead came from fb marketplace. i also post listings in local fb groups but i dont like posting much because o dont want to be that annoying realtor.,Real Estate Agents,0.7287687,True,distilbert_stage1
shbaub,RealEstate,When to shop lenders/rates?,"I can’t find a straight forward answer on this. I have a pre-approval and was under the assumption i should shop lenders now since the credit score impact would be limited if done within 30 days of the first pull? But lenders don’t lock rates till under contract, so wouldn’t that be the time to shop? TIA!",1,7,2022-01-31,https://reddit.com/r/RealEstate/comments/shbaub/when_to_shop_lendersrates/,,,,"When to shop lenders/rates? I can’t find a straight forward answer on this. I have a pre-approval and was under the assumption i should shop lenders now since the credit score impact would be limited if done within 30 days of the first pull? But lenders don’t lock rates till under contract, so wouldn’t that be the time to shop?",when to shop lendersrates? i cant find a straight forward answer on this. i have a preapproval and was under the assumption i should shop lenders now since the credit score impact would be limited if done within 30 days of the first pull? but lenders dont lock rates till under contract so wouldnt that be the time to shop?,Loan pre-approval,0.81129086,True,distilbert_stage1
shahp6,RealEstate,The Actual Process it takes to become a Real Estate Agent that people don’t tell you about (with prices of everything).,(3 page read) [NY] I’m going to go through step by step all of the niddy griddy details of what it took for ME to become a real estate agent and share this since this something I was really looking for when I started but couldn’t get a straight answer out of anyone. This doesn’t mean everyone is going to go through the same process. I also had to do things the hard way since I had no one in real estate to guide me through *anything.* Table of Contents: 1- **75-Hr Course Exam** 2- **State Exa,18,14,2022-01-31,https://reddit.com/r/RealEstate/comments/shahp6/the_actual_process_it_takes_to_become_a_real/,,,,"The Actual Process it takes to become a Real Estate Agent that people don’t tell you about (with prices of everything). (3 page read) [NY] I’m going to go through step by step all of the niddy griddy details of what it took for ME to become a real estate agent and share this since this something I was really looking for when I started but couldn’t get a straight answer out of anyone. This doesn’t mean everyone is going to go through the same process. I also had to do things the hard way since I had no one in real estate to guide me through *anything.* Table of Contents: 1- **75-Hr Course Exam** 2- **State Exam** 3- **Joining a Broker** 4- **Getting started at your broker/Joining a team** 5- **Productivity Coaching Program** 6- **Leaving Real Estate** 7- **Timeline and Prices of everything I paid for** &#x200B; **\[75-Hr Course Exam\]** First and foremost, you have to choose a 75-hour course to take your exam.",the actual process it takes to become a real estate agent that people dont tell you about with prices of everything. 3 page read ny im going to go through step by step all of the niddy griddy details of what it took for me to become a real estate agent and share this since this something i was really looking for when i started but couldnt get a straight answer out of anyone. this doesnt mean everyone is going to go through the same process. i also had to do things the hard way since i had no one in real estate to guide me through anything. table of contents 1 75hr course exam 2 state exam 3 joining a broker 4 getting started at your brokerjoining a team 5 productivity coaching program 6 leaving real estate 7 timeline and prices of everything i paid for x200b 75hr course exam first and foremost you have to choose a 75hour course to take your exam.,Real Estate Agents,0.7699279,True,distilbert_stage1
sh9ab1,RealEstate,How do appraisers select their comps for the appraisal?,"I was looking at an appraisal done on a recent home purchase. A recently sold home with the exact same floor plan, layout, materials, and was a few doors down was not chosen as a comp — could it be that it wasn’t recent enough? Typically what is a comp for an appraiser?",1,5,2022-01-31,https://reddit.com/r/RealEstate/comments/sh9ab1/how_do_appraisers_select_their_comps_for_the/,,,,"How do appraisers select their comps for the appraisal? I was looking at an appraisal done on a recent home purchase. A recently sold home with the exact same floor plan, layout, materials, and was a few doors down was not chosen as a comp — could it be that it wasn’t recent enough? Typically what is a comp for an appraiser?",how do appraisers select their comps for the appraisal? i was looking at an appraisal done on a recent home purchase. a recently sold home with the exact same floor plan layout materials and was a few doors down was not chosen as a comp could it be that it wasnt recent enough? typically what is a comp for an appraiser?,Home appraisals,0.9198003,True,distilbert_stage1
sh54ak,RealEstate,[US-CA] Questions about choosing a lender,"Currently making offers. We have pre-approval from a local lender, including underwriting. Once we get an offer accepted, I plan to spend a couple days doing as much rate shopping as I can. 1. Will points generally have approximately the same rate change / price ratio between lenders? If they do, it would mean I could simplify my hunt significantly by looking at everything at zero points, and figuring out if I want points only after I've picked a lender. 2. Online lender vs local lender? I've",2,5,2022-01-31,https://reddit.com/r/RealEstate/comments/sh54ak/usca_questions_about_choosing_a_lender/,,,,"[US-CA] Questions about choosing a lender Currently making offers. We have pre-approval from a local lender, including underwriting. Once we get an offer accepted, I plan to spend a couple days doing as much rate shopping as I can.",usca questions about choosing a lender currently making offers. we have preapproval from a local lender including underwriting. once we get an offer accepted i plan to spend a couple days doing as much rate shopping as i can.,Loan pre-approval,0.9385257,True,distilbert_stage1
sh4txf,RealEstate,How to choose a lender for pre-approval? Same company as agent?,,1,0,2022-01-31,https://reddit.com/r/RealEstate/comments/sh4txf/how_to_choose_a_lender_for_preapproval_same/,,,,How to choose a lender for pre-approval? Same company as agent?,how to choose a lender for preapproval? same company as agent?,Loan pre-approval,0.9662325,True,distilbert_stage1
sgxh4x,RealEstate,(CA) Multiple pre-approvals and grouping credit pulls?,"After doing some reading it seems like the general advice is to get one pre-approval so one can start looking, but once an offer is accepted on a property, to apply to multiple lenders to ensure one is getting the best terms. I've been talking to one of the mortgage advisors at a big bank and once my credit is pulled for the pre-approval it would be good for 120 days, so I wouldn't need to have it pulled again for the mortgage application process. Since similar credit pulls are grouped, wouldn",1,3,2022-01-31,https://reddit.com/r/RealEstate/comments/sgxh4x/ca_multiple_preapprovals_and_grouping_credit_pulls/,,,,"(CA) Multiple pre-approvals and grouping credit pulls? After doing some reading it seems like the general advice is to get one pre-approval so one can start looking, but once an offer is accepted on a property, to apply to multiple lenders to ensure one is getting the best terms. I've been talking to one of the mortgage advisors at a big bank and once my credit is pulled for the pre-approval it would be good for 120 days, so I wouldn't need to have it pulled again for the mortgage application process. Since similar credit pulls are grouped, wouldn't it make more sense to get pre-approvals from all the lenders that I might want to apply to?",ca multiple preapprovals and grouping credit pulls? after doing some reading it seems like the general advice is to get one preapproval so one can start looking but once an offer is accepted on a property to apply to multiple lenders to ensure one is getting the best terms. ive been talking to one of the mortgage advisors at a big bank and once my credit is pulled for the preapproval it would be good for 120 days so i wouldnt need to have it pulled again for the mortgage application process. since similar credit pulls are grouped wouldnt it make more sense to get preapprovals from all the lenders that i might want to apply to?,Loan pre-approval,0.93145186,True,distilbert_stage1
sgurv1,RealEstate,Can I get preapproved with new construction lender with unpaid judgement?,New construction that we are interested in that wants us to get preapproved through their lender to get on their list (we have a preapproval through a lender friend of ours already) I have 660 Fico 2 score but 702 fico 8. I have up to 10% down payment but I’d prefer to put down 5. I make 180k salary and have no debt except a 19k judgement of a loan I defaulted when I got sick a few years back. Currently I’m working with a lawyer to settle it for less but it’s taking a while. Can I still get pr,0,3,2022-01-31,https://reddit.com/r/RealEstate/comments/sgurv1/can_i_get_preapproved_with_new_construction/,,,,Can I get preapproved with new construction lender with unpaid judgement? New construction that we are interested in that wants us to get preapproved through their lender to get on their list (we have a preapproval through a lender friend of ours already) I have 660 Fico 2 score but 702 fico 8. I have up to 10% down payment but I’d prefer to put down 5. I make 180k salary and have no debt except a 19k judgement of a loan I defaulted when I got sick a few years back.,can i get preapproved with new construction lender with unpaid judgement? new construction that we are interested in that wants us to get preapproved through their lender to get on their list we have a preapproval through a lender friend of ours already i have 660 fico 2 score but 702 fico 8. i have up to 10 down payment but id prefer to put down 5. i make 180k salary and have no debt except a 19k judgement of a loan i defaulted when i got sick a few years back.,Loan pre-approval,0.8783426,True,distilbert_stage1
sgo520,RealEstate,HOA Financial Health Question….But with a Twist [SoCal],[Deleted],7,14,2022-01-31,https://reddit.com/r/RealEstate/comments/sgo520/hoa_financial_health_questionbut_with_a_twist/,,,,HOA Financial Health Question….But with a Twist [SoCal] [Deleted],hoa financial health question.but with a twist socal deleted,HOAs,0.9122687,True,distilbert_stage1
t3qvo2,RealEstate,insurance company changed quote after a few days,"we were given a quote by home insurance that our realtor recommended. he gave us a quote based on what was told by our realtor. we went shopping around because we cannot negotiate any terms on that contract. and then during shopping around, we realized that that quote was the lowest, so we came back for that quote. the insurance company raised a few more questions, resulting in a rise of quote. Is it normal? or even legal? we are pretty pissed off by it because the company's contract is not",4,8,2022-02-28,https://reddit.com/r/RealEstate/comments/t3qvo2/insurance_company_changed_quote_after_a_few_days/,,,,insurance company changed quote after a few days we were given a quote by home insurance that our realtor recommended. he gave us a quote based on what was told by our realtor. we went shopping around because we cannot negotiate any terms on that contract.,insurance company changed quote after a few days we were given a quote by home insurance that our realtor recommended. he gave us a quote based on what was told by our realtor. we went shopping around because we cannot negotiate any terms on that contract.,Home insurance,0.7357049,True,distilbert_stage1
t3puky,RealEstate,Realtor strongly advising against inspection concessions,,1,30,2022-02-28,https://reddit.com/r/RealEstate/comments/t3puky/realtor_strongly_advising_against_inspection/,,,,Realtor strongly advising against inspection concessions,realtor strongly advising against inspection concessions,Property inspections,0.7570251,True,distilbert_stage1
t3ouc5,RealEstate,Will using gift money to pay off auto loan affect mortgage underwriting?,"I just had my offer accepted for a property and am under contract with a closing date at the end of March. My parents are graciously offering me $20k as a gift to help with down payment, closing costs, post-close furnishing, anything really. When I asked my lender what the best way to go about the money was, he said to not accept/use the gift until after closing to avoid a bunch of steps, documentation and headaches that come with receiving a gift for buying a home. Am I able to use my parents'",3,24,2022-02-28,https://reddit.com/r/RealEstate/comments/t3ouc5/will_using_gift_money_to_pay_off_auto_loan_affect/,,,,"Will using gift money to pay off auto loan affect mortgage underwriting? I just had my offer accepted for a property and am under contract with a closing date at the end of March. My parents are graciously offering me $20k as a gift to help with down payment, closing costs, post-close furnishing, anything really. When I asked my lender what the best way to go about the money was, he said to not accept/use the gift until after closing to avoid a bunch of steps, documentation and headaches that come with receiving a gift for buying a home.",will using gift money to pay off auto loan affect mortgage underwriting? i just had my offer accepted for a property and am under contract with a closing date at the end of march. my parents are graciously offering me 20k as a gift to help with down payment closing costs postclose furnishing anything really. when i asked my lender what the best way to go about the money was he said to not acceptuse the gift until after closing to avoid a bunch of steps documentation and headaches that come with receiving a gift for buying a home.,Down payment options,0.7939046,True,distilbert_stage1
t3nb2n,RealEstate,Does this mortgage offer sound reasonable?,"Looking for second opinions that are not biased from my family. I’m 23, and make 88k a year. I have a credit score of around 750. I have a car loan that is $315 a month and student loans that are $250 a month. I am looking to purchase a house as my rent is going up from $1650 to $1950 and I hate living in an apartment. I want a yard, I want my own personal space, etc. the list goes on. I applied for a loan and this was the pre-qualification I was given. $375,000 @ 4.125% 3% down PMI is paid f",3,26,2022-02-28,https://reddit.com/r/RealEstate/comments/t3nb2n/does_this_mortgage_offer_sound_reasonable/,,,,"Does this mortgage offer sound reasonable? Looking for second opinions that are not biased from my family. I’m 23, and make 88k a year. I have a credit score of around 750.",does this mortgage offer sound reasonable? looking for second opinions that are not biased from my family. im 23 and make 88k a year. i have a credit score of around 750.,Home Financing,0.7723589,True,distilbert_stage1
t3l818,RealEstate,Home equity options?,"We currently own our primary house worth $900k (only $40k remaining) and would like to purchase a $500k second home to move into. I'll be using my current home as a rental property where the average monthly rent is $2,500. What are my options here?",2,7,2022-02-28,https://reddit.com/r/RealEstate/comments/t3l818/home_equity_options/,,,,"Home equity options? We currently own our primary house worth $900k (only $40k remaining) and would like to purchase a $500k second home to move into. I'll be using my current home as a rental property where the average monthly rent is $2,500. What are my options here?",home equity options? we currently own our primary house worth 900k only 40k remaining and would like to purchase a 500k second home to move into. ill be using my current home as a rental property where the average monthly rent is 2500. what are my options here?,Home equity,0.7105928,True,distilbert_stage1
t3irvu,RealEstate,"If I can close early, should I?","The closing date on the house we are buying is March 31st. The house is unoccupied, owned by an elderly woman in a nursing home. We've pretty much wrapped everything up, and I believe we'd be able to close earlier if we wanted (and if seller agrees). What are your opinions on this? Is it going to cause a big headache, is this normal to do? Pros and cons?",2,5,2022-02-28,https://reddit.com/r/RealEstate/comments/t3irvu/if_i_can_close_early_should_i/,,,,"If I can close early, should I? The closing date on the house we are buying is March 31st. The house is unoccupied, owned by an elderly woman in a nursing home. We've pretty much wrapped everything up, and I believe we'd be able to close earlier if we wanted (and if seller agrees).",if i can close early should i? the closing date on the house we are buying is march 31st. the house is unoccupied owned by an elderly woman in a nursing home. weve pretty much wrapped everything up and i believe wed be able to close earlier if we wanted and if seller agrees.,Buying Process,0.73307955,True,distilbert_stage1
t3gnlx,RealEstate,Local/State lender recommendation in WA,"I'm going to start getting quotes today and an eventual pre-approval. I was going to get quotes from the following: * Better * Chase (since most of my credit is through them) * Guild Mortgage (had a good experience with them in 2013 buying a home in a different state) Would much rather work with a local/state lender. I checked a few credit unions' ""today's rates"" page over the weekend and the interest rates seemed pretty high for a conventional 30-year mortgage compared to what the above was l",3,10,2022-02-28,https://reddit.com/r/RealEstate/comments/t3gnlx/localstate_lender_recommendation_in_wa/,,,,"Local/State lender recommendation in WA I'm going to start getting quotes today and an eventual pre-approval. I was going to get quotes from the following: * Better * Chase (since most of my credit is through them) * Guild Mortgage (had a good experience with them in 2013 buying a home in a different state) Would much rather work with a local/state lender. I checked a few credit unions' ""today's rates"" page over the weekend and the interest rates seemed pretty high for a conventional 30-year mortgage compared to what the above was listing.",localstate lender recommendation in wa im going to start getting quotes today and an eventual preapproval. i was going to get quotes from the following better chase since most of my credit is through them guild mortgage had a good experience with them in 2013 buying a home in a different state would much rather work with a localstate lender. i checked a few credit unions todays rates page over the weekend and the interest rates seemed pretty high for a conventional 30year mortgage compared to what the above was listing.,Loan pre-approval,0.8603162,True,distilbert_stage1
t3g174,RealEstate,Midwest market is still wild,"We bought our house last May for $315K and we thought we over paid (list was $299K), but weren't sure and didn't fret too much because we loved it (still do) and will be here for a while. I hadn't paid too close attention until two houses in our HOA sold - the first for over $500K, while it was larger than ours, it wasn't necessarily much 'nicer' as far as upgrades. And certainly not large enough to justify a $200K+ price delta. Then last week another house listed, identical to ours in SQFT and",1,16,2022-02-28,https://reddit.com/r/RealEstate/comments/t3g174/midwest_market_is_still_wild/,,,,"Midwest market is still wild We bought our house last May for $315K and we thought we over paid (list was $299K), but weren't sure and didn't fret too much because we loved it (still do) and will be here for a while. I hadn't paid too close attention until two houses in our HOA sold - the first for over $500K, while it was larger than ours, it wasn't necessarily much 'nicer' as far as upgrades. And certainly not large enough to justify a $200K+ price delta.",midwest market is still wild we bought our house last may for 315k and we thought we over paid list was 299k but werent sure and didnt fret too much because we loved it still do and will be here for a while. i hadnt paid too close attention until two houses in our hoa sold the first for over 500k while it was larger than ours it wasnt necessarily much nicer as far as upgrades. and certainly not large enough to justify a 200k price delta.,HOAs,0.831292,True,distilbert_stage1
t3a9w0,RealEstate,How costly a Home Inspection can be?,What does it cost to get a house inspected? Purchasing a new home is a significant financial commitment. A house inspection may appear to be an unnecessary expense in most cases. But it's worth it to call a [Home Inspection Company]( &#x200B; **How much would a house inspection set you back?** The cost of a house inspection varies and is typically determined by various factors such as the,0,2,2022-02-28,https://reddit.com/r/RealEstate/comments/t3a9w0/how_costly_a_home_inspection_can_be/,,,,How costly a Home Inspection can be? What does it cost to get a house inspected? Purchasing a new home is a significant financial commitment. A house inspection may appear to be an unnecessary expense in most cases.,how costly a home inspection can be? what does it cost to get a house inspected? purchasing a new home is a significant financial commitment. a house inspection may appear to be an unnecessary expense in most cases.,Property inspections,0.93360364,True,distilbert_stage1
t393v9,RealEstate,How does someone afford a $50 million dollar home?,"I was watching one of my favorite YouTube realtors today named Christophe Choo, and I was blown away by how expensive some of the houses are in places like Bel Air and Beverly Hills. How does someone afford a $50 million dollar house?",0,10,2022-02-28,https://reddit.com/r/RealEstate/comments/t393v9/how_does_someone_afford_a_50_million_dollar_home/,,,,"How does someone afford a $50 million dollar home? I was watching one of my favorite YouTube realtors today named Christophe Choo, and I was blown away by how expensive some of the houses are in places like Bel Air and Beverly Hills. How does someone afford a $50 million dollar house?",how does someone afford a 50 million dollar home? i was watching one of my favorite youtube realtors today named christophe choo and i was blown away by how expensive some of the houses are in places like bel air and beverly hills. how does someone afford a 50 million dollar house?,Affordability,0.7037738,True,distilbert_stage1
t38ksn,RealEstate,I have a few kitchen design questions.,"I am redoing my kitchen and wanted some input because I don't want to design it just how I like the looks of, but what would be better when I go to sell it. Figure people here might have some insight as to what would be more preferred. I tore some walls out to go with an open concept kitchen, which means there is no separation between the dining room and kitchen anymore. I have cases of vinyl plank to lay down for new floor, but wondering if I should tile the kitchen floor and have the dinin",5,6,2022-02-28,https://reddit.com/r/RealEstate/comments/t38ksn/i_have_a_few_kitchen_design_questions/,,,,"I have a few kitchen design questions. I am redoing my kitchen and wanted some input because I don't want to design it just how I like the looks of, but what would be better when I go to sell it. Figure people here might have some insight as to what would be more preferred. I tore some walls out to go with an open concept kitchen, which means there is no separation between the dining room and kitchen anymore.",i have a few kitchen design questions. i am redoing my kitchen and wanted some input because i dont want to design it just how i like the looks of but what would be better when i go to sell it. figure people here might have some insight as to what would be more preferred. i tore some walls out to go with an open concept kitchen which means there is no separation between the dining room and kitchen anymore.,Renovations and Upgrades,0.7466226,True,distilbert_stage1
ttd6fu,RealEstate,Why are real estate agents calling me?,"I have a pretty average house in an average town. The only difference is that I’m in a “planned community” with an HOA. It’s a quiet, private street. Been here for more than a decade. A few weeks ago, I received a handwritten letter from someone wanting to buy my house for the location. I ignored it, and today I received a call from a realtor saying she had an interested party and would I be willing to sell my house. I’m like 99% sure it’s the same people who wrote the letter. This is a fami",10,27,2022-03-31,https://reddit.com/r/RealEstate/comments/ttd6fu/why_are_real_estate_agents_calling_me/,,,,"Why are real estate agents calling me? I have a pretty average house in an average town. The only difference is that I’m in a “planned community” with an HOA. It’s a quiet, private street.",why are real estate agents calling me? i have a pretty average house in an average town. the only difference is that im in a planned community with an hoa. its a quiet private street.,HOAs,0.8908421,True,distilbert_stage1
tt9n0y,RealEstate,Removing PMI,"Due to the increase in home values over the last year, I reached out to my mortgage lender to inquire about removing PMI through an updated home appraisal. The lender's response is that we could only request an appraisal if we have made substantial improvements to the home, that would have increased the value of the home. They have asked that we submit documentation of the improvements in order to secure the approval for an appraisal. In the research I've done, and looking through my mortga",4,9,2022-03-31,https://reddit.com/r/RealEstate/comments/tt9n0y/removing_pmi/,,,,"Removing PMI Due to the increase in home values over the last year, I reached out to my mortgage lender to inquire about removing PMI through an updated home appraisal. The lender's response is that we could only request an appraisal if we have made substantial improvements to the home, that would have increased the value of the home. They have asked that we submit documentation of the improvements in order to secure the approval for an appraisal.",removing pmi due to the increase in home values over the last year i reached out to my mortgage lender to inquire about removing pmi through an updated home appraisal. the lenders response is that we could only request an appraisal if we have made substantial improvements to the home that would have increased the value of the home. they have asked that we submit documentation of the improvements in order to secure the approval for an appraisal.,Home appraisals,0.9757631,True,distilbert_stage1
tt7x8x,RealEstate,"First time home buyers.... have a good situation under contract with a home that my wife absolutely loves, but I'm just ok with. Thoughts on how much you need to ""love"" a house before you buy it.",,54,141,2022-03-31,https://reddit.com/r/RealEstate/comments/tt7x8x/first_time_home_buyers_have_a_good_situation/,,,,"First time home buyers.... have a good situation under contract with a home that my wife absolutely loves, but I'm just ok with. Thoughts on how much you need to ""love"" a house before you buy it.",first time home buyers.... have a good situation under contract with a home that my wife absolutely loves but im just ok with. thoughts on how much you need to love a house before you buy it.,Buying Process,0.7359705,True,distilbert_stage1
tt6o72,RealEstate,[NJ] Selling hike buyer wants termite inspection,"Hi! Seeking the hive mind’s general consensus here… Okay here’s the info: buyer wants a termite inspection/treatment order. I have a pest company that comes 4 times a year for general servicing. They always do a visual inspection of the affected area and apply treatment if necessary. It’s part of the “Home Intensive” service they offer. However, it’s not specified. Do I need to do a proper termite servicing? Can I credit the buyer? Or can I just say, “this is what we have take it or leave it",2,12,2022-03-31,https://reddit.com/r/RealEstate/comments/tt6o72/nj_selling_hike_buyer_wants_termite_inspection/,,,,[NJ] Selling hike buyer wants termite inspection Hi! Seeking the hive mind’s general consensus here… Okay here’s the info: buyer wants a termite inspection/treatment order. I have a pest company that comes 4 times a year for general servicing.,nj selling hike buyer wants termite inspection hi! seeking the hive minds general consensus here okay heres the info buyer wants a termite inspectiontreatment order. i have a pest company that comes 4 times a year for general servicing.,Home Inspections,0.85616666,True,distilbert_stage1
tt4uq6,RealEstate,Pet Fee logistics,"How do pet fees work? My apartment charged me a $500 non-refundable pet fee. Fast-forward to moving out, they are charging me $400 for carpet replacement. Can I request that they deduct it from the pet fee? My understanding is that pet fees are a non-refundable version of pet deposits, however pet fees are not described in the lease document.",10,7,2022-03-31,https://reddit.com/r/RealEstate/comments/tt4uq6/pet_fee_logistics/,,,,"Pet Fee logistics How do pet fees work? My apartment charged me a $500 non-refundable pet fee. Fast-forward to moving out, they are charging me $400 for carpet replacement.",pet fee logistics how do pet fees work? my apartment charged me a 500 nonrefundable pet fee. fastforward to moving out they are charging me 400 for carpet replacement.,Renting Process,0.7070352,True,distilbert_stage1
tt47eu,RealEstate,"Termite inspection results - advice needed (DFW, TX)","Had an inspection completed for a house that I'm currently under contract for, and within the option period (where I can terminate for any reason without losing earnest). Termite inspector found no termites in the house (no active termites), but mentioned that the fence had ""evidence of previous sub termites in the fence"". For reference, the fence is at the back of the house, and touches the house at the front right and back garage corners. Given my fear of termites (in terms of damage they can",1,6,2022-03-31,https://reddit.com/r/RealEstate/comments/tt47eu/termite_inspection_results_advice_needed_dfw_tx/,,,,"Termite inspection results - advice needed (DFW, TX) Had an inspection completed for a house that I'm currently under contract for, and within the option period (where I can terminate for any reason without losing earnest). Termite inspector found no termites in the house (no active termites), but mentioned that the fence had ""evidence of previous sub termites in the fence"". For reference, the fence is at the back of the house, and touches the house at the front right and back garage corners.",termite inspection results advice needed dfw tx had an inspection completed for a house that im currently under contract for and within the option period where i can terminate for any reason without losing earnest. termite inspector found no termites in the house no active termites but mentioned that the fence had evidence of previous sub termites in the fence. for reference the fence is at the back of the house and touches the house at the front right and back garage corners.,Property inspections,0.8791284,True,distilbert_stage1
tsvqtw,RealEstate,How much does a flipper expect to make?,,0,9,2022-03-31,https://reddit.com/r/RealEstate/comments/tsvqtw/how_much_does_a_flipper_expect_to_make/,,,,How much does a flipper expect to make?,how much does a flipper expect to make?,Real estate flipping,0.9357516,True,distilbert_stage1
tsqc4d,RealEstate,Buying a house that's almost in Foreclosure auction? Is it too late? Need Some Guidance.,,1,0,2022-03-31,https://reddit.com/r/RealEstate/comments/tsqc4d/buying_a_house_thats_almost_in_foreclosure/,,,,Buying a house that's almost in Foreclosure auction? Is it too late? Need Some Guidance.,buying a house thats almost in foreclosure auction? is it too late? need some guidance.,Foreclosures,0.78281736,True,distilbert_stage1
tspyt1,RealEstate,Can you turn a promissory note to a mortgage?,Hello as the title says I was wondering if this was at all possible. Scenario I get a loan from a family member with a promissory note. I would want to refinance it and pay the family member back. Is this at all possible ?,3,5,2022-03-31,https://reddit.com/r/RealEstate/comments/tspyt1/can_you_turn_a_promissory_note_to_a_mortgage/,,,,Can you turn a promissory note to a mortgage? Hello as the title says I was wondering if this was at all possible. Scenario I get a loan from a family member with a promissory note. I would want to refinance it and pay the family member back.,can you turn a promissory note to a mortgage? hello as the title says i was wondering if this was at all possible. scenario i get a loan from a family member with a promissory note. i would want to refinance it and pay the family member back.,Home Financing,0.74883294,True,distilbert_stage1
tsosfv,RealEstate,Heloc for construction loan?,"Can one use a Heloc to go towards the down payment of a construction loan? Also, can you use a HELOC as a down payment to purchase land? Ie. Can I take out a HELOC then apply for a construction loan and use the HELOC as down payment? Any other options to get a construction loan? I don't have 100k sitting in the bank to put 20% down. Unfortunately.",3,3,2022-03-31,https://reddit.com/r/RealEstate/comments/tsosfv/heloc_for_construction_loan/,,,,"Heloc for construction loan? Can one use a Heloc to go towards the down payment of a construction loan? Also, can you use a HELOC as a down payment to purchase land? Ie.",heloc for construction loan? can one use a heloc to go towards the down payment of a construction loan? also can you use a heloc as a down payment to purchase land? ie.,Down payment options,0.7468344,True,distilbert_stage1
ufd727,RealEstate,Cash Out Refinance Question,"Hello, I hope it is okay to ask about this in the group. If not, please let me know and I will remove it. I currently own a home and am considering refinancing my mortgage to get a lower rate. I found something called a cash out refinance. My understanding is that you take out a new mortgage for more than is owed on your home; so for instance; if my house is worth 200,000.00 but I only owe 100,000.00, I could take out a new mortgage for 150,000.00 and get a 50,000.00 loan at closing. If I were",3,18,2022-04-30,https://reddit.com/r/RealEstate/comments/ufd727/cash_out_refinance_question/,,,,"Cash Out Refinance Question Hello, I hope it is okay to ask about this in the group. If not, please let me know and I will remove it. I currently own a home and am considering refinancing my mortgage to get a lower rate.",cash out refinance question hello i hope it is okay to ask about this in the group. if not please let me know and i will remove it. i currently own a home and am considering refinancing my mortgage to get a lower rate.,Home Financing,0.7554298,True,distilbert_stage1
uf7287,RealEstate,Seattle - Condo appraised at 340k when offer accepted was 390k,"List price was 325k and due to a competitive bidding process, my offer was accepted at 390k. I had a contingency stating that I would fund up to 15k difference between final offer and appraised value. Lending company stated that they would have an appraiser consider a recent sold price nearby and use that to increase the appraisal. However they do not have the confidence that the condo will appraise beyond 355 or 360k. That is still 30k difference. I have the option to walk away, work with",5,30,2022-04-30,https://reddit.com/r/RealEstate/comments/uf7287/seattle_condo_appraised_at_340k_when_offer/,,,,"Seattle - Condo appraised at 340k when offer accepted was 390k List price was 325k and due to a competitive bidding process, my offer was accepted at 390k. I had a contingency stating that I would fund up to 15k difference between final offer and appraised value. Lending company stated that they would have an appraiser consider a recent sold price nearby and use that to increase the appraisal.",seattle condo appraised at 340k when offer accepted was 390k list price was 325k and due to a competitive bidding process my offer was accepted at 390k. i had a contingency stating that i would fund up to 15k difference between final offer and appraised value. lending company stated that they would have an appraiser consider a recent sold price nearby and use that to increase the appraisal.,Home appraisals,0.93836766,True,distilbert_stage1
v23gr8,RealEstate,Buying a second home,So my debt to income is like 20%. If I saved another down payment would it be possible to get a conventional mortgage on another house to use as a rental even though I'm paying on a fha loan for my current home?,0,4,2022-05-31,https://reddit.com/r/RealEstate/comments/v23gr8/buying_a_second_home/,,,,Buying a second home So my debt to income is like 20%. If I saved another down payment would it be possible to get a conventional mortgage on another house to use as a rental even though I'm paying on a fha loan for my current home?,buying a second home so my debt to income is like 20. if i saved another down payment would it be possible to get a conventional mortgage on another house to use as a rental even though im paying on a fha loan for my current home?,Down payment options,0.8188711,True,distilbert_stage1
v22bzp,RealEstate,7 days before closing,5 if you take out the weekend days. I had to have an urgent surgery and have to take a short paid loa. The first mortgage payment will be due August 1st. I will be back to work the 10th of june. Will this jeopardize closing? I was trying to wait on this surgery until but it became urgent and will try to get back to work as quickly as possible.,0,3,2022-05-31,https://reddit.com/r/RealEstate/comments/v22bzp/7_days_before_closing/,,,,7 days before closing 5 if you take out the weekend days. I had to have an urgent surgery and have to take a short paid loa. The first mortgage payment will be due August 1st.,7 days before closing 5 if you take out the weekend days. i had to have an urgent surgery and have to take a short paid loa. the first mortgage payment will be due august 1st.,Home Financing,0.71224284,True,distilbert_stage1
v20twe,RealEstate,"1st time home buyer considering buying a ""flip"" in central FL. Been on the market now for 2 weeks, price decreased 2x, was pending last week but back on market. Bad idea? It's only 200k though.","Been house hunting since early April. Budget is in the 225-250k range. Central FL. 1st time home buyer... just looking for a nice little place with a garage, at least .25 acre yard, and at least 900 sq ft. This house was first listed at 215k 18 days ago (3 bed/1 bath w/garage, 920 sq ft). Then dropped to around like 210k. Then went pending, went back on market and price decreased again to 209k. It has a new roof. But it needs a new AC system I think. Because the condenser (big gray box in backya",3,16,2022-05-31,https://reddit.com/r/RealEstate/comments/v20twe/1st_time_home_buyer_considering_buying_a_flip_in/,,,,"1st time home buyer considering buying a ""flip"" in central FL. Been on the market now for 2 weeks, price decreased 2x, was pending last week but back on market. Bad idea? It's only 200k though. Been house hunting since early April. Budget is in the 225-250k range. Central FL.",1st time home buyer considering buying a flip in central fl. been on the market now for 2 weeks price decreased 2x was pending last week but back on market. bad idea? its only 200k though. been house hunting since early april. budget is in the 225250k range. central fl.,Real estate flipping,0.96229285,True,distilbert_stage1
v1w202,RealEstate,Did mortgage rate just spike today?,"[ "" On Tuesday, May 31st, 2022, the average APR on a 30-year fixed-rate mortgage rose 59 basis points to 5.700%. "" Nerdwallet shows a HUGE spike to 5.7%. Is this a glitch on Nerd wallet? But all other website I checking still shows low 5's",6,10,2022-05-31,https://reddit.com/r/RealEstate/comments/v1w202/did_mortgage_rate_just_spike_today/,,,,"Did mortgage rate just spike today? [ "" On Tuesday, May 31st, 2022, the average APR on a 30-year fixed-rate mortgage rose 59 basis points to 5.700%. "" Nerdwallet shows a HUGE spike to 5.7%. Is this a glitch on Nerd wallet?",did mortgage rate just spike today? on tuesday may 31st 2022 the average apr on a 30year fixedrate mortgage rose 59 basis points to 5.700. nerdwallet shows a huge spike to 5.7. is this a glitch on nerd wallet?,Mortgage rates and trends,0.7130518,True,distilbert_stage1
v1s4ui,RealEstate,Colorado foreclosures,"Anyone else notice the insane amount of auction houses available in COlorado lately? I guess that makes sense, there was a flurry of people rushing to buy a house there at insane prices. Salaries in Colorado are not like California yet the houses skyrocketed. That being said, what’s the best way for me to try and acquire an auctioned house when I require a mortgage?",0,45,2022-05-31,https://reddit.com/r/RealEstate/comments/v1s4ui/colorado_foreclosures/,,,,"Colorado foreclosures Anyone else notice the insane amount of auction houses available in COlorado lately? I guess that makes sense, there was a flurry of people rushing to buy a house there at insane prices. Salaries in Colorado are not like California yet the houses skyrocketed.",colorado foreclosures anyone else notice the insane amount of auction houses available in colorado lately? i guess that makes sense there was a flurry of people rushing to buy a house there at insane prices. salaries in colorado are not like california yet the houses skyrocketed.,Foreclosure processes,0.73383737,True,distilbert_stage1
v1rokw,RealEstate,First Rental Property! Need advice!,little bit of background and numbers: 1 BR Condo located in a tier 1 south metro area. I am under contract at 225k. HOA allows AirBnb and the seller is selling it with all the furniture and the bookings past the close date. The place has had a steady cash flow of 3k on average over the last 3 years (verified this in the Airbnb records sent by seller). My mortage + utilities should be around 1700ish even with a 6% interest (will refi when the time is appropriate) The only problem is the ap,0,14,2022-05-31,https://reddit.com/r/RealEstate/comments/v1rokw/first_rental_property_need_advice/,,,,First Rental Property! Need advice! little bit of background and numbers: 1 BR Condo located in a tier 1 south metro area. I am under contract at 225k. HOA allows AirBnb and the seller is selling it with all the furniture and the bookings past the close date.,first rental property! need advice! little bit of background and numbers 1 br condo located in a tier 1 south metro area. i am under contract at 225k. hoa allows airbnb and the seller is selling it with all the furniture and the bookings past the close date.,HOAs,0.7154427,True,distilbert_stage1
v1reyr,RealEstate,Should I Become a Real Estate Agent? - 19 years old,"Hi all, I wanted to make a post asking for general advice on if I should pursue becoming a Real Estate Agent or not. The question arises not only because of me being 19 (leading me to believe people won't take me seriously) but also because of the fact that I don't think I'll commit exclusively to the industry. I've always liked doing many things at once, I'm a graphic designer and video editor and have spent the last year simply working. I work part-time in 2 ad/marketing agencies, also workin",0,22,2022-05-31,https://reddit.com/r/RealEstate/comments/v1reyr/should_i_become_a_real_estate_agent_19_years_old/,,,,"Should I Become a Real Estate Agent? - 19 years old Hi all, I wanted to make a post asking for general advice on if I should pursue becoming a Real Estate Agent or not. The question arises not only because of me being 19 (leading me to believe people won't take me seriously) but also because of the fact that I don't think I'll commit exclusively to the industry. I've always liked doing many things at once, I'm a graphic designer and video editor and have spent the last year simply working.",should i become a real estate agent? 19 years old hi all i wanted to make a post asking for general advice on if i should pursue becoming a real estate agent or not. the question arises not only because of me being 19 leading me to believe people wont take me seriously but also because of the fact that i dont think ill commit exclusively to the industry. ive always liked doing many things at once im a graphic designer and video editor and have spent the last year simply working.,Real Estate Agents,0.8820361,True,distilbert_stage1
v1p8r6,RealEstate,"My plan was to flip my first house as I'm a first time buyer so I'll buy it put 5-10% down and refurb then sell, would I be able to sell in 6-12 months after I buy or this there a time period, would this work",Based in the uk,0,9,2022-05-31,https://reddit.com/r/RealEstate/comments/v1p8r6/my_plan_was_to_flip_my_first_house_as_im_a_first/,,,,"My plan was to flip my first house as I'm a first time buyer so I'll buy it put 5-10% down and refurb then sell, would I be able to sell in 6-12 months after I buy or this there a time period, would this work Based in the uk",my plan was to flip my first house as im a first time buyer so ill buy it put 510 down and refurb then sell would i be able to sell in 612 months after i buy or this there a time period would this work based in the uk,Real estate flipping,0.9507364,True,distilbert_stage1
v1apkz,RealEstate,How much does having an HOA effect home value? And are all HOA's bad?,"Looking at listings and eveytime I see a nice house in a great area with a price that seems too good to be true, it seems that they always have an HOA. My mothers HOA is so restrictive and awful. My friends HOA is downright obsessive. He is always needing to pay thousands of dollars for this or that...whatever the association wants to do. They decided to replace some areas of the street and he needs to pay $7,000 by next month. I could not live like this. Is it this way with all HOA's? I realize",6,59,2022-05-30,https://reddit.com/r/RealEstate/comments/v1apkz/how_much_does_having_an_hoa_effect_home_value_and/,,,,"How much does having an HOA effect home value? And are all HOA's bad? Looking at listings and eveytime I see a nice house in a great area with a price that seems too good to be true, it seems that they always have an HOA. My mothers HOA is so restrictive and awful. My friends HOA is downright obsessive.",how much does having an hoa effect home value? and are all hoas bad? looking at listings and eveytime i see a nice house in a great area with a price that seems too good to be true it seems that they always have an hoa. my mothers hoa is so restrictive and awful. my friends hoa is downright obsessive.,HOAs,0.9477208,True,distilbert_stage1
v1aiq9,RealEstate,inflation theory,"Raising interest rates lower property values. This hurts sellers so less homes go on the market. This hurts buyers who cannot afford mortgage payments now. This however is perfect for large investment companies as they can buy homes for cheap, have less competition from other buyers and offer all cash. So buyers who think raising interest rates are good are in for rude awakening Edit: let's complete this thought. Now big investment firms will hold the majority of homes in any given location 10",4,34,2022-05-30,https://reddit.com/r/RealEstate/comments/v1aiq9/inflation_theory/,,,,inflation theory Raising interest rates lower property values. This hurts sellers so less homes go on the market. This hurts buyers who cannot afford mortgage payments now.,inflation theory raising interest rates lower property values. this hurts sellers so less homes go on the market. this hurts buyers who cannot afford mortgage payments now.,Mortgage rates and trends,0.829191,True,distilbert_stage1
vok5j4,RealEstate,"Low Ball Offer with ""Motivated Seller""","I'm a first-time home buyer making a low-ball offer on a flipped duplex property & I'm curious about people's insights on my offer. I went to see this property & liked (didn't love) it, as I felt it was over-priced and missing major amenities (no w/d in units, no fridges, needed a new fence, needed closets in 2 rooms, messy finishings). Comps in this neighborhood in particular for multi-families vary from smaller remodeled duplexes at $250k to larger remodeled duplexes at $450k. Honestly, it's",9,81,2022-06-30,https://reddit.com/r/RealEstate/comments/vok5j4/low_ball_offer_with_motivated_seller/,,,,"Low Ball Offer with ""Motivated Seller"" I'm a first-time home buyer making a low-ball offer on a flipped duplex property & I'm curious about people's insights on my offer. I went to see this property & liked (didn't love) it, as I felt it was over-priced and missing major amenities (no w/d in units, no fridges, needed a new fence, needed closets in 2 rooms, messy finishings). Comps in this neighborhood in particular for multi-families vary from smaller remodeled duplexes at $250k to larger remodeled duplexes at $450k.",low ball offer with motivated seller im a firsttime home buyer making a lowball offer on a flipped duplex property im curious about peoples insights on my offer. i went to see this property liked didnt love it as i felt it was overpriced and missing major amenities no wd in units no fridges needed a new fence needed closets in 2 rooms messy finishings. comps in this neighborhood in particular for multifamilies vary from smaller remodeled duplexes at 250k to larger remodeled duplexes at 450k.,Real estate flipping,0.780036,True,distilbert_stage1
voemsl,RealEstate,"Just bought my first rental property, how can I find techies specifically to rent to?",,0,50,2022-06-30,https://reddit.com/r/RealEstate/comments/voemsl/just_bought_my_first_rental_property_how_can_i/,,,,"Just bought my first rental property, how can I find techies specifically to rent to?",just bought my first rental property how can i find techies specifically to rent to?,Renting Process,0.8273152,True,distilbert_stage1
voeg8d,RealEstate,Do all HOA's not allow home based businesses?,"Looking to move soon and am wondering if I should filter out all HOA properties. I'm an independent artist and am self employed. I work full time out of my own studio at my house. I do not have customers or anyone visiting, ever. Basically, I quietly work in my studio creating advertising for clients all over the world. My home address is my business address. But it doesn't interfere with anyone or anything whatsoever. I know many HOA's prohibit home based business but is this true across the bo",15,38,2022-06-30,https://reddit.com/r/RealEstate/comments/voeg8d/do_all_hoas_not_allow_home_based_businesses/,,,,Do all HOA's not allow home based businesses? Looking to move soon and am wondering if I should filter out all HOA properties. I'm an independent artist and am self employed. I work full time out of my own studio at my house.,do all hoas not allow home based businesses? looking to move soon and am wondering if i should filter out all hoa properties. im an independent artist and am self employed. i work full time out of my own studio at my house.,HOAs,0.95102334,True,distilbert_stage1
vo8xjr,RealEstate,Is the mortgage loan process the same if I want to purchase a New Construction?,How is the financing process when buying a new construction through a builder company? Is the down payment 20%?,0,17,2022-06-30,https://reddit.com/r/RealEstate/comments/vo8xjr/is_the_mortgage_loan_process_the_same_if_i_want/,,,,Is the mortgage loan process the same if I want to purchase a New Construction? How is the financing process when buying a new construction through a builder company? Is the down payment 20%?,is the mortgage loan process the same if i want to purchase a new construction? how is the financing process when buying a new construction through a builder company? is the down payment 20?,Down payment options,0.76676,True,distilbert_stage1
vo5qk9,RealEstate,Sellers signed two different buyers’ offers,,1,14,2022-06-30,https://reddit.com/r/RealEstate/comments/vo5qk9/sellers_signed_two_different_buyers_offers/,,,,Sellers signed two different buyers’ offers,sellers signed two different buyers offers,Real estate negotiation,0.8587289,True,distilbert_stage1
vo0kr8,RealEstate,Can I afford this home by myself?,,0,2,2022-06-30,https://reddit.com/r/RealEstate/comments/vo0kr8/can_i_afford_this_home_by_myself/,,,,Can I afford this home by myself?,can i afford this home by myself?,Affordability,0.85538155,True,distilbert_stage1
vnviwt,RealEstate,Question about current mortgage rates and timing a vacation investment,"Have wanted to invest in a vacation property for awhile with my parents. Recently moved my elderly father in with me and we had planned to use the money from selling his house for at least a 30-40% down payment. However, the spike in mortgage rates has me uneasy. If I saw a vacation place I absolutely loved would it still make sense to get it now at 6 whatever percent and refinance later, or wait to buy until rates came back down?",0,8,2022-06-30,https://reddit.com/r/RealEstate/comments/vnviwt/question_about_current_mortgage_rates_and_timing/,,,,"Question about current mortgage rates and timing a vacation investment Have wanted to invest in a vacation property for awhile with my parents. Recently moved my elderly father in with me and we had planned to use the money from selling his house for at least a 30-40% down payment. However, the spike in mortgage rates has me uneasy.",question about current mortgage rates and timing a vacation investment have wanted to invest in a vacation property for awhile with my parents. recently moved my elderly father in with me and we had planned to use the money from selling his house for at least a 3040 down payment. however the spike in mortgage rates has me uneasy.,Down payment options,0.81382257,True,distilbert_stage1
vnunc4,RealEstate,Buy vs lease solar for new builder construction,Currently evaluating whether to purchase or lease solar on new construction (have to pick one or the other). Builder is using Sunpower exclusively (I cannot amend this). Quick facts: ## Buying - Buying from Sunpower adds to the mortgage - Estimated 26% federal tax credit is around $4500 - Requires 20% down payment ($3000) - Buying monthly cost added to an estimated 30-yr mortgage is $95 - Unclear if monitoring is additional cost ## Leasing - Leasing requires no down payment - Lease monthl,1,11,2022-06-30,https://reddit.com/r/RealEstate/comments/vnunc4/buy_vs_lease_solar_for_new_builder_construction/,,,,Buy vs lease solar for new builder construction Currently evaluating whether to purchase or lease solar on new construction (have to pick one or the other). Builder is using Sunpower exclusively (I cannot amend this). Quick facts: ## Buying - Buying from Sunpower adds to the mortgage - Estimated 26% federal tax credit is around $4500 - Requires 20% down payment ($3000) - Buying monthly cost added to an estimated 30-yr mortgage is $95 - Unclear if monitoring is additional cost ## Leasing - Leasing requires no down payment - Lease monthly cost is $100 (includes an auto-payment discount of $7) - Lease term is 25 years - No escalation (“escalating 0.0% annually”) My initial reaction is that it’s more expensive to buy in the long run when factoring in a 30-yr mortgage term.,buy vs lease solar for new builder construction currently evaluating whether to purchase or lease solar on new construction have to pick one or the other. builder is using sunpower exclusively i cannot amend this. quick facts buying buying from sunpower adds to the mortgage estimated 26 federal tax credit is around 4500 requires 20 down payment 3000 buying monthly cost added to an estimated 30yr mortgage is 95 unclear if monitoring is additional cost leasing leasing requires no down payment lease monthly cost is 100 includes an autopayment discount of 7 lease term is 25 years no escalation escalating 0.0 annually my initial reaction is that its more expensive to buy in the long run when factoring in a 30yr mortgage term.,Down payment options,0.9537033,True,distilbert_stage1
vnun7w,RealEstate,Can a young person move into a 55+ community if they buy it with a parent who doesn’t actually live there?,"I would like to start by saying I’m a big ole weenie and wouldn’t actually do this, just curious. I noticed everywhere I look to buy a home, the only affordable options are in 55+ communities. Like I’m talking over half off the cost of any other home which really doesn’t seem fair whatsoever. So I was thinking, if a 20 or 30 something year old wanted to buy a home and had their parents go in on all the paperwork and make it like they were moving there too (but weren’t actually) if they could te",0,25,2022-06-30,https://reddit.com/r/RealEstate/comments/vnun7w/can_a_young_person_move_into_a_55_community_if/,,,,"Can a young person move into a 55+ community if they buy it with a parent who doesn’t actually live there? I would like to start by saying I’m a big ole weenie and wouldn’t actually do this, just curious. I noticed everywhere I look to buy a home, the only affordable options are in 55+ communities. Like I’m talking over half off the cost of any other home which really doesn’t seem fair whatsoever.",can a young person move into a 55 community if they buy it with a parent who doesnt actually live there? i would like to start by saying im a big ole weenie and wouldnt actually do this just curious. i noticed everywhere i look to buy a home the only affordable options are in 55 communities. like im talking over half off the cost of any other home which really doesnt seem fair whatsoever.,Affordability,0.7920525,True,distilbert_stage1
vntfem,RealEstate,Question: Estimated tax payment on new home,This might be a really dumb question but I’m struggling to figure this out. I’m trying to estimate a monthly payment on houses we are thinking of potentially buying. Should I estimate my monthly taxes to be based on current tax records I can find on county websites for that property? I noticed that most calculators estimate taxes on whatever the sale price of the home is. So will the taxes for a home change to be based on whatever the latest purchase price is after a home sale or do the follow t,2,12,2022-06-29,https://reddit.com/r/RealEstate/comments/vntfem/question_estimated_tax_payment_on_new_home/,,,,Question: Estimated tax payment on new home This might be a really dumb question but I’m struggling to figure this out. I’m trying to estimate a monthly payment on houses we are thinking of potentially buying. Should I estimate my monthly taxes to be based on current tax records I can find on county websites for that property?,question estimated tax payment on new home this might be a really dumb question but im struggling to figure this out. im trying to estimate a monthly payment on houses we are thinking of potentially buying. should i estimate my monthly taxes to be based on current tax records i can find on county websites for that property?,Property Taxes,0.8677964,True,distilbert_stage1
wczkgp,RealEstate,How much do realtors charge for drone photography?,,2,2,2022-07-31,https://reddit.com/r/RealEstate/comments/wczkgp/how_much_do_realtors_charge_for_drone_photography/,,,,How much do realtors charge for drone photography?,how much do realtors charge for drone photography?,Real estate photography,0.9407567,True,distilbert_stage1
wcvczt,RealEstate,Is it realistic to look for property in LA if I make $60K a year?,"I have about $80K saved up and live in Los Angeles. I've been living at home to save money and am desperate to move out (since I'm 33), but I can't bring myself to spend $2K a month on renting a shithole in LA. Do you think I could somehow find a way to afford a condo/townhouse? Or do the HOA fees make it a bad idea? Should I suck it up and wait another year and hope pricing goes down a bit? Or do I need a higher paying job? I'm single so I wouldn't have help splitting costs.",0,54,2022-07-31,https://reddit.com/r/RealEstate/comments/wcvczt/is_it_realistic_to_look_for_property_in_la_if_i/,,,,"Is it realistic to look for property in LA if I make $60K a year? I have about $80K saved up and live in Los Angeles. I've been living at home to save money and am desperate to move out (since I'm 33), but I can't bring myself to spend $2K a month on renting a shithole in LA. Do you think I could somehow find a way to afford a condo/townhouse?",is it realistic to look for property in la if i make 60k a year? i have about 80k saved up and live in los angeles. ive been living at home to save money and am desperate to move out since im 33 but i cant bring myself to spend 2k a month on renting a shithole in la. do you think i could somehow find a way to afford a condotownhouse?,Affordability,0.84618485,True,distilbert_stage1
wch79c,RealEstate,Investing in a property while over seas?,"My wife and I are planning to work in the UK for about 2 years and I would love to purchase a property in BC or Alberta with tenets renting delivering me a cash flow overseas that covers the cost of the mortgage. That way when I return, I would potentially have a place to live in. I have never owned a property and am currently saving and close to what I need for a down payment. Is it feasible to manage a property overseas? I have family in Canada that would be able to hopefully help out with man",0,1,2022-07-31,https://reddit.com/r/RealEstate/comments/wch79c/investing_in_a_property_while_over_seas/,,,,"Investing in a property while over seas? My wife and I are planning to work in the UK for about 2 years and I would love to purchase a property in BC or Alberta with tenets renting delivering me a cash flow overseas that covers the cost of the mortgage. That way when I return, I would potentially have a place to live in. I have never owned a property and am currently saving and close to what I need for a down payment.",investing in a property while over seas? my wife and i are planning to work in the uk for about 2 years and i would love to purchase a property in bc or alberta with tenets renting delivering me a cash flow overseas that covers the cost of the mortgage. that way when i return i would potentially have a place to live in. i have never owned a property and am currently saving and close to what i need for a down payment.,Down payment options,0.81618226,True,distilbert_stage1
wcf0yx,RealEstate,How to get accurate gut renovation costs for our area?,"Edit: our interests aren't to flip but to make it our ""forever"" home. My wife and I recently had to bail on a offer we made on a fixer upper when we started talking to architects. This would have been a complete gut, layout change, load bearing walls removed, new hvac , new roof, new exterior, new windows, etc. The architects and GCs we talked to thought our 600k all in budget for a 2500sqft house would be tight, quoting us $450-$900/sqft ""depending on the project"" We weren't comfortable movi",8,25,2022-07-31,https://reddit.com/r/RealEstate/comments/wcf0yx/how_to_get_accurate_gut_renovation_costs_for_our/,,,,"How to get accurate gut renovation costs for our area? Edit: our interests aren't to flip but to make it our ""forever"" home. My wife and I recently had to bail on a offer we made on a fixer upper when we started talking to architects. This would have been a complete gut, layout change, load bearing walls removed, new hvac , new roof, new exterior, new windows, etc.",how to get accurate gut renovation costs for our area? edit our interests arent to flip but to make it our forever home. my wife and i recently had to bail on a offer we made on a fixer upper when we started talking to architects. this would have been a complete gut layout change load bearing walls removed new hvac new roof new exterior new windows etc.,Real estate flipping,0.7341605,True,distilbert_stage1
x2pqau,RealEstate,"How do I sell a ""to be built"" property?","Bought a flip, and for the first time ever I want to discover selling the house for the ARV now, and then use the money to build? Most builders/flippers in my area are selling the house and then doing construction after the deed is transferred. How does this process work? I'm not sure if I have the right idea. Curious if it would skip me having to get hard money or even use my own funds to renovate the house. Located in Northern New Jersey.",0,2,2022-08-31,https://reddit.com/r/RealEstate/comments/x2pqau/how_do_i_sell_a_to_be_built_property/,,,,"How do I sell a ""to be built"" property? Bought a flip, and for the first time ever I want to discover selling the house for the ARV now, and then use the money to build? Most builders/flippers in my area are selling the house and then doing construction after the deed is transferred. How does this process work?",how do i sell a to be built property? bought a flip and for the first time ever i want to discover selling the house for the arv now and then use the money to build? most buildersflippers in my area are selling the house and then doing construction after the deed is transferred. how does this process work?,Real estate flipping,0.906259,True,distilbert_stage1
x2ovo6,RealEstate,First Time Homebuyer - Question About Mortgages and who to go to for my situation.,"Hey y'all, First-time home buyer here looking to relocate to FL to move closer to family. Had a few questions on mortgages that I was hoping yall could help me out with. As of now I make $100k gross, no debts, a credit score of about 750ish, and was wondering who would be the best institution to reach out to? Conventional bank, lender, broker, etc. I am still trying to understand the concept of the traditional bank lender, vs a mortgage broker, vs lender, etc. my RE agent sent me a few cont",1,16,2022-08-31,https://reddit.com/r/RealEstate/comments/x2ovo6/first_time_homebuyer_question_about_mortgages_and/,,,,"First Time Homebuyer - Question About Mortgages and who to go to for my situation. Hey y'all, First-time home buyer here looking to relocate to FL to move closer to family. Had a few questions on mortgages that I was hoping yall could help me out with. As of now I make $100k gross, no debts, a credit score of about 750ish, and was wondering who would be the best institution to reach out to?",first time homebuyer question about mortgages and who to go to for my situation. hey yall firsttime home buyer here looking to relocate to fl to move closer to family. had a few questions on mortgages that i was hoping yall could help me out with. as of now i make 100k gross no debts a credit score of about 750ish and was wondering who would be the best institution to reach out to?,Home Financing,0.70223284,True,distilbert_stage1
x2op39,RealEstate,Mortgage Rate,Will mortgage rate decrease or will it stay the same for the next couple of years?,0,14,2022-08-31,https://reddit.com/r/RealEstate/comments/x2op39/mortgage_rate/,,,,Mortgage Rate Will mortgage rate decrease or will it stay the same for the next couple of years?,mortgage rate will mortgage rate decrease or will it stay the same for the next couple of years?,Mortgage rates and trends,0.9680693,True,distilbert_stage1
x24hnq,RealEstate,"I'm depressed and my life is fucked up, should I go into real estate? :)","30 years old, rough childhood, life got derailed, not where I should be at my age. I don't have a passion, not sure if I can ever be happy, but I think that being financially successful might be the best way for me to find some real happiness. After listening to wealthy people talk about investing on YT, many of them say they wish they started investing in real estate earlier. And although I wouldn't just go into real estate to be an investor from the get-go, I could learn the industry and I'm",0,18,2022-08-31,https://reddit.com/r/RealEstate/comments/x24hnq/im_depressed_and_my_life_is_fucked_up_should_i_go/,,,,"I'm depressed and my life is fucked up, should I go into real estate? :) 30 years old, rough childhood, life got derailed, not where I should be at my age. I don't have a passion, not sure if I can ever be happy, but I think that being financially successful might be the best way for me to find some real happiness. After listening to wealthy people talk about investing on YT, many of them say they wish they started investing in real estate earlier.",im depressed and my life is fucked up should i go into real estate? 30 years old rough childhood life got derailed not where i should be at my age. i dont have a passion not sure if i can ever be happy but i think that being financially successful might be the best way for me to find some real happiness. after listening to wealthy people talk about investing on yt many of them say they wish they started investing in real estate earlier.,Investment Properties,0.8737774,True,distilbert_stage1
xsb5up,RealEstate,Selling and buying a home when relocating an hour away - does timing matter?,,1,0,2022-09-30,https://reddit.com/r/RealEstate/comments/xsb5up/selling_and_buying_a_home_when_relocating_an_hour/,,,,Selling and buying a home when relocating an hour away - does timing matter?,selling and buying a home when relocating an hour away does timing matter?,Moving costs and logistics,0.9765122,True,distilbert_stage1
xs84ml,RealEstate,Interest Rates for New Builds Over the Next Few Years,"Anyone have thoughts on the idea that if interest rates stay this high or go higher over the next few years, new builders who can offer financing might have leverage over existing home sales as they will be able to offer lower interest rates. They'll have to take some hit on the cost of the home but the perception to the buyer that they're getting a preferred interest rate not offered elsewhere will be attractive. Ultimately, the build can still price it in their favor and then refinance or sell",0,2,2022-09-30,https://reddit.com/r/RealEstate/comments/xs84ml/interest_rates_for_new_builds_over_the_next_few/,,,,"Interest Rates for New Builds Over the Next Few Years Anyone have thoughts on the idea that if interest rates stay this high or go higher over the next few years, new builders who can offer financing might have leverage over existing home sales as they will be able to offer lower interest rates. They'll have to take some hit on the cost of the home but the perception to the buyer that they're getting a preferred interest rate not offered elsewhere will be attractive. Ultimately, the build can still price it in their favor and then refinance or sell the mortgage at a later time.",interest rates for new builds over the next few years anyone have thoughts on the idea that if interest rates stay this high or go higher over the next few years new builders who can offer financing might have leverage over existing home sales as they will be able to offer lower interest rates. theyll have to take some hit on the cost of the home but the perception to the buyer that theyre getting a preferred interest rate not offered elsewhere will be attractive. ultimately the build can still price it in their favor and then refinance or sell the mortgage at a later time.,Interest rates,0.7682296,True,distilbert_stage1
xs5i0o,RealEstate,First time home buyer in kentucky,"Hello all, my wife and I are purchasing our first home in kentucky. We made an offer last night and my question is, if my agent has already sent a “offer and sales contract” does that mean our offer was accepted or was it just to be presented to the seller? Thank you all for your time.",5,4,2022-09-30,https://reddit.com/r/RealEstate/comments/xs5i0o/first_time_home_buyer_in_kentucky/,,,,"First time home buyer in kentucky Hello all, my wife and I are purchasing our first home in kentucky. We made an offer last night and my question is, if my agent has already sent a “offer and sales contract” does that mean our offer was accepted or was it just to be presented to the seller? Thank you all for your time.",first time home buyer in kentucky hello all my wife and i are purchasing our first home in kentucky. we made an offer last night and my question is if my agent has already sent a offer and sales contract does that mean our offer was accepted or was it just to be presented to the seller? thank you all for your time.,Buying Process,0.70059735,True,distilbert_stage1
xs1buu,RealEstate,Ok to require masks during showings?,I’m moving to France in 2 weeks and getting Covid now would mess up my travel plans and there’s always a Covid surge in the Fall. Will it come off badly if I ask people to wear masks during showings? Tired of ventilating the place afterwards. It’s cold. edit: Masks are useless? That's the most idiotic thing I've heard. Turning off notifications. America is doomed.,0,73,2022-09-30,https://reddit.com/r/RealEstate/comments/xs1buu/ok_to_require_masks_during_showings/,,,,Ok to require masks during showings? I’m moving to France in 2 weeks and getting Covid now would mess up my travel plans and there’s always a Covid surge in the Fall. Will it come off badly if I ask people to wear masks during showings? Tired of ventilating the place afterwards.,ok to require masks during showings? im moving to france in 2 weeks and getting covid now would mess up my travel plans and theres always a covid surge in the fall. will it come off badly if i ask people to wear masks during showings? tired of ventilating the place afterwards.,Relocation Services,0.82594055,True,distilbert_stage1
xrt3mp,RealEstate,Depressed looking at Greater Boston Market,"FTHB. Currently renting and I'm just frustrated to the core. During 2020, we just not ready financially. Looked at probably 40 odd houses in 2021. Switched jobs to make more, to be able to afford higher mortgage, but the rates are going up. Having looked at 40 more this year, I'm just exhausted, and on the verge of giving up hope. Out of all the ones we looked at probably 3 or 4 homes were really good, which were less than 30 years old, and we just got outbid on each of them by 50-60k eve",126,249,2022-09-30,https://reddit.com/r/RealEstate/comments/xrt3mp/depressed_looking_at_greater_boston_market/,,,,"Depressed looking at Greater Boston Market FTHB. Currently renting and I'm just frustrated to the core. During 2020, we just not ready financially.",depressed looking at greater boston market fthb. currently renting and im just frustrated to the core. during 2020 we just not ready financially.,Renting Process,0.8071871,True,distilbert_stage1
xrm5q8,RealEstate,Bank statement loan,"Hi, I’m self employed and looking for a bank/lender in Texas to purchase my first home. My budget would be at 160k as I can cover 10% down as well as closing closing cost etc. My credit score is pretty good 700+ but I have a small business and my deposits usually range from 6k and above, topping off at around 10k at the most. Anybody you guys recommend? -thanks",4,22,2022-09-29,https://reddit.com/r/RealEstate/comments/xrm5q8/bank_statement_loan/,,,,"Bank statement loan Hi, I’m self employed and looking for a bank/lender in Texas to purchase my first home. My budget would be at 160k as I can cover 10% down as well as closing closing cost etc. My credit score is pretty good 700+ but I have a small business and my deposits usually range from 6k and above, topping off at around 10k at the most.",bank statement loan hi im self employed and looking for a banklender in texas to purchase my first home. my budget would be at 160k as i can cover 10 down as well as closing closing cost etc. my credit score is pretty good 700 but i have a small business and my deposits usually range from 6k and above topping off at around 10k at the most.,Home Financing,0.73880184,True,distilbert_stage1
xriofx,RealEstate,Is there any hope for me to get a mortgage for under $1k a month?,"My credits score is in the 750’s and I make $40k a year, which I know isn’t a lot. Everywhere I mortgages want over $1,000 a month + %5 interest. All i’m looking for is a studio apartment just for myself and it is impossible! Is there any tips you might have? I’m a first time home buyer",0,12,2022-09-29,https://reddit.com/r/RealEstate/comments/xriofx/is_there_any_hope_for_me_to_get_a_mortgage_for/,,,,"Is there any hope for me to get a mortgage for under $1k a month? My credits score is in the 750’s and I make $40k a year, which I know isn’t a lot. Everywhere I mortgages want over $1,000 a month + %5 interest. All i’m looking for is a studio apartment just for myself and it is impossible!",is there any hope for me to get a mortgage for under 1k a month? my credits score is in the 750s and i make 40k a year which i know isnt a lot. everywhere i mortgages want over 1000 a month 5 interest. all im looking for is a studio apartment just for myself and it is impossible!,Home Financing,0.84726584,True,distilbert_stage1
xrhasc,RealEstate,Thoughts on this mortgage rate?,,1,0,2022-09-29,https://reddit.com/r/RealEstate/comments/xrhasc/thoughts_on_this_mortgage_rate/,,,,Thoughts on this mortgage rate?,thoughts on this mortgage rate?,Mortgage rates and trends,0.9401949,True,distilbert_stage1
yisbve,RealEstate,How to prove work history without 1099 or w2 for mortgage preapproval?,"My fiancé and I applied for preapproval, but my fiancé is having trouble with his work history because it was contract remote work in Canada. We live in the USA. I have 2+ years with w2 work, but he has: -1 yr 3 months contract worker 40hrs/week for a company in Canada (previous job) and -1 yr 3 months (current job) Because the contract job was overseas, he doesn’t have a 1099. What can he provide instead? He has paystubs, a 1040, and form c.",0,6,2022-10-31,https://reddit.com/r/RealEstate/comments/yisbve/how_to_prove_work_history_without_1099_or_w2_for/,,,,"How to prove work history without 1099 or w2 for mortgage preapproval? My fiancé and I applied for preapproval, but my fiancé is having trouble with his work history because it was contract remote work in Canada. We live in the USA. I have 2+ years with w2 work, but he has: -1 yr 3 months contract worker 40hrs/week for a company in Canada (previous job) and -1 yr 3 months (current job) Because the contract job was overseas, he doesn’t have a 1099.",how to prove work history without 1099 or w2 for mortgage preapproval? my fianc and i applied for preapproval but my fianc is having trouble with his work history because it was contract remote work in canada. we live in the usa. i have 2 years with w2 work but he has 1 yr 3 months contract worker 40hrsweek for a company in canada previous job and 1 yr 3 months current job because the contract job was overseas he doesnt have a 1099.,Loan pre-approval,0.96687317,True,distilbert_stage1
yiq74m,RealEstate,Closing delayed: Where to focus my energy?,"Quick summary of my situation. Last week we got the ""clear to close"" from lender. Finished up final inspection and walk through.. smooth sailing. I found out today that someone dropped the ball and did not schedule the final appraisal for the lender. So, closing is now for November 4th.. and I guess the clear to close was revoked? I had to cancel moving trucks and appliance deliveries today. In other cases, this would be no big deal. However, my scenario may be a little unique. I am leavi",4,10,2022-10-31,https://reddit.com/r/RealEstate/comments/yiq74m/closing_delayed_where_to_focus_my_energy/,,,,"Closing delayed: Where to focus my energy? Quick summary of my situation. Last week we got the ""clear to close"" from lender. Finished up final inspection and walk through..",closing delayed where to focus my energy? quick summary of my situation. last week we got the clear to close from lender. finished up final inspection and walk through..,Home Inspections,0.71895015,True,distilbert_stage1
yie4nv,RealEstate,Trading land to sellers as part of down payment - possible,,0,0,2022-10-31,https://reddit.com/r/RealEstate/comments/yie4nv/trading_land_to_sellers_as_part_of_down_payment/,,,,Trading land to sellers as part of down payment - possible,trading land to sellers as part of down payment possible,Down payment options,0.9562114,True,distilbert_stage1
yic464,RealEstate,Should I consider getting several pre-approvals when shopping for the best rate?,,34,48,2022-10-31,https://reddit.com/r/RealEstate/comments/yic464/should_i_consider_getting_several_preapprovals/,,,,Should I consider getting several pre-approvals when shopping for the best rate?,should i consider getting several preapprovals when shopping for the best rate?,Loan pre-approval,0.83588713,True,distilbert_stage1
yht2ia,RealEstate,"[ENGLAND, UK] Are credit checks required for Rent To Rent deals?","Hi everyone, I’m in England UK. Just wondering what kind of background checks/paperwork would be involved in rent to rent deals? Or can rent to rent be achieved without e.g. a credit check as I’m not applying for any kind of mortgage etc. Thanks in advance, Ryan 😀",2,1,2022-10-30,https://reddit.com/r/RealEstate/comments/yht2ia/england_uk_are_credit_checks_required_for_rent_to/,,,,"[ENGLAND, UK] Are credit checks required for Rent To Rent deals? Hi everyone, I’m in England UK. Just wondering what kind of background checks/paperwork would be involved in rent to rent deals? Or can rent to rent be achieved without e.g.",england uk are credit checks required for rent to rent deals? hi everyone im in england uk. just wondering what kind of background checkspaperwork would be involved in rent to rent deals? or can rent to rent be achieved without e.g.,Renting Process,0.7584853,True,distilbert_stage1
yhhvn9,RealEstate,Need Help Answering a Question,"Hello, I am interested in learning about how the market operates. I am new to home buying as ive never bought my own home yet and still in college. I am not in the market right now but curious about something when I do buy and then sell or rent in the far future. More specifically, how does buying a home, upgrading it tremendously, and trying to sell it or rent it if the value far exceeds other home values in the area? What are the effects, if any? Also, where can I find more information about t",1,4,2022-10-30,https://reddit.com/r/RealEstate/comments/yhhvn9/need_help_answering_a_question/,,,,"Need Help Answering a Question Hello, I am interested in learning about how the market operates. I am new to home buying as ive never bought my own home yet and still in college. I am not in the market right now but curious about something when I do buy and then sell or rent in the far future.",need help answering a question hello i am interested in learning about how the market operates. i am new to home buying as ive never bought my own home yet and still in college. i am not in the market right now but curious about something when i do buy and then sell or rent in the far future.,Buying Process,0.73323816,True,distilbert_stage1
z9272p,RealEstate,Anyone have experience selling via an online realty co.? Looking for advice about this option.,"I own my home outright but have fallen behind on property tax, I have about a year left to redeem the tax sale before I lose my home altogether, and am not doing great financially. Obviously this is accruing interest the more time goes by that I do not have the money to pay, so I am considering going with an online realty company to get a cash offer for my home. I’m just here wondering if anyone has experience going this route? In addition to being behind on taxes the home needs some minor rep",2,7,2022-11-30,https://reddit.com/r/RealEstate/comments/z9272p/anyone_have_experience_selling_via_an_online/,,,,"Anyone have experience selling via an online realty co.? Looking for advice about this option. I own my home outright but have fallen behind on property tax, I have about a year left to redeem the tax sale before I lose my home altogether, and am not doing great financially. Obviously this is accruing interest the more time goes by that I do not have the money to pay, so I am considering going with an online realty company to get a cash offer for my home. I’m just here wondering if anyone has experience going this route?",anyone have experience selling via an online realty co.? looking for advice about this option. i own my home outright but have fallen behind on property tax i have about a year left to redeem the tax sale before i lose my home altogether and am not doing great financially. obviously this is accruing interest the more time goes by that i do not have the money to pay so i am considering going with an online realty company to get a cash offer for my home. im just here wondering if anyone has experience going this route?,Property Taxes,0.7682074,True,distilbert_stage1
z8woz0,RealEstate,"Mortgage rates fall for the third straight week, but demand still drops further","[ Mortgage rates soared over 7% just a month ago, but since then they have fallen more than half a percentage point. Still, mortgage loan application volume decreased 0.8% last week compared with the previous week, according to the Mortgage Bankers Association’s",102,46,2022-11-30,https://reddit.com/r/RealEstate/comments/z8woz0/mortgage_rates_fall_for_the_third_straight_week/,,,,"Mortgage rates fall for the third straight week, but demand still drops further [ Mortgage rates soared over 7% just a month ago, but since then they have fallen more than half a percentage point. Still, mortgage loan application volume decreased 0.8% last week compared with the previous week, according to the Mortgage Bankers Association’s seasonally adjusted index. The results also include an adjustment for the observance of the Thanksgiving holiday.",mortgage rates fall for the third straight week but demand still drops further mortgage rates soared over 7 just a month ago but since then they have fallen more than half a percentage point. still mortgage loan application volume decreased 0.8 last week compared with the previous week according to the mortgage bankers associations seasonally adjusted index. the results also include an adjustment for the observance of the thanksgiving holiday.,Mortgage rates and trends,0.75662136,True,distilbert_stage1
z8rvcy,RealEstate,Septic Tank Inspection,"Under contract to purchase a home in Ohio. The original purchase agreement included an inspection contingency and included a home, termite, and septic inspection and was signed earlier this month. Septic inspection was to be done by the seller. We have since signed an addendum regarding repairs of the house from the home inspection. The deadline for the septic inspection was last week. It turns out the seller had the septic tank pumped and ""inspected"" by a septic tank cleaning service. There is",0,20,2022-11-30,https://reddit.com/r/RealEstate/comments/z8rvcy/septic_tank_inspection/,,,,"Septic Tank Inspection Under contract to purchase a home in Ohio. The original purchase agreement included an inspection contingency and included a home, termite, and septic inspection and was signed earlier this month. Septic inspection was to be done by the seller.",septic tank inspection under contract to purchase a home in ohio. the original purchase agreement included an inspection contingency and included a home termite and septic inspection and was signed earlier this month. septic inspection was to be done by the seller.,Property inspections,0.9274655,True,distilbert_stage1
z8ddjp,RealEstate,Bought dream home. But still think about other houses we made offers on. Anyone else?,,0,6,2022-11-30,https://reddit.com/r/RealEstate/comments/z8ddjp/bought_dream_home_but_still_think_about_other/,,,,Bought dream home. But still think about other houses we made offers on. Anyone else?,bought dream home. but still think about other houses we made offers on. anyone else?,Buying Process,0.7538273,True,distilbert_stage1
z81bvs,RealEstate,I want to pay HOA fee into a holding account in protest of a terrible management and avoid lien. Is that possible?,,0,12,2022-11-29,https://reddit.com/r/RealEstate/comments/z81bvs/i_want_to_pay_hoa_fee_into_a_holding_account_in/,,,,I want to pay HOA fee into a holding account in protest of a terrible management and avoid lien. Is that possible?,i want to pay hoa fee into a holding account in protest of a terrible management and avoid lien. is that possible?,HOAs,0.92025566,True,distilbert_stage1
1002uma,RealEstate,Can anyone recommend a list of lenders who do rate matching?,"I’m shopping around for mortgages right now. I was lucky enough to lock into a broker with a 5.7% interest rate 2 weeks ago when the rates dipped. However, the broker kinda sucks so I’d rather go for another lender. I’m a member of Navy Federal Credit Union and they honor rate matching, as well. But wondering if there are others that consider rate matching, as well?",0,10,2022-12-31,https://reddit.com/r/RealEstate/comments/1002uma/can_anyone_recommend_a_list_of_lenders_who_do/,,,,"Can anyone recommend a list of lenders who do rate matching? I’m shopping around for mortgages right now. I was lucky enough to lock into a broker with a 5.7% interest rate 2 weeks ago when the rates dipped. However, the broker kinda sucks so I’d rather go for another lender.",can anyone recommend a list of lenders who do rate matching? im shopping around for mortgages right now. i was lucky enough to lock into a broker with a 5.7 interest rate 2 weeks ago when the rates dipped. however the broker kinda sucks so id rather go for another lender.,Home Financing,0.71511453,True,distilbert_stage1
zzylza,RealEstate,[Boston] Potential first time homebuyer - Can I realistically afford a home in the Boston area on a single income?,,8,19,2022-12-31,https://reddit.com/r/RealEstate/comments/zzylza/boston_potential_first_time_homebuyer_can_i/,,,,[Boston] Potential first time homebuyer - Can I realistically afford a home in the Boston area on a single income?,boston potential first time homebuyer can i realistically afford a home in the boston area on a single income?,First-time homebuyer programs,0.81460553,True,distilbert_stage1
zzm05h,RealEstate,I’m moving out of state…should I continue paying mortgage or sell home?,,1,1,2022-12-31,https://reddit.com/r/RealEstate/comments/zzm05h/im_moving_out_of_stateshould_i_continue_paying/,,,,I’m moving out of state…should I continue paying mortgage or sell home?,im moving out of stateshould i continue paying mortgage or sell home?,Relocation Services,0.80062234,True,distilbert_stage1
zzj84m,RealEstate,Is this move considered lowballing?,Looking at the townhome in the area that I like a lot. The history shows that seller bought this property back in June for $390k and listed back for $420k immediately. They reduced the price multiple times and now it’s listed for $335k after being on the market for 200+ days. I am thinking to offer $290k. Would this be appropriate?,2,15,2022-12-31,https://reddit.com/r/RealEstate/comments/zzj84m/is_this_move_considered_lowballing/,,,,Is this move considered lowballing? Looking at the townhome in the area that I like a lot. The history shows that seller bought this property back in June for $390k and listed back for $420k immediately. They reduced the price multiple times and now it’s listed for $335k after being on the market for 200+ days.,is this move considered lowballing? looking at the townhome in the area that i like a lot. the history shows that seller bought this property back in june for 390k and listed back for 420k immediately. they reduced the price multiple times and now its listed for 335k after being on the market for 200 days.,Moving costs and logistics,0.94437516,True,distilbert_stage1
zzijz7,RealEstate,Short sale advice,"Hello. I located a home that is a short sale for $400,000. I want to put $100k down and the rest on a mortgage. Can anyone give me advice on short sales, what qualifies for a strong offer, do banks approve mortgage offers, how long does it typically take? Thank you.",0,3,2022-12-31,https://reddit.com/r/RealEstate/comments/zzijz7/short_sale_advice/,,,,"Short sale advice Hello. I located a home that is a short sale for $400,000. I want to put $100k down and the rest on a mortgage.",short sale advice hello. i located a home that is a short sale for 400000. i want to put 100k down and the rest on a mortgage.,Home Financing,0.75856555,True,distilbert_stage1
zz3ww1,RealEstate,Multi family. This one thing with jobs holding me up,Im 24 and I plan on becoming a investor. This is the one last thing that's been holding me up. Hoping to answer this soon. I am a teacher currently and I am looking to leave my profession as hate it. But I'm also looking to purchase my first multi family this Year. Should I hold out my job so that I can get the first multi family or should I go ahead and be looking for something else and then apply to get the first multi family afterwards? I'm very new to this all but I really want to do my fi,0,11,2022-12-30,https://reddit.com/r/RealEstate/comments/zz3ww1/multi_family_this_one_thing_with_jobs_holding_me/,,,,Multi family. This one thing with jobs holding me up Im 24 and I plan on becoming a investor. This is the one last thing that's been holding me up. Hoping to answer this soon.,multi family. this one thing with jobs holding me up im 24 and i plan on becoming a investor. this is the one last thing thats been holding me up. hoping to answer this soon.,Investment Properties,0.84104645,True,distilbert_stage1
zyywtk,RealEstate,Help choosing between lenders,"My partner and I have narrowed down our lender options and are trying to pick between them. Option 1: A mortgage broker recommended by our buyer’s agent. Has been helping us with pre-approvals over the last year 4-5 times (sometimes very last minute). Once our offer was accepted he quoted us 6.7-7.1% rates while the market was around 6.5%. Sent some dismissive emails to my partner when she asked why the rates were so high (e.g. advertised rates are artificially lower, “you don’t have access to",0,7,2022-12-30,https://reddit.com/r/RealEstate/comments/zyywtk/help_choosing_between_lenders/,,,,Help choosing between lenders My partner and I have narrowed down our lender options and are trying to pick between them. Option 1: A mortgage broker recommended by our buyer’s agent. Has been helping us with pre-approvals over the last year 4-5 times (sometimes very last minute).,help choosing between lenders my partner and i have narrowed down our lender options and are trying to pick between them. option 1 a mortgage broker recommended by our buyers agent. has been helping us with preapprovals over the last year 45 times sometimes very last minute.,Loan pre-approval,0.938161,True,distilbert_stage1
zyv6gs,RealEstate,How do real estate agents work? Details in comments.,"This is my second time serving as a fiduciary for a loved one and it’s important to me this second time around I REALLY like who I chose to work with when it comes to selling the property. Well, I made the mistake of chatting with a neighbor and of course she had family who’s a real estate agent and of course “they’re the best”.. fast forward a couple months and she got upset saying her cousin contacted me but if I’m being brutally honest I want a male agent and I don’t want to work with anyone",0,7,2022-12-30,https://reddit.com/r/RealEstate/comments/zyv6gs/how_do_real_estate_agents_work_details_in_comments/,,,,"How do real estate agents work? Details in comments. This is my second time serving as a fiduciary for a loved one and it’s important to me this second time around I REALLY like who I chose to work with when it comes to selling the property. Well, I made the mistake of chatting with a neighbor and of course she had family who’s a real estate agent and of course “they’re the best”.. fast forward a couple months and she got upset saying her cousin contacted me but if I’m being brutally honest I want a male agent and I don’t want to work with anyone recommended by a friend, relative, associate because then I’m suspicious, that’s how I got totally screwed over the first time.",how do real estate agents work? details in comments. this is my second time serving as a fiduciary for a loved one and its important to me this second time around i really like who i chose to work with when it comes to selling the property. well i made the mistake of chatting with a neighbor and of course she had family whos a real estate agent and of course theyre the best.. fast forward a couple months and she got upset saying her cousin contacted me but if im being brutally honest i want a male agent and i dont want to work with anyone recommended by a friend relative associate because then im suspicious thats how i got totally screwed over the first time.,Real Estate Agents,0.7185768,True,distilbert_stage1
10q3w24,RealEstate,Looking for an explanation on why sellers prefer larger down payments/cash. Why does it matter to them?,,1,1,2023-01-31,https://reddit.com/r/RealEstate/comments/10q3w24/looking_for_an_explanation_on_why_sellers_prefer/,,,,Looking for an explanation on why sellers prefer larger down payments/cash. Why does it matter to them?,looking for an explanation on why sellers prefer larger down paymentscash. why does it matter to them?,Down payment options,0.78787255,True,distilbert_stage1
10pwmne,RealEstate,How important is neighborhood safety to you,"So we live in a neighborhood that has a lot to offer. Good schools and our block itself feels safe. Convenient to lots of things Lots of positives. It is at the borderline of an area that might not be so great though. We have seen increased violence in our closest shopping areas. The area is possibly changing, most recently with a gang shootout in broad daylight with a ton of stray bullets. And all this very close to our house. Maybe a mile away and where it makes sense for us to shop. This is",35,117,2023-01-31,https://reddit.com/r/RealEstate/comments/10pwmne/how_important_is_neighborhood_safety_to_you/,,,,How important is neighborhood safety to you So we live in a neighborhood that has a lot to offer. Good schools and our block itself feels safe. Convenient to lots of things Lots of positives.,how important is neighborhood safety to you so we live in a neighborhood that has a lot to offer. good schools and our block itself feels safe. convenient to lots of things lots of positives.,Neighborhood Information,0.74956894,True,distilbert_stage1
10pkvaa,RealEstate,Which path do you recommend for a 20 year old leaving home for the first time? Renting or saving up for a down payment on a house?,,1,0,2023-01-31,https://reddit.com/r/RealEstate/comments/10pkvaa/which_path_do_you_recommend_for_a_20_year_old/,,,,Which path do you recommend for a 20 year old leaving home for the first time? Renting or saving up for a down payment on a house?,which path do you recommend for a 20 year old leaving home for the first time? renting or saving up for a down payment on a house?,Down payment options,0.8835347,True,distilbert_stage1
10pi7uo,RealEstate,Seller Paid Closing Costs,"Let's say a home is purchased for $300,000, and the seller pays $5,000 in closing costs. From the buyer's perspective, is the basis in the home $300,000 or $295,000? The buyer actually had an outlay of $300,000, but would have actually had more if the seller didn't pay the closing costs, so I'm guessing the basis for the buyer would be $295,000.",2,6,2023-01-30,https://reddit.com/r/RealEstate/comments/10pi7uo/seller_paid_closing_costs/,,,,"Seller Paid Closing Costs Let's say a home is purchased for $300,000, and the seller pays $5,000 in closing costs. From the buyer's perspective, is the basis in the home $300,000 or $295,000? The buyer actually had an outlay of $300,000, but would have actually had more if the seller didn't pay the closing costs, so I'm guessing the basis for the buyer would be $295,000.",seller paid closing costs lets say a home is purchased for 300000 and the seller pays 5000 in closing costs. from the buyers perspective is the basis in the home 300000 or 295000? the buyer actually had an outlay of 300000 but would have actually had more if the seller didnt pay the closing costs so im guessing the basis for the buyer would be 295000.,Closing costs,0.9450972,True,distilbert_stage1
10ph5gj,RealEstate,Aspiring real estate agent,"Hey, I live in London and was wondering is it realistic to become a real estate agent without a uni degree, everywhere I look it says that it’s not a qualification and that other factors are more important. So do I actually need it or not?",0,2,2023-01-30,https://reddit.com/r/RealEstate/comments/10ph5gj/aspiring_real_estate_agent/,,,,"Aspiring real estate agent Hey, I live in London and was wondering is it realistic to become a real estate agent without a uni degree, everywhere I look it says that it’s not a qualification and that other factors are more important. So do I actually need it or not?",aspiring real estate agent hey i live in london and was wondering is it realistic to become a real estate agent without a uni degree everywhere i look it says that its not a qualification and that other factors are more important. so do i actually need it or not?,Real Estate Agents,0.77054524,True,distilbert_stage1
11eo899,RealEstate,"I bought my home for 290k and I have to sell it for 330k am I going to be taxed? Under two years of living any exceptions? I had a mortgage for 290k what are deductions? I will have selling costs like 6% agent fee, attorney fees and state taxes",,0,11,2023-02-28,https://reddit.com/r/RealEstate/comments/11eo899/i_bought_my_home_for_290k_and_i_have_to_sell_it/,,,,"I bought my home for 290k and I have to sell it for 330k am I going to be taxed? Under two years of living any exceptions? I had a mortgage for 290k what are deductions? I will have selling costs like 6% agent fee, attorney fees and state taxes",i bought my home for 290k and i have to sell it for 330k am i going to be taxed? under two years of living any exceptions? i had a mortgage for 290k what are deductions? i will have selling costs like 6 agent fee attorney fees and state taxes,Real estate tax deductions,0.9613166,True,distilbert_stage1
11enzoe,RealEstate,I bought my home for 290k and I have to sell it for 330k am I going to be taxed? Under two years of living any exceptions? I had a mortgage for 290k what are deductions,,1,1,2023-02-28,https://reddit.com/r/RealEstate/comments/11enzoe/i_bought_my_home_for_290k_and_i_have_to_sell_it/,,,,I bought my home for 290k and I have to sell it for 330k am I going to be taxed? Under two years of living any exceptions? I had a mortgage for 290k what are deductions,i bought my home for 290k and i have to sell it for 330k am i going to be taxed? under two years of living any exceptions? i had a mortgage for 290k what are deductions,Real estate tax deductions,0.9671993,True,distilbert_stage1
11eha09,RealEstate,CA Prop 19,I closed escrow on a home 8/31/2022 and applied for Prop 19 base year value transfer of property tax from prior home. The transfer has not been completed so I’ll owe $$$$ April 10th. Assessor can’t offer a timeline. Suggestions to help move things along would be appreciated.,2,3,2023-02-28,https://reddit.com/r/RealEstate/comments/11eha09/ca_prop_19/,,,,CA Prop 19 I closed escrow on a home 8/31/2022 and applied for Prop 19 base year value transfer of property tax from prior home. The transfer has not been completed so I’ll owe $$$$ April 10th. Assessor can’t offer a timeline.,ca prop 19 i closed escrow on a home 8312022 and applied for prop 19 base year value transfer of property tax from prior home. the transfer has not been completed so ill owe april 10th. assessor cant offer a timeline.,Property taxes,0.90780663,True,distilbert_stage1
11edcvw,RealEstate,In a multiple offers situation: seller's agent tells all potential buyer's agents they have a chance to improve their offers before he presents them,"I am in a multiple offers situation as a potential buyer. We submitted an offer and then the seller's agent set a deadline of the next evening to continue to entertain additional offers. He told us when we submitted ours he had ""at least one more in hand and knew there were a few more coming."" A couple hours after the deadline passed he messaged all potential buyers' agents that he would be presenting to the seller in the morning and that everyone could have a chance to improve their offers that",17,78,2023-02-28,https://reddit.com/r/RealEstate/comments/11edcvw/in_a_multiple_offers_situation_sellers_agent/,,,,"In a multiple offers situation: seller's agent tells all potential buyer's agents they have a chance to improve their offers before he presents them I am in a multiple offers situation as a potential buyer. We submitted an offer and then the seller's agent set a deadline of the next evening to continue to entertain additional offers. He told us when we submitted ours he had ""at least one more in hand and knew there were a few more coming."" A couple hours after the deadline passed he messaged all potential buyers' agents that he would be presenting to the seller in the morning and that everyone could have a chance to improve their offers that evening before he presented.",in a multiple offers situation sellers agent tells all potential buyers agents they have a chance to improve their offers before he presents them i am in a multiple offers situation as a potential buyer. we submitted an offer and then the sellers agent set a deadline of the next evening to continue to entertain additional offers. he told us when we submitted ours he had at least one more in hand and knew there were a few more coming. a couple hours after the deadline passed he messaged all potential buyers agents that he would be presenting to the seller in the morning and that everyone could have a chance to improve their offers that evening before he presented.,Real estate negotiation,0.73492396,True,distilbert_stage1
11dvveq,RealEstate,realtor loss tax deduction from spouse's W2 income,"In case a realtor cannot sell/buy houses and therefore no commissions earned in a tax year, can the losses be deducted from spouse's W2 income? The losses are business expenses such as fees, insurance, supplies, car payment/mileage etc. I heard rental losses can be deducted from W2 income but not sure about losses I mentioned above. (rental loss deduction assuming the real estate professional requirement and managing rental requirements and hours are satisfied)",2,5,2023-02-28,https://reddit.com/r/RealEstate/comments/11dvveq/realtor_loss_tax_deduction_from_spouses_w2_income/,,,,"realtor loss tax deduction from spouse's W2 income In case a realtor cannot sell/buy houses and therefore no commissions earned in a tax year, can the losses be deducted from spouse's W2 income? The losses are business expenses such as fees, insurance, supplies, car payment/mileage etc. I heard rental losses can be deducted from W2 income but not sure about losses I mentioned above.",realtor loss tax deduction from spouses w2 income in case a realtor cannot sellbuy houses and therefore no commissions earned in a tax year can the losses be deducted from spouses w2 income? the losses are business expenses such as fees insurance supplies car paymentmileage etc. i heard rental losses can be deducted from w2 income but not sure about losses i mentioned above.,Real estate tax deductions,0.9752577,True,distilbert_stage1
1282kog,RealEstate,Jumbo Loan vs Conventional 30 Year Fix Rate Mortgage for Home That's On the Border of Qualifying for the Jumbo?,"I have a weird question that I don't know the answer to. This is my first home buying experience. My wife and I just started the pre-approval process after identifying a condo we are interested in putting an offer on in Santa Monica, CA. The asking price $895,000. After speaking with our potential lender, he said that if we actually INCREASE our purchase price above $908,000 we would qualify for a jumbo loan and knock 1% off of our interest rate. It would actually make our monthly mortgage payme",0,12,2023-03-31,https://reddit.com/r/RealEstate/comments/1282kog/jumbo_loan_vs_conventional_30_year_fix_rate/,,,,"Jumbo Loan vs Conventional 30 Year Fix Rate Mortgage for Home That's On the Border of Qualifying for the Jumbo? I have a weird question that I don't know the answer to. This is my first home buying experience. My wife and I just started the pre-approval process after identifying a condo we are interested in putting an offer on in Santa Monica, CA.",jumbo loan vs conventional 30 year fix rate mortgage for home thats on the border of qualifying for the jumbo? i have a weird question that i dont know the answer to. this is my first home buying experience. my wife and i just started the preapproval process after identifying a condo we are interested in putting an offer on in santa monica ca.,Loan pre-approval,0.94525874,True,distilbert_stage1
127yoir,RealEstate,Question for realtors on creating MLS listing,"Bought a property and all sites (Trulia, Zillow, etc) listed the community pool as an amenity of the HOA. Turns out the pool is managed by a separate company along with community golf course and requires a separate from the HOA fee. When asked about this the realtor said we should have done our diligence (okay true) and that she has no control over what Zillow etc put on their listing page. Don’t those sites just pull from MLS? Would the agent not have had to input the HOA fee (which was shown",5,11,2023-03-31,https://reddit.com/r/RealEstate/comments/127yoir/question_for_realtors_on_creating_mls_listing/,,,,"Question for realtors on creating MLS listing Bought a property and all sites (Trulia, Zillow, etc) listed the community pool as an amenity of the HOA. Turns out the pool is managed by a separate company along with community golf course and requires a separate from the HOA fee. When asked about this the realtor said we should have done our diligence (okay true) and that she has no control over what Zillow etc put on their listing page.",question for realtors on creating mls listing bought a property and all sites trulia zillow etc listed the community pool as an amenity of the hoa. turns out the pool is managed by a separate company along with community golf course and requires a separate from the hoa fee. when asked about this the realtor said we should have done our diligence okay true and that she has no control over what zillow etc put on their listing page.,Homeowners associations (HOAs),0.9198373,True,distilbert_stage1
127d5is,RealEstate,Negotiating sale price after inspections,"I am looking to buy a house. It was listed at $600k and I offered $605k after touring it and talking with the sellers. Today we had a termite, house , and sewer/plumbing inspection. Termite said we are good, the house and plumbing inspector said we have a couple of major issues. #1 all plumbing needs to be replaced. The previous seller threw a lot of cooking oils, and such into the drain. Now the galvanized pipes are corroded and scaling. They said just to fix all the plumbing would cost $22k",0,52,2023-03-31,https://reddit.com/r/RealEstate/comments/127d5is/negotiating_sale_price_after_inspections/,,,,"Negotiating sale price after inspections I am looking to buy a house. It was listed at $600k and I offered $605k after touring it and talking with the sellers. Today we had a termite, house , and sewer/plumbing inspection.",negotiating sale price after inspections i am looking to buy a house. it was listed at 600k and i offered 605k after touring it and talking with the sellers. today we had a termite house and sewerplumbing inspection.,Home Inspections,0.70486355,True,distilbert_stage1
1276is6,RealEstate,"Help to decide on Cashout Refinance, HELOC, or Home Equity Loan NYC.","I have a 3.75 interest rate on an owner-occupied 2-family house in Brooklyn, NY. The second floor is a rental currently vacant until June after the renovation is completed and will be rented for about $2600. I have a HELOC that is $100,000 that will mature on 6/23. I've been checking on some refinance rates, and I've been quoted 6.75 and 6.25 interest rates. I'm trying to figure out if I should do a cashout refinance and payoff the HELOC or do another HELOC or a Home Equity Loan. The house has a",2,3,2023-03-31,https://reddit.com/r/RealEstate/comments/1276is6/help_to_decide_on_cashout_refinance_heloc_or_home/,,,,"Help to decide on Cashout Refinance, HELOC, or Home Equity Loan NYC. I have a 3.75 interest rate on an owner-occupied 2-family house in Brooklyn, NY. The second floor is a rental currently vacant until June after the renovation is completed and will be rented for about $2600. I have a HELOC that is $100,000 that will mature on 6/23.",help to decide on cashout refinance heloc or home equity loan nyc. i have a 3.75 interest rate on an owneroccupied 2family house in brooklyn ny. the second floor is a rental currently vacant until june after the renovation is completed and will be rented for about 2600. i have a heloc that is 100000 that will mature on 623.,Home equity,0.78078884,True,distilbert_stage1
126ydwv,RealEstate,HOA fees on condos,"I (27M) am a teacher living in Houston right now. The school that I teach at is fairly close to downtown, I live a block away and I really enjoy it. I’ve been saving up and am looking to buy a house. Since I enjoy living in this area and being close to work I started looking at condos since it’s one of the only available real estate in the area. However, what the fuck is up with the HOA fee’s on them? I found a condo I actually really liked for 180,000 but the HOA on that was 700 dollars a mon",30,78,2023-03-30,https://reddit.com/r/RealEstate/comments/126ydwv/hoa_fees_on_condos/,,,,"HOA fees on condos I (27M) am a teacher living in Houston right now. The school that I teach at is fairly close to downtown, I live a block away and I really enjoy it. I’ve been saving up and am looking to buy a house.",hoa fees on condos i 27m am a teacher living in houston right now. the school that i teach at is fairly close to downtown i live a block away and i really enjoy it. ive been saving up and am looking to buy a house.,HOAs,0.9475711,True,distilbert_stage1
126y8kg,RealEstate,Can I refuse to show my house to a certain realtor?,"My wife and I were contingent on a house a month ago and ended up backing out after the inspection. The realtor was a partial investor of the property and a major reason we backed out was because she lied about everything. It was a rehabbed house and they stated, ""We have impressed all our inspectors and plan to impress you too!"" Also saying they passed all inspections by the city and yelling at our inspector when he was talking to us about problems he was finding, and making nonsensical excuses",190,36,2023-03-30,https://reddit.com/r/RealEstate/comments/126y8kg/can_i_refuse_to_show_my_house_to_a_certain_realtor/,,,,"Can I refuse to show my house to a certain realtor? My wife and I were contingent on a house a month ago and ended up backing out after the inspection. The realtor was a partial investor of the property and a major reason we backed out was because she lied about everything. It was a rehabbed house and they stated, ""We have impressed all our inspectors and plan to impress you too!"" Also saying they passed all inspections by the city and yelling at our inspector when he was talking to us about problems he was finding, and making nonsensical excuses to questions I had.",can i refuse to show my house to a certain realtor? my wife and i were contingent on a house a month ago and ended up backing out after the inspection. the realtor was a partial investor of the property and a major reason we backed out was because she lied about everything. it was a rehabbed house and they stated we have impressed all our inspectors and plan to impress you too! also saying they passed all inspections by the city and yelling at our inspector when he was talking to us about problems he was finding and making nonsensical excuses to questions i had.,Home Inspections,0.72750986,True,distilbert_stage1
126us7e,RealEstate,Flood Insurance,"So I recently closed on a home that’s in a flood zone. HOA has flood insurance for the “building” and I bought for rebuilding inside. It goes through escrow, no problem and it closes. After closing, servicer starts asking my insurance agents to increase coverage (tho my insurance agents said there’s no need to increase) and then pestering me because I told them they can’t ask my insurance to charge my credit card without my consent. Servicer wants to sell my mortgage on the secondary market a",1,3,2023-03-30,https://reddit.com/r/RealEstate/comments/126us7e/flood_insurance/,,,,"Flood Insurance So I recently closed on a home that’s in a flood zone. HOA has flood insurance for the “building” and I bought for rebuilding inside. It goes through escrow, no problem and it closes.",flood insurance so i recently closed on a home thats in a flood zone. hoa has flood insurance for the building and i bought for rebuilding inside. it goes through escrow no problem and it closes.,HOAs,0.7256657,True,distilbert_stage1
